GID,AREA_KM2,LSCE_2000,LST_2000,NLST_2000,NDVI_2000,NDBI_2000,LSCE_2005,LST_2005,NLST_2005,NDVI_2005,NDBI_2005,LSCE_2010,LST_2010,NLST_2010,NDVI_2010,NDBI_2010,LSCE_2015,LST_2015,NLST_2015,NDVI_2015,NDBI_2015,LSCE_2020,LST_2020,NLST_2020,NDVI_2020,NDBI_2020,LSCE_2025,LST_2025,NLST_2025,NDVI_2025,NDBI_2025
0,0.0575999999996,166.902083333,40.6104200482,0.85651360608,0.21045223705,0.0727097322233,147.256770833,33.9951629639,0.540125654547,0.451969589572,-0.128509225731,123.503645833,42.7763239741,0.83999050304,0.295258993283,0.00786900320963,-4.47447916667,36.1199698448,0.552570693093,0.519497564062,-0.115685594908,56.821875,39.9690338373,0.63915598837,0.472393900622,-0.0668314320719,-4.73802083333,35.0846302509,0.51465135357,0.443492216873,-0.0247331986226
1,0.0576000000002,-52.628125,40.7255381942,0.864531866161,0.340565668652,0.0130509748014,-70.4802083333,36.3343169689,0.744309947556,0.396708804183,-0.0581200445331,-210.329166667,41.2795505524,0.740273827496,0.300824997947,-0.00522405253469,-67.65,35.350060761,0.504519874073,0.509655429982,-0.117965797413,-30.421875,37.0739979744,0.48472070763,0.507735095453,-0.143413087448,89.2489583333,34.590939939,0.48065721574,0.416627215687,-0.0620645574249
3,0.0576000000002,-35.6984375,38.0278658271,0.676632395802,0.292215234833,0.0108212268824,117.952083333,35.8306931853,0.700348726545,0.365800866392,-0.059799170449,82.70625,40.1596685648,0.665666069784,0.270904827397,-0.0182739504271,219.822395833,36.2190659046,0.558755380266,0.37279776088,-0.0660969733435,250.255729167,38.4502846599,0.558138527206,0.30743720429,-0.0378595057709,272.066666667,35.0561379194,0.512689451096,0.25347622321,0.0157474593698
4,0.0497313830191,-183.961904762,34.4880598954,0.430076265469,0.44810415352,-0.125255089785,-215.626190476,33.731640407,0.517122822392,0.295618708645,-0.00572878019947,-1.03385847796e-15,37.3506518773,0.478526318668,0.439596770065,-0.150496069916,12.1327380952,33.7523310866,0.404803919243,0.486520883228,-0.151750178941,-121.098214286,34.4499122756,0.344739225269,0.517611594605,-0.233747979693,-124.928571429,30.79559115,0.219320084476,0.497155905036,-0.24165073556
5,0.0576000000002,-47.6380208333,36.9763973355,0.603395046793,0.447698147502,-0.0767238134749,12.16875,36.4856178164,0.757516968778,0.351490788395,-0.0422049467452,18.7744791667,40.4216816425,0.68312166639,0.376751724863,-0.0700706704625,-78.9020833333,37.7415798903,0.653777046479,0.446791648166,-0.0870650748548,-59.1135416667,41.0591956377,0.697310516212,0.380125336349,-0.0608605798097,220.7046875,38.5902369618,0.756037653512,0.29232811369,0.0369900441729
6,0.0576000000006,-116.1875,34.5042880774,0.431206597986,0.404491466703,-0.123924243479,-44.8078125,33.9812233448,0.538908867941,0.424591450021,-0.135934941885,-26.5088541667,37.4483776689,0.48503691734,0.358891242649,-0.101455914715,54.690625,35.5100133419,0.514502679419,0.461396830622,-0.130321880803,121.06875,38.5807573199,0.565098572898,0.413597595645,-0.0829868938526,178.452083333,34.6460023522,0.484448659929,0.356911771698,-0.0426134898071
7,0.0576000000002,-227.2015625,36.9452344179,0.601224473455,0.507014136761,-0.135233397395,-67.9078125,34.8680932522,0.616323567716,0.484632689506,-0.14221411274,-136.88125,39.3128546476,0.60925040433,0.363938899478,-0.0629803384072,-55.9854166667,34.783390522,0.469153400722,0.559480021708,-0.177410230455,1.21458333333,36.5898672342,0.45889482142,0.537113699596,-0.169261826435,55.4354166667,34.2304723263,0.455836421377,0.446652798448,-0.0862892141558
9,0.0575999999991,-148.4140625,38.0073308349,0.675202083431,0.353739971528,-0.0417407475325,85.1411458333,36.1895319223,0.731671689318,0.368962058332,-0.0763676353195,25.2427083333,40.1339805126,0.66395470377,0.28219672502,-0.0349584450087,226.519791667,37.0496981144,0.610595992128,0.396863834001,-0.0645055778217,210.627083333,38.5352013707,0.562668397197,0.365775577957,-0.0325636825637,265.1859375,35.361035943,0.533683878551,0.340725788148,-0.0136591586315
10,0.0576000000001,197.93125,38.7295480371,0.725506275826,0.284511136822,-0.0111923977329,151.31875,34.9132748842,0.62026746349,0.31347601302,-0.0608818958544,215.955208333,38.9498502612,0.585066656746,0.242203139234,-0.0285619093538,212.758333333,36.0353738666,0.547290970946,0.345315363491,-0.0635046336447,160.6171875,37.7657194734,0.521620493659,0.32238468487,-0.036829164253,176.2234375,33.9656558037,0.437601894283,0.275795603404,-0.0139544948043
11,0.0569718412472,-236.5,36.8170674036,0.592297327819,0.42984329708,-0.0708475189084,-207.061904762,34.2159275479,0.559396151663,0.470783662701,-0.11145146605,-89.0301587302,38.4324071975,0.550594036277,0.321686131141,-0.0246614844063,65.9767195767,34.3048496549,0.439287172253,0.535209963719,-0.16393971795,-82.435978836,38.3007865179,0.55016356986,0.470195190774,-0.101569028508,84.9735449735,33.1297021291,0.38004045597,0.437394020103,-0.100803013507
12,0.0575999999997,-183.293229167,37.0829167366,0.610814383288,0.415130318608,-0.0892428804855,-9.68802083333,35.2142742872,0.646541642174,0.410156648839,-0.112220462208,-148.511458333,38.5372310281,0.557577514038,0.334548513638,-0.0715901491931,62.6026041667,35.6909282804,0.525793767091,0.467470040545,-0.116295361673,57.5151041667,37.4342787862,0.503939836839,0.461812084075,-0.116471477859,113.139583333,34.6712901592,0.486189907783,0.385873756371,-0.0512308730049
13,0.0576000000006,21.65625,37.3139003515,0.626902956324,0.371910074493,-0.0903984562974,-9.1609375,34.3357896209,0.569858888439,0.331927850377,-0.0870182691142,49.1734375,38.0337133408,0.524032617311,0.262012214167,-0.0646208654725,66.61875,35.3838406205,0.506628109905,0.366382113192,-0.0993319284898,48.5947916667,39.5538246632,0.6170067134,0.364229090745,-0.0808578318038,183.104166667,34.4441785812,0.470551638004,0.314524779096,-0.0403463508692
14,0.0576000000002,-124.426041667,37.4989536405,0.639792369955,0.33761183545,-0.0277200343662,16.29375,35.8595325351,0.702866107712,0.385298425797,-0.0835947540036,-53.3442708333,39.0089709759,0.589005343147,0.33872842486,-0.0601915028647,-9.6765625,34.8893757463,0.475768047744,0.484907034319,-0.149347662399,-94.0557291667,36.7196988463,0.465820670499,0.472881461261,-0.118495192488,1.46666666667,33.2236520052,0.386509582386,0.439865912311,-0.115853757002
15,0.0576000000001,-207.132291667,36.5381702185,0.57287145757,0.308782683918,0.00276787094435,-134.022395833,33.5705276132,0.503059318306,0.467384778429,-0.130129976431,-206.2671875,38.8392450809,0.577698019173,0.344818572514,-0.0604227647964,-11.1432291667,34.0484628081,0.423285805037,0.506230762461,-0.151841979939,-40.459375,35.8342178464,0.418584811155,0.454700163566,-0.123568550045,76.6046875,33.1829560101,0.383707369677,0.381247983081,-0.0799112021468
16,0.0575999999996,-187.217708333,38.2529476881,0.692309897262,0.401433387073,-0.0337214362044,-44.5614583333,36.636598289,0.770696024531,0.402586515527,-0.0575919410621,-47.1911458333,40.7170205712,0.702797467483,0.306684931507,-0.00718446422161,94.6572916667,36.0867776871,0.550499136337,0.445624973625,-0.0773628831594,97.9229166667,38.9922013283,0.587046995628,0.411652647657,-0.075613787063,176.710416667,34.6601814032,0.485424989826,0.341471333988,-0.0180425167008
17,0.0576000000006,-59.846875,38.3700948954,0.70046948642,0.288734824397,0.0265859343672,-6.1015625,35.6213927269,0.682078930696,0.422428104561,-0.108102125298,78.5010416667,40.016217649,0.656109213535,0.30170059693,-0.0355458843223,-61.5885416667,35.4099562764,0.508258014891,0.50780112762,-0.132034165387,-14.1453125,38.9348961711,0.583990060081,0.441076690331,-0.0662246338034,187.1375,36.1654987335,0.58907694242,0.372029552003,-0.0212600403374
18,0.0576000000001,-173.015104167,37.4023416638,0.633063109775,0.416938774288,-0.0833194147303,-142.10625,34.3099945784,0.567607244252,0.416896868264,-0.110718395852,-131.7421875,39.6413042545,0.631132074867,0.337827231036,-0.0544870642043,68.6583333333,34.5364120007,0.453739216787,0.486511682393,-0.15601806296,-56.6901041667,36.4862587452,0.453367841151,0.469116499415,-0.134230978736,-7.94635416667,33.8103764057,0.426909788059,0.421133233351,-0.0988376484165
19,0.0576000000002,-67.4953125,36.6775878668,0.58258223735,0.432193308137,-0.114641854731,25.78125,35.0549094081,0.63263071322,0.393051533261,-0.109012053936,34.9307291667,38.6517343521,0.565205850194,0.324782542652,-0.0663445869031,157.082291667,35.8539249301,0.535966555908,0.447794644861,-0.126266345738,118.364583333,37.2571823597,0.494492652888,0.459223218262,-0.136969768544,161.883333333,34.5344087481,0.476764635619,0.339857563144,-0.053011729485
20,0.0312718674828,61.718627451,37.8795286066,0.666300346034,0.41073059466,-0.0721784160911,47.6558823529,35.1573781406,0.641575188728,0.439189480508,-0.115645386005,-101.02745098,37.4590120877,0.485745393903,0.408040002865,-0.0974971247727,-76.8705882353,35.0558424557,0.486157406561,0.50322986438,-0.125827310639,-165.72254902,39.1057436326,0.593103893875,0.469198187484,-0.109945801498,-53.5117647059,33.6114777958,0.413214184565,0.488306704689,-0.127349040197
21,0.0576000000001,-213.823958333,35.5231247544,0.502171061402,0.411588004557,-0.0995264711746,-179.569270833,32.4873893559,0.408512392874,0.442679616855,-0.140145057019,-192.992708333,36.3571743369,0.412339762901,0.424174923566,-0.140075330346,-187.177604167,32.8029950857,0.345554881502,0.584399683634,-0.2479760692,-194.058333333,34.9517813325,0.371511359491,0.573244111551,-0.239827899703,-226.909375,31.8501418531,0.291933504438,0.543623179197,-0.186059345055
22,0.0575999999997,-185.046354167,34.6246395111,0.439589369347,0.439792442834,-0.185608010606,-130.825520833,33.5829703808,0.504145445044,0.398476606933,-0.141956084452,-113.4375,36.1822685599,0.400687349543,0.392777109519,-0.162331006759,-1.12864583333,34.2479630113,0.435736818223,0.484684310155,-0.179083154595,-0.8421875,35.6553062797,0.409040798802,0.425252234796,-0.144089294816,206.943229167,33.4871596694,0.404653985143,0.337271074764,-0.0601643576086
23,0.0515370074007,-71.7058479532,40.0526700605,0.817664956942,0.308987739839,0.0312154579539,-114.740935673,36.4725941441,0.756380134976,0.354420902436,-0.016663629672,6.20116959064,42.8020479303,0.841704261014,0.239735938478,0.0428619947787,40.4555555556,35.1477517245,0.491893558705,0.505068856373,-0.102993889761,19.6005847953,39.8263911866,0.631546736241,0.433183181704,-0.0544166581699,15.4385964912,33.1843388206,0.383802586152,0.516285412667,-0.14617556412
24,0.0278702000602,-24.3260416667,39.4286929369,0.774203426002,0.211735236458,0.0202753634367,-72.5083333333,37.2392915487,0.823305000627,0.342919754796,-0.0172921623162,-91.609375,41.8599207401,0.778938721505,0.247254336253,0.0215555342547,-142.702083333,36.1382613182,0.55371228279,0.46736274194,-0.0759414524582,-22.1260416667,37.0429685116,0.483065445303,0.48549815733,-0.0906809567678,116.852083333,33.5993666649,0.412380245874,0.491964102723,-0.106738930801
25,0.0572921383293,16.8322916667,40.5670007467,0.853489345664,0.27507605101,0.0431898401448,-43.93125,36.4222242832,0.751983359731,0.352329430636,-0.0174364729348,68.6984375,42.9394268394,0.850856593561,0.270099341404,0.0198975428948,-21.9770833333,34.8664909005,0.474339780948,0.507403668948,-0.113102867814,-42.3786458333,39.7456077337,0.627237354313,0.431741093053,-0.0522330236545,-27.5859375,34.7928166389,0.494557882203,0.447658957914,-0.0611628783263
26,0.0576000000002,-160.978125,37.7000293732,0.653797785934,0.397948196391,-0.0814518020277,-32.0260416667,35.5440067649,0.675323925294,0.404532065615,-0.105415292666,6.43958333333,39.3940861821,0.614662137629,0.31444561528,-0.0462591356136,114.8296875,35.7687681913,0.53065183612,0.426515932195,-0.098114713784,60.0359375,37.7922093272,0.523033591185,0.379694917006,-0.0639301446745,186.060416667,35.2747309208,0.52774115545,0.318650225177,-0.0180891277782
27,0.0417275979031,-105.153623188,39.2781683051,0.763719017689,0.377573935558,-0.0334589598528,-50.5362318841,35.3863063481,0.661558286927,0.453731867282,-0.130190193089,13.184057971,41.3579580058,0.745497417442,0.302843334234,-0.00481125294375,9.93985507246,35.1039854962,0.489162063311,0.504949021599,-0.120606641254,-161.723913043,35.4965745677,0.400573277964,0.566648257815,-0.170945822788,-13.2717391304,33.5397955024,0.408278341784,0.501398969604,-0.116401269742
28,0.0575938591545,120.375520833,35.3529714346,0.490319467018,0.242196354317,-0.00578518706607,-66.9567708333,33.6467923522,0.509716452376,0.386138433125,-0.0909784031101,-142.610416667,38.8365204334,0.577516500188,0.289002271486,-0.0240192420351,-75.0864583333,35.7692222595,0.530680174983,0.457647135481,-0.120561436961,-134.532291667,36.9186915755,0.476435909636,0.461214021314,-0.126732073797,-68.2401041667,34.0035479069,0.440211038816,0.397767945251,-0.0731354050004
29,0.0576000000001,251.034895833,37.8667111993,0.665407582301,0.205723263789,0.0309820207131,236.597395833,36.2505221963,0.736995518335,0.231179201743,0.000780568329901,236.597395833,39.8286553025,0.643613605734,0.187889953144,0.00960146355646,250.358854167,37.1204616427,0.615012416827,0.266474667471,-0.0107634627238,223.511979167,38.8669627905,0.580366163452,0.28854608559,-0.00730802651924,250.358854167,35.2998054028,0.529467714338,0.241599475732,0.0180815706626
30,0.0576000000002,93.7463541667,37.5003425479,0.63988911075,0.328198920703,-0.0348702395277,11.8307291667,35.0622262955,0.63326940288,0.358288812451,-0.0797007020815,157.133854167,39.2028903961,0.601924466128,0.264867762569,-0.0270483443855,176.320833333,36.1037341952,0.551557409478,0.37973073218,-0.0773867466307,170.505729167,37.5689700842,0.511124925179,0.362921140855,-0.0719492336877,170.116145833,34.307030499,0.461108003606,0.301675259601,-0.0315759839955
31,0.0576000000002,138.330729167,37.1744558215,0.617190304168,0.326849421486,-0.0318558199333,31.934375,35.6657199264,0.685948243218,0.372243863298,-0.0901163263952,46.8473958333,39.4028432369,0.615245542158,0.299122700002,-0.0621514806917,170.454166667,35.9834092259,0.544047804196,0.417717050295,-0.104780467045,79.5953125,37.6982136965,0.51801940749,0.386072974885,-0.0843857661639,145.990625,34.6057868004,0.481679529201,0.325377956498,-0.0369650647044
32,0.0575999999996,-166.386458333,35.3970319629,0.493388390446,0.374187223148,-0.081469626959,-186.6390625,33.362242341,0.484878137871,0.418098187074,-0.126127337746,-158.010416667,37.6290529966,0.497073704456,0.351492377464,-0.0880405419739,-115.1734375,33.004978776,0.358160891678,0.498676232528,-0.169308212935,-43.5703125,36.0130766034,0.42812600638,0.408508082386,-0.0899808764443,88.9625,33.9598079324,0.437199226176,0.363938650116,-0.0384313420125
33,0.0576000000006,-172.2015625,34.5445029736,0.434007663745,0.429912614636,-0.125660572683,-163.241145833,32.8898605704,0.443644026028,0.485711788759,-0.179993961336,-159.6546875,36.1768750548,0.400328028359,0.447912673932,-0.152868795936,-18.940625,33.7778515816,0.406396679625,0.535399759654,-0.197448343213,31.1380208333,35.634103477,0.407909738278,0.42717335117,-0.131195490801,88.3208333333,33.1560388207,0.381853927098,0.342033072142,-0.0468130569334
34,0.0575999999996,243.764583333,38.8194845915,0.731770576543,0.201049329946,0.0448745287504,228.651041667,37.0625693798,0.807878957262,0.227754117455,0.0118296132496,221.953645833,40.760012269,0.705661621214,0.169992854819,0.0375596799604,214.683333333,38.2385812998,0.684795416418,0.215670290636,0.0381610810909,201.311458333,39.9196063876,0.636519288021,0.21002629993,0.0419357670535,236.597395833,35.9745438695,0.575928323113,0.198462172411,0.0537058224581
35,0.0576000000002,-25.8385416667,39.4980681539,0.779035579336,0.268904621014,0.0324732209374,25.0020833333,34.4944607019,0.583709255896,0.449170837179,-0.118151863135,50.9208333333,42.3483231068,0.811476619106,0.291980115464,0.00208609415859,-19.5020833333,35.7009419203,0.526418728675,0.528204867616,-0.124498224584,-76.2208333333,38.5974736214,0.565990301646,0.495096630417,-0.0799763041504,-101.8875,34.5498701334,0.477829263481,0.468532229774,-0.0746345512562
36,0.0576000000001,-100.346354167,35.8786522746,0.526934421681,0.36653976189,-0.0393754610577,-83.8635416667,33.7953691483,0.52268569168,0.449378922582,-0.116707183362,-43.9942708333,39.4706711173,0.619764309422,0.328058844432,-0.0528321075853,113.7640625,35.0801439881,0.487674090234,0.456019726116,-0.113949893654,68.5552083333,37.8037453294,0.523648977597,0.429684624542,-0.0976528134852,161.883333333,34.3227321506,0.462189175537,0.384367328603,-0.0537939619862
37,0.0576000000006,-105.645833333,39.0378372073,0.746979369637,0.340605777455,0.0036694344999,-126.202083333,35.4919887185,0.670783280257,0.434553636704,-0.101653452046,-64.0348958333,38.3354080319,0.544131846223,0.367730702739,-0.0573027766877,0.939583333333,34.5464522839,0.454365841205,0.558209269308,-0.187539306819,-110.309375,36.7466691732,0.467259398792,0.531130456366,-0.163228209931,-54.209375,32.6952742338,0.350126962851,0.527312404942,-0.171079792199
38,0.0576000000002,-194.636979167,37.5119048357,0.640694452341,0.464643716812,-0.116825797875,-112.1140625,35.0779813528,0.634644658736,0.431591829285,-0.119857542988,-125.061979167,38.8790866137,0.580352305475,0.346379898954,-0.0508981380444,112.125520833,35.463496089,0.511599489746,0.498847596347,-0.139912692015,-36.3859375,37.2854878306,0.496002604252,0.527602686547,-0.155505663844,13.0338541667,34.6619974375,0.485550036883,0.416385948192,-0.0616918283049
39,0.0575999999986,-168.3,30.3637037575,0.142804785312,-0.067298986949,-0.243209337117,-78.546875,36.4655904174,0.755768781053,0.251301747048,-0.00551742589903,-70.4401041667,43.2918567657,0.874335859101,0.145118529093,0.0880636952643,-168.3,27.3558727503,0.00559436536721,-0.148597963154,-0.299480614951,-167.394791667,39.2601421773,0.601340262519,0.0674008491915,-0.0138101714838,-148.047395833,30.0087370276,0.165139504379,0.101126182719,-0.154591865697
40,0.0178451428427,-109.358333333,39.773282814,0.798204952723,0.271614001691,0.05808275952,-33.0733333333,38.5609111786,0.938668918166,0.313879749924,0.0138112856308,-71.9766666667,42.221269989,0.803012202023,0.23985215649,0.0310295989038,-42.0566666667,36.2511842728,0.560759920708,0.457325471938,-0.091827924829,-236.5,37.0826181412,0.485180549214,0.496766865253,-0.0984509762377,-139.278333333,33.5672693253,0.410170112596,0.488368685544,-0.104728236981
41,0.0576000000002,-46.7614583333,37.935071826,0.670169066944,0.36543881637,-0.0197318987248,-88.6875,36.2664375305,0.73838476473,0.366187351523,-0.0455296522759,-79.3145833333,40.3822666407,0.680495796037,0.306657743175,-0.00998762993277,-96.765625,35.3407681584,0.503939913176,0.461136922124,-0.103094838654,-57.0796875,36.7336377501,0.466564239361,0.466405432097,-0.110021410252,109.8453125,33.3073398173,0.392272091697,0.442743847147,-0.105360753128
42,0.0576000000002,-57.4921875,39.6851513982,0.792066384318,0.346498375991,0.007010398376,-36.9130208333,35.2566264868,0.650238557343,0.421863239724,-0.0854655243165,-86.9229166667,41.0801320076,0.726988346851,0.303638780722,-0.0057279781222,-33.2291666667,35.3507815003,0.504564856159,0.507357538678,-0.118040372152,-100.111458333,36.9178372622,0.47639033641,0.494167433586,-0.106754312565,-105.622916667,33.1263450384,0.379809296072,0.489561983384,-0.11923787032
43,0.0576000000001,148.408333333,37.8850034475,0.666681682076,0.31652628514,-0.0552127121482,128.5453125,35.3840003014,0.661356992564,0.324255088111,-0.0673803848495,124.861458333,39.8927431107,0.647883205312,0.248011357849,-0.0228939659773,182.714583333,36.0903292298,0.550720791779,0.353782925522,-0.0679515286101,166.821875,38.2959934473,0.549907884183,0.312624963931,-0.0504573584694,218.183854167,35.3368425965,0.532017992194,0.246923153987,0.000991316017462
44,0.0576000000002,-37.9786458333,37.7851064205,0.659723610112,0.325355398469,-0.0248498553783,48.7552083333,35.652582407,0.684801471738,0.323743192479,-0.0614785938637,19.0494791667,39.5771644115,0.62685900867,0.292304625735,-0.035262048892,111.260416667,36.6394554377,0.584992324074,0.38566596061,-0.0686028994696,88.9109375,38.5547484756,0.563711134754,0.384449304314,-0.0716226966767,236.0703125,35.3096322417,0.530144363059,0.29716442572,-0.0107802034436
45,0.0573927019206,-223.414583333,39.573985517,0.784323409135,0.337085773237,0.00345739334261,-7.93489583333,36.3179212809,0.742878771171,0.402258524671,-0.0831033664872,-108.430208333,39.0347663164,0.590723856829,0.331831181888,-0.0388774793882,-25.2541666667,35.0141336918,0.483554319641,0.525003113784,-0.163220326183,-129.009375,36.1389023662,0.434838163989,0.555877265986,-0.168887016283,-32.1177083333,34.8136184216,0.495990234931,0.387594423722,-0.0641709377127
46,0.0504002258929,-187.982142857,35.7259324619,0.516297113654,0.369898954672,-0.0539647896273,-63.7345238095,34.8286407334,0.612879765116,0.400965102549,-0.0976418530835,-123.206547619,37.9094971248,0.515757197716,0.31849085646,-0.0493528021741,2.82857142857,33.8426645824,0.410441725771,0.505872919623,-0.17325724801,-45.5714285714,35.2538792746,0.387626731706,0.47463951047,-0.150187552175,43.2535714286,32.4614180497,0.334024278305,0.452117479805,-0.133124417126
47,0.0576000000001,213.904166667,36.4780343175,0.568682845164,0.308721494628,0.00120855103069,165.48125,34.5948653817,0.592473560645,0.339731058106,-0.0526882985996,124.2828125,39.7711889148,0.639785132394,0.266816241434,-0.00216417433239,138.6,36.5557140112,0.579765935385,0.353864448844,-0.0484163625323,129.3015625,38.0647964478,0.537574712774,0.40197500377,-0.0770079001304,170.505729167,34.3093804121,0.461269812069,0.333706937497,-0.0228411491712
48,0.0575999999997,-132.3265625,35.8297585249,0.523528852574,0.242289198679,-0.0339355984634,-141.636458333,33.044526279,0.457144765305,0.359176144935,-0.106804795931,-122.7359375,37.2469285131,0.471616155176,0.284966056352,-0.0828672688822,-98.7479166667,32.9364313483,0.353882776106,0.452255664044,-0.200277829019,-121.383854167,35.3940944076,0.395106488241,0.422090595006,-0.135119925995,-48.0791666667,32.9595295489,0.36832284676,0.346640913514,-0.0644192380096
49,0.0575999999986,124.466145833,35.7921868563,0.520911894072,0.382128796075,-0.046312657566,-42.1380208333,34.1554365754,0.554115906574,0.455517080612,-0.121850244534,-163.527604167,38.1148383617,0.529437254564,0.383056170773,-0.0766800270994,6.9609375,34.5782289505,0.456349055703,0.524645791389,-0.171669310977,-11.5385416667,36.662874341,0.462789375258,0.424930465873,-0.0942640412031,115.436979167,33.7349127531,0.42171357143,0.3845823179,-0.0489471415131
50,0.0576000000006,49.5171875,38.8188438416,0.731725946745,0.395367363002,-0.0631214330133,35.6697916667,34.6514754295,0.597415040584,0.407579563558,-0.0884369808963,90.3661458333,39.850925684,0.645097282802,0.311106019421,-0.0359073942145,150.975,35.7683143616,0.530623512137,0.426995152608,-0.100780441809,107.324479167,40.2026880383,0.651620238846,0.431373798987,-0.0897261939244,105.869270833,34.1032313108,0.447074959967,0.384022125509,-0.0652390298928
51,0.0575999999996,-153.5875,37.2898672223,0.625228990165,0.355550601147,-0.0517246928769,-114.972916667,35.6390166879,0.683617322783,0.380896886811,-0.0867978102451,-100.403645833,38.1425024867,0.5312802687,0.314631952904,-0.0611262880375,-52.525,34.6178300381,0.458820600373,0.451449972345,-0.158080421505,-34.6041666667,36.2317764163,0.439792517125,0.423689961026,-0.120907682664,97.3385416667,34.0532960296,0.443636555783,0.327601104742,-0.0443281975922
52,0.0575999999996,-109.066145833,36.1941248775,0.548907859119,0.27145254286,-0.0751290464632,-171.53125,33.939140141,0.535235433359,0.309223158518,-0.106785282864,-149.141666667,37.5614397526,0.492569236498,0.233417637181,-0.0917468676271,-154.859375,32.8921040595,0.351116264346,0.359568851651,-0.223159923597,-172.694270833,34.7967419326,0.363240804521,0.332271194093,-0.184069662861,-165.234895833,30.4929473698,0.198480877935,0.380743354966,-0.243586279918
53,0.0575999999996,141.201041667,36.9335918427,0.600413539647,0.300408330513,-0.00147625217141,146.254166667,35.106767714,0.637157414545,0.34364956955,-0.045602024702,52.2729166667,39.2330647707,0.603934715827,0.275051391101,-0.0109417334843,62.4135416667,36.8124392033,0.595788419079,0.385673956247,-0.0619397377559,116.009895833,38.2542294264,0.547679988363,0.379991217284,-0.0640234713319,197.335416667,35.1316280961,0.517887494098,0.294235957321,0.0158373389522
54,0.0576000000001,-11.1947916667,36.1880098581,0.548481933085,0.475133110303,-0.161031264579,-164.7421875,33.3116123676,0.48045865745,0.470501657808,-0.158286568651,15.74375,38.8703274727,0.579768761964,0.352052325848,-0.102136424561,63.9088541667,34.5868812203,0.456889052777,0.521962336672,-0.197290499462,62.4536458333,36.2634999156,0.441484802731,0.511278160993,-0.177834781352,-97.4875,33.7361677587,0.421799987615,0.433639800424,-0.128345277932
57,0.0576000000012,-171.072916667,39.5597264171,0.78333022799,0.306104752235,0.0230838665811,-98.1520833333,37.1114895344,0.812149187932,0.35271742614,-0.0452109964317,-122.919270833,39.7421367168,0.637849643326,0.289158933563,-0.000422048335167,39.4166666667,35.0622262359,0.486555824858,0.54065653868,-0.175916684806,-181.351041667,36.2607761025,0.441339501307,0.550961894449,-0.149933987064,10.9770833333,34.7938314676,0.494627760476,0.372166191461,-0.0485249251869
58,0.0144830411766,-211.868627451,37.8722913405,0.665796252771,0.383946124245,-0.0445444405298,-102.774509804,34.2172218772,0.559509133411,0.38435568529,-0.104682468645,-29.8294117647,38.6446631936,0.564734761916,0.386458479306,-0.0989647974425,54.8274509804,34.4019954906,0.445350143929,0.469370848992,-0.139139967587,95.1176470588,36.9465096418,0.477919860465,0.427599743885,-0.106412095922,156.415686275,33.3058162016,0.392167179771,0.32567284563,-0.0515953278279
59,0.0576000000008,-133.672916667,38.1490185857,0.685070981396,0.313707848312,0.00068132433762,-37.7265625,34.1521784663,0.553831506873,0.460518287495,-0.116365399503,-149.090104167,39.5984726548,0.628278587044,0.351593608037,-0.0552903338794,91.6322916667,34.1861980557,0.431882003724,0.520321998745,-0.15055676538,-101.411979167,35.9039667249,0.422305555263,0.512026074808,-0.136786857918,-44.721875,33.0651146173,0.375593140067,0.45438178489,-0.0995965152397
60,0.0576000000002,-208.925520833,37.9550992846,0.671564028365,0.441287895199,-0.0644625462483,-123.898958333,33.813634336,0.524280056325,0.428428513464,-0.104981252517,-69.6265625,40.0327204466,0.657208647886,0.291307587642,-0.0265567337919,98.7994791667,35.1023344994,0.489059022898,0.48417606391,-0.126275493385,42.5505208333,37.2634843588,0.494828832143,0.451015296392,-0.0939408673148,87.5588541667,34.4488252997,0.470871598079,0.396858694963,-0.0683338892304
61,0.0576000000002,-119.521875,37.3676272631,0.63064516696,0.322153540095,-0.0127175473253,-99.5041666667,36.0002589822,0.7151500916,0.391850187909,-0.0789885323402,-63.9489583333,41.6501392722,0.764962851633,0.269105375512,0.0225955883616,-147.216666667,35.9896576405,0.544437774182,0.479967158753,-0.100710554583,-138.811979167,37.687638998,0.517455301689,0.481027076021,-0.0822828658183,-121.991145833,34.0853664875,0.445844838062,0.452194420155,-0.0673882880292
63,0.0576000000008,203.746354167,37.3999379873,0.632895687834,0.341967277694,-0.0686488112842,144.438020833,34.811054647,0.611344679086,0.340743039502,-0.0900863580546,156.646875,38.6372611523,0.564241629857,0.291633309564,-0.0777450771293,246.4859375,37.1478324533,0.616720657306,0.399151136866,-0.0980259323978,218.5734375,38.8233832121,0.578041416975,0.377621617401,-0.071413548827,241.346875,35.3803687692,0.535015083034,0.335812533973,-0.0399117351681
64,0.0576000000001,74.2729166667,36.7160938978,0.585264276476,0.339358044323,-0.0721562464933,-6.54270833333,34.7883037329,0.609358756269,0.334830833366,-0.0836054420161,84.6427083333,37.9673299789,0.519610085446,0.287956727436,-0.0576477113736,123.979166667,35.0326654315,0.484710904606,0.368918644264,-0.0981816332901,57.8875,37.165964067,0.489626625899,0.390250410419,-0.096373616303,151.31875,33.8803388476,0.431727206664,0.3351390725,-0.0725320909532
65,0.05673849858,-139.3390625,36.3911682963,0.562632414591,0.314654007321,-0.0355645154568,18.8489583333,35.3355080485,0.657124113353,0.411514857784,-0.0914793038201,-50.5369791667,39.6591965556,0.632324079452,0.291776867583,-0.0177415383678,131.3640625,35.232753098,0.497198581987,0.450790753588,-0.10975266427,41.6223958333,39.3823361397,0.607858682245,0.433418714209,-0.099641632215,98.3125,34.3931220174,0.467036025429,0.378826675471,-0.0615731368725
66,0.0576000000008,10.9026041667,37.3488816619,0.629339490045,0.395356819499,-0.0738579207791,-22.2864583333,34.0504924655,0.544955355861,0.436802089214,-0.118056087827,-44.721875,38.702524066,0.568589516248,0.333462362178,-0.0709023602758,177.776041667,34.8682001829,0.474446459023,0.473116392735,-0.131839799076,42.6880208333,37.1495680809,0.488751984328,0.426935927942,-0.0970225634592,106.258854167,34.152872622,0.45049312219,0.361812414601,-0.0595082123373
67,0.0575999999986,240.28125,36.1197827458,0.543729748046,0.305093963863,-0.00822659079313,176.710416667,34.1099864244,0.550148571836,0.346925748512,-0.0634489740451,83.4854166667,38.1772166491,0.533592964004,0.312640495598,-0.0500366528177,249.293229167,35.0051075816,0.482990990807,0.451882346999,-0.12490493364,29.1098958333,36.3843590021,0.447932013695,0.46069416916,-0.122822263449,160.817708333,33.3250974417,0.393494832181,0.40767918434,-0.0925881362155
68,0.0318968317281,246.216666667,37.2354218165,0.621436734649,0.164700405051,0.0477530197014,257.939814815,35.5166335636,0.672934523935,0.233167332908,0.0154049783402,216.761111111,41.3830946816,0.747172050161,0.213099680013,0.000818344819385,232.089814815,37.2830846575,0.625161886696,0.314509650485,-0.0305957695285,217.962962963,38.7475159963,0.573994291024,0.349178498404,-0.0621653158952,255.444444444,34.9758734173,0.507162661363,0.329338781122,-0.04661039902
69,0.0575255852534,-219.152083333,36.8600777388,0.595293102728,0.288668915513,0.0367226148792,-151.656770833,33.2192194462,0.47239369751,0.446258218493,-0.10568290517,-40.596875,41.0411977172,0.724394502019,0.244412121363,0.0475890417874,-85.2041666667,34.566372931,0.455609109314,0.469310232107,-0.101499512588,-17.6,35.889226675,0.421519249378,0.501015432179,-0.102757626884,-204.1359375,31.8990622461,0.295302026246,0.488027224783,-0.133711781149
70,0.0576000000002,-180.675,39.349491477,0.768686850844,0.389046834782,-0.0385900299789,-27.8380208333,35.4225075841,0.6647182857,0.392374350224,-0.0710232947522,-119.183854167,39.0483856201,0.591631189675,0.327398776542,-0.0441681782804,56.1114583333,35.4705726504,0.512041145236,0.477049421053,-0.111048341205,141.5390625,37.5838168263,0.51191692255,0.395023553632,-0.0576859095308,146.225520833,34.1072366834,0.447350758747,0.381356160855,-0.0471750001061
71,0.0575999999991,16.70625,34.2187229395,0.411316288543,0.376349772792,-0.122787874046,-16.7177083333,33.1972694993,0.470477690964,0.374204304302,-0.123302958295,33.7677083333,36.7297391295,0.437160435158,0.338391519617,-0.111029408887,114.256770833,34.5884831548,0.456989031155,0.425229191314,-0.136091585788,20.4932291667,37.727053225,0.519557848083,0.429636587622,-0.139461812711,173.123958333,33.4892957807,0.404801071806,0.380196140381,-0.0815703238914
73,0.0576000000006,-1.99947916667,37.4819439054,0.638607600352,0.407318456331,-0.0490657340279,27.70625,35.1985735893,0.645171131343,0.361353107961,-0.0648037929786,-11.584375,39.3954743147,0.614754616533,0.312173189828,-0.0361108496872,124.466145833,35.8438044786,0.535334928107,0.474828296341,-0.127661852785,27.0817708333,36.9783466458,0.479618200967,0.468265330419,-0.124775512431,59.6463541667,33.6977952123,0.4191577611,0.393426490249,-0.0716382846598
74,0.0576000000008,37.1880208333,35.0749101043,0.470951816101,0.478824057616,-0.196421032113,20.28125,32.6373546422,0.421602833214,0.529218593612,-0.223242705863,-47.8270833333,36.7629585266,0.439373547571,0.423597304616,-0.152222160934,110.922395833,35.5153003931,0.514832649731,0.512450424954,-0.164908431296,60.9125,37.0836645365,0.485236369024,0.472431664355,-0.130007259242,92.021875,34.6673645973,0.48591960454,0.411306296475,-0.0852589718488
75,0.0547681675123,-104.602185792,38.9099222402,0.738069779702,0.37261957663,-0.0397398903905,42.5213114754,33.1216171765,0.463874014586,0.48367810005,-0.17307665993,-44.2945355191,37.420085907,0.483152089351,0.343661265539,-0.0432978579355,-73.7540983607,34.7557669468,0.467429384935,0.553743580814,-0.166431205323,0.306557377049,36.410396701,0.449320991078,0.560529975129,-0.192491674338,-155.1,32.9514445946,0.367766139359,0.5690258971,-0.190682127339
76,0.0576000000002,-182.279166667,35.9761725664,0.533726948232,0.396842614748,-0.0849836552984,-139.2875,34.1839024723,0.556600689111,0.454656528775,-0.122736803232,-155.970833333,39.5054389238,0.62208057856,0.370027986821,-0.0741071074426,13.0453125,34.0225605369,0.421669217604,0.582420655992,-0.18254295981,-210.919270833,35.6803537607,0.410376953155,0.592797724064,-0.1962470297,-165.458333333,32.8526896238,0.360966147529,0.530951536726,-0.147914965171
78,0.0576000000001,-45.7875,37.2184627056,0.620255491147,0.424814974889,-0.101803143283,-96.4734375,33.8161971569,0.524503764459,0.417178768665,-0.11528121095,14.0994791667,38.9459512234,0.584806898599,0.303531263955,-0.0475106388894,125.886979167,35.4383685589,0.510031254708,0.442240041913,-0.112361856554,93.4598958333,37.213175416,0.492145108668,0.44001125358,-0.110731553466,169.8296875,34.3762988448,0.46587762869,0.35493861977,-0.0460520011885
80,0.0501059478993,-194.300595238,39.9124269485,0.807896681599,0.367308645908,-0.0119305539826,-90.6779761905,34.6305794035,0.595591030579,0.419745593731,-0.0787196456347,-76.7839285714,42.0267475673,0.790052906429,0.293557873794,-0.00653207706117,-10.6071428571,34.7036086491,0.46417413185,0.52108789874,-0.132984485444,-105.495238095,37.3687789781,0.500445758792,0.548645195684,-0.163828605503,-76.2404761905,33.6618451391,0.416682339337,0.462033871029,-0.110055042057
82,0.0576000000001,-171.072916667,36.5835919976,0.576035195446,0.49422815349,-0.103972276254,-66.3895833333,34.3637214899,0.572297055793,0.517685155384,-0.14079024794,32.2723958333,40.3604767919,0.679044132578,0.348331375979,-0.00274338425152,-156.9734375,34.7319598794,0.465943561337,0.574499842245,-0.160512238042,-196.1953125,36.5241773129,0.455390601807,0.586911620107,-0.185214190802,-17.3307291667,32.0610977113,0.306459336417,0.462751002749,-0.192583965021
83,0.0576000000008,-119.000520833,38.0887492895,0.680873077689,0.40312173916,-0.0204825186006,75.2640625,34.5934237242,0.592347718641,0.403831010219,-0.081260752544,19.9145833333,38.5598761439,0.559086156319,0.30316551053,-0.0214498990126,52.2729166667,35.4435219169,0.510352881088,0.47828067583,-0.141353739513,-13.3260416667,36.0975121856,0.432630210629,0.472315428779,-0.152390987729,227.585416667,33.355646193,0.39559833399,0.331150735496,-0.0513368882821
84,0.0576000000006,272.066666667,38.0916600227,0.681075817369,0.20771692181,0.0321913541011,236.2078125,37.0572814345,0.807417373559,0.233161170734,-0.00774553315023,243.764583333,40.4190114737,0.682943776831,0.188508101972,0.0148786681693,257.239583333,38.1652542949,0.680219002506,0.23410797026,0.0240639195272,243.764583333,39.1124197841,0.593460032236,0.226672077551,0.0252238813609,258.305208333,35.3672843575,0.534114126946,0.212185069686,0.0248995375277
85,0.0575999999996,-171.325,36.8262448907,0.592936562211,0.40838387236,-0.0308503811284,-89.753125,33.9358825088,0.53495107528,0.519569639582,-0.127888136485,105.645833333,40.1332862973,0.663908454391,0.396525549237,-0.0416650313309,-171.4625,35.1789996028,0.493843770978,0.563703454565,-0.133014720806,-149.124479167,37.0832374096,0.485213584001,0.508793814108,-0.10408906368,6.26770833333,33.8980697691,0.432948108462,0.470164207276,-0.0654829742361
86,0.0576000000001,144.0484375,37.1667649746,0.616654617892,0.408193545416,-0.122609760838,3.53489583333,34.5159842372,0.585588041055,0.418603457278,-0.134547343465,95.2072916667,38.0745697618,0.526754516575,0.35150921368,-0.106728277253,108.138020833,35.4623479843,0.511527835351,0.493646706338,-0.184890023829,122.340625,37.3741961718,0.500734738227,0.468600148801,-0.163975874383,63.9088541667,34.0782902241,0.4453575863,0.416329188622,-0.124560593613
87,0.0576000000002,-84.4765625,38.2738831639,0.693768104295,0.349426941248,-0.0347571335988,-17.2333333333,34.8807238936,0.617426093925,0.382069091313,-0.0933276828582,-88.6130208333,38.542945087,0.557958190864,0.33658393193,-0.0783733977187,149.726041667,35.126581192,0.490572283964,0.405182830524,-0.0884229304841,79.2057291667,37.5775681138,0.511583585858,0.349209238542,-0.0408216767391,208.444270833,34.278778553,0.45916265341,0.293580678524,-0.017100865718
88,0.0576000000001,250.255729167,37.7711141109,0.658749011569,0.169411773211,0.0635692983742,203.253645833,35.2763863206,0.65196338935,0.210999025032,0.0172355917784,198.6875,40.7651385665,0.706003140734,0.157820864464,0.0350022534494,192.093229167,38.4931439161,0.700682931534,0.236876421375,0.0251963339579,170.282291667,39.8036074042,0.630331338575,0.253481122665,0.009395801344,272.066666667,35.5585867167,0.547286673795,0.256311324192,0.017130282009
89,0.0575999999996,64.1953125,38.6485034823,0.719861324611,0.309874754632,-0.0432726199942,62.253125,36.8776761889,0.791739666998,0.322947907029,-0.0695154158893,88.6989583333,40.8047126532,0.70863960949,0.247745028697,-0.0326879347085,202.9671875,37.7819287777,0.656295262108,0.358503510011,-0.058048943381,113.7984375,40.5601648688,0.670689790067,0.33658216754,-0.0235608182287,172.636979167,36.5890128613,0.61823894395,0.261991172913,0.0158312610807
90,0.0576000000001,89.6328125,41.0994910598,0.890578596758,0.20818983065,0.0645813071133,165.956770833,34.7672615647,0.607521989551,0.397142237518,-0.0514731217363,210.523958333,41.0930015445,0.727845729414,0.342632404994,-0.0508382876305,-55.3151041667,34.900297612,0.476449692633,0.585777944885,-0.157587410649,-77.3609375,40.303599596,0.657003351691,0.408093013335,-0.0230377755361,171.5484375,34.5135005713,0.475324956877,0.468816962093,-0.0838339924776
91,0.0576000000002,-174.3328125,36.5128020048,0.571104499518,0.357982711401,-0.0282415617767,-164.9828125,33.267285347,0.476589360537,0.492267314345,-0.141436646692,-164.9828125,38.0658110976,0.526171004832,0.384773380123,-0.0878977273605,16.3796875,33.6895172,0.400883639876,0.548844489735,-0.168474172475,-78.3005208333,35.9391086698,0.424180197368,0.515487109777,-0.148334805755,-14.0020833333,33.2562296391,0.388752787385,0.427955001127,-0.0887161103456
92,0.0575999999996,-30.4046875,37.7486830354,0.65718663236,0.350243577966,-0.0302681918383,-7.7,35.139772296,0.64003837801,0.444638829678,-0.0963703689922,-20.2583333333,39.7561289072,0.638781818287,0.34623610694,-0.0408840978016,13.5036458333,35.9318987727,0.540832983748,0.475865693763,-0.102459502254,-52.5020833333,38.759509027,0.574634057559,0.440996198449,-0.0792711274535,75.1494791667,35.001743257,0.508943986368,0.405019188765,-0.0466253715567
93,0.0575999999996,113.718229167,37.2356595397,0.62145329265,0.309571280493,-0.0643837307657,42.7796875,35.8981993198,0.706241323749,0.369462817442,-0.114132374918,117.980729167,39.519698143,0.623030543271,0.291778428247,-0.0618261606796,163.527604167,36.6455703378,0.585373961289,0.402424094034,-0.111535840186,103.050520833,38.9801849723,0.586405984808,0.366205936676,-0.0664686771047,141.819791667,35.4061645865,0.536791311066,0.322001474677,-0.0297895463864
94,0.0575999999985,-149.090104167,37.6985075474,0.65369178705,0.447415017523,-0.0984882390039,-68.6984375,34.9598460793,0.624332653953,0.428729146486,-0.115207158888,-83.3880208333,38.4389626384,0.551030766889,0.340689742705,-0.0716913502056,193.227604167,35.9699772,0.543209497622,0.492830400355,-0.145043136334,81.3541666667,38.8413010836,0.578997243307,0.442582423333,-0.11006213419,192.603125,34.3623065948,0.464914161386,0.387103777379,-0.0632777048413
95,0.0575999999986,272.066666667,39.9155474901,0.808114034943,0.135456944117,0.0833225963361,272.066666667,37.8405956626,0.875792718455,0.154825201957,0.0494241888773,272.066666667,41.4604387283,0.75232479479,0.123547706986,0.0450491233369,250.6453125,38.7347284555,0.715760471499,0.183254488278,0.0427316898276,244.54375,40.2810085416,0.65579823507,0.181629214087,0.0586233302647,272.066666667,36.2183445096,0.592715755159,0.178530216683,0.0593096403099
96,0.0576000000008,264.1203125,39.5449591875,0.782301654377,0.287755818106,-0.0176382954487,233.400520833,37.1309291124,0.813846064877,0.278961222852,-0.0188392993932,209.561458333,40.2418090701,0.67113835971,0.245912998682,-0.0235928896709,256.173958333,37.2741656303,0.624605241026,0.333533653058,-0.0477894590149,217.118229167,38.8492854238,0.579423166811,0.297604491003,-0.0155018145342,248.227604167,35.5812579989,0.548847755057,0.259643110447,0.00465791258887
97,0.0576000000006,141.7109375,38.0695232749,0.679533938805,0.368282862939,-0.0378927526108,72.0041666667,35.3138240576,0.655231322048,0.384671728825,-0.0874087001939,44.0401041667,40.228724122,0.670266626219,0.309494347312,-0.0339685559102,172.499479167,35.7964595556,0.532380082691,0.466699144803,-0.127946229564,106.934895833,37.3714191318,0.500586597419,0.434935191646,-0.0992532675045,57.5151041667,33.6338942647,0.414757720089,0.354878177401,-0.0674527074952
98,0.0497598677451,-134.030246914,37.8397154631,0.663527263332,0.373692583431,-0.0165713176226,126.045061728,37.1701950497,0.817273580818,0.399781872829,-0.0615710196736,0.0203703703704,38.9755120454,0.586776272758,0.336541332856,-0.027683097908,82.2555555556,36.147985529,0.554319180804,0.474280127221,-0.111262145857,-55.7604938272,38.8781924071,0.580965205771,0.438439793057,-0.0785840437575,111.371604938,33.7081204874,0.419868730742,0.466081460869,-0.102795338981
99,0.0576000000002,-86.0177083333,39.5841332674,0.785030224738,0.300761315273,0.0242359027297,24.3260416667,34.6813307405,0.600021104802,0.46541870432,-0.132624950318,-9.49322916667,41.5443407297,0.757914437503,0.251960542751,0.00390112536115,10.2036458333,36.4672996402,0.574247903412,0.426769264741,-0.0748757442889,145.446354167,39.0983738303,0.592710752809,0.414958528941,-0.0713478609605,205.688541667,36.528129518,0.614046686758,0.300052529201,0.00686201715325
100,0.0575999999996,105.193229167,36.8094217777,0.591764791297,0.459389064927,-0.106756855581,-107.0265625,33.6737624407,0.512070666095,0.432762648445,-0.118371189194,74.8630208333,38.1954827309,0.534809870268,0.360912113218,-0.0833270560106,60.1161458333,34.6539598703,0.461075500422,0.5068368949,-0.14923379512,196.659375,36.4846029282,0.453279511824,0.493529381929,-0.126952945375,-6.05572916667,33.8661062121,0.430747187082,0.40534059261,-0.0539498972648
101,0.0576000000001,-99.103125,38.2383678555,0.691294376308,0.392575052101,-0.0637567325909,6.9609375,35.7182727456,0.690535568474,0.342706919182,-0.0563529684296,40.5395833333,40.9026067257,0.715161419221,0.270226836205,-0.0147463228495,80.4203125,35.9007357359,0.538888066518,0.446174415352,-0.111290972081,104.465625,37.8270840049,0.524893975958,0.400717338547,-0.0672782059637,173.903125,34.4826312661,0.473199382629,0.38445013715,-0.0479281743301
102,0.0576000000006,-20.590625,37.6041113734,0.647116862939,0.335265117232,0.0037080054517,-112.188541667,34.5995651484,0.59288380235,0.437238894403,-0.105150098883,-135.0765625,40.5988308787,0.694923541445,0.340470332652,-0.0226160853117,-41.8515625,34.5169717669,0.452525931776,0.545129914302,-0.152169396635,-61.290625,36.3754935861,0.447459089323,0.497554069851,-0.114974006456,8.82291666667,34.355096519,0.464417695674,0.426025861874,-0.0683372250037
103,0.0575999999996,-14.0020833333,37.2560877204,0.622876165339,0.422859464539,-0.0934483069432,-61.428125,34.113191545,0.55042834618,0.409803097136,-0.10855674803,49.56875,38.9578071833,0.58559675556,0.330689412775,-0.0493246159695,79.9505208333,35.6158919334,0.521110671384,0.451203648932,-0.12521903433,58.1911458333,37.4903287888,0.50692981634,0.444500205573,-0.125312571839,73.4078125,33.9652019143,0.437570640727,0.359382751398,-0.0560973787897
104,0.0576000000008,-119.739583333,37.8767520785,0.666106954069,0.341720653465,-0.0426313705448,160.817708333,36.591416657,0.766752128757,0.335093671689,-0.046787902578,138.044270833,40.0407857895,0.657745969814,0.257582278922,-0.0181333434884,272.066666667,36.7717166543,0.593246882849,0.386604187312,-0.0827927322089,240.28125,39.2365633249,0.600082451954,0.329862290295,-0.0397186562677,256.173958333,34.8895090818,0.501215854117,0.299330641748,-0.0256089861923
105,0.0576000000002,-155.970833333,36.1951929927,0.548982255954,0.391822350211,-0.0936243124452,-69.3859375,33.4757300019,0.494784453467,0.419090628158,-0.118600795904,-148.9984375,37.9232683778,0.516674653588,0.353545915103,-0.0939864948959,24.1770833333,34.0027735829,0.420434293427,0.494324839208,-0.155653146008,-43.0776041667,35.8982526064,0.422000736416,0.453773711342,-0.129927282796,50.1473958333,32.7835015655,0.356202050815,0.419942983892,-0.0986270109752
106,0.0576000000002,-232.2375,35.6557867527,0.511411293655,0.465831960551,-0.155783470895,-189.108333333,34.1713511348,0.555505085331,0.430422350764,-0.12993142764,-121.664583333,38.6546717882,0.565401545387,0.340700045694,-0.0480187513604,-31.1838541667,34.4816965461,0.450324368904,0.547676747199,-0.147136033454,-121.378125,37.820327878,0.52453357132,0.481383536011,-0.116708764224,83.4854166667,33.3617076874,0.396015711583,0.401280983351,-0.0580889166731
107,0.0264989860884,5.18064516129,38.6894344207,0.722712264454,0.304989037495,-0.0157371277605,44.5913978495,35.0938977888,0.6360340013,0.345364664831,-0.0670499755558,60.9967741935,40.044843243,0.658016281787,0.269222182612,-0.0225351506792,190.039784946,35.3896670188,0.506991741421,0.434723554119,-0.116195607945,43.7870967742,37.4357932306,0.504020624664,0.461481694252,-0.131032559255,143.023655914,34.5075417795,0.474914651101,0.386731760636,-0.0898195637123
108,0.0576000000002,-191.239583333,35.5014683008,0.500662636505,0.400621567387,-0.0808149832028,-138.25625,33.9196996689,0.533538478371,0.395942570409,-0.102279739534,-0.561458333333,39.5925445557,0.627883650622,0.319774952484,-0.0440140328419,67.7645833333,34.8586403728,0.473849821423,0.444954502396,-0.109548432083,41.1354166667,36.8634157181,0.473487226799,0.439185582101,-0.109695340609,177.438020833,34.6872585416,0.487289446052,0.374319687719,-0.0413417988093
109,0.0502924975203,-85.3482142857,36.9161353792,0.599197654327,0.359256472971,-0.0704896050938,-100.532142857,34.9842832429,0.626465769153,0.435277460941,-0.121580335811,-63.4333333333,38.9996022497,0.588381188405,0.375031887953,-0.0953035783376,25.1035714286,34.8911113739,0.475876370054,0.484601893595,-0.136920114696,-61.9077380952,38.1187294551,0.540451761463,0.370497122407,-0.0611968308887,160.711309524,34.2072326115,0.454236199441,0.313646428287,-0.0231862310112
110,0.0576000000007,-235.823958333,36.0908366442,0.541713581354,0.406280386262,-0.0147626763173,-100.03125,33.3657130599,0.485181096237,0.528433838859,-0.126004902471,-65.8911458333,40.2865628004,0.674119901965,0.319175631041,0.00134126595003,-47.3973958333,35.1755815148,0.493630444587,0.492425277829,-0.0727038073619,-75.5447916667,36.7602343559,0.467983031554,0.52528789686,-0.0777522992139,-125.251041667,32.5345736742,0.339061570557,0.534487861674,-0.125719578398
111,0.0575999999996,-43.3755208333,36.444414556,0.56634114665,0.360266243399,-0.103590099017,-153.45,33.9256276488,0.534055930575,0.400347720599,-0.103482672421,-47.2484375,39.3879442811,0.614252957494,0.274789965362,-0.0151976767229,54.9885416667,34.4103187919,0.445869609736,0.397960432107,-0.132458092919,-89.890625,42.2077038884,0.758577527237,0.184230770334,0.0511536620006,183.2875,38.66305691,0.761051832029,0.221082260367,0.0696176693164
112,0.0369516642048,-7.76821705426,33.201491866,0.340463659339,0.515240713607,-0.208062284215,-222.225581395,33.0842458148,0.460611875778,0.271889389601,0.00754380898095,-148.602325581,33.9381153195,0.251179416487,0.592517701692,-0.278616021019,-112.396124031,32.4129624034,0.321212540019,0.552789560584,-0.186403695927,10.0279069767,33.5372129041,0.296051405726,0.735674363236,-0.326924259233,188.551937984,30.5411595189,0.201800632045,0.636888000854,-0.310467539832
113,0.0576000000001,-156.583854167,37.4022350311,0.633055682546,0.431234994438,-0.092111273887,7.93489583333,34.6911039948,0.600874210256,0.432683707215,-0.121000173745,-131.341145833,38.8558012247,0.578801007503,0.368960183579,-0.0766887830396,-17.6229166667,35.0590215325,0.486355816022,0.53745228285,-0.169997758057,-46.6182291667,36.4973672032,0.453960420282,0.475540366257,-0.130043122834,149.336458333,33.8411651254,0.429029813415,0.387244177982,-0.0754676383858
114,0.0575999999986,202.19375,35.7256958485,0.516280632952,0.262377016945,-0.103016452384,84.6427083333,33.7254067063,0.516578683886,0.297928902088,-0.0851920424939,58.1854166667,37.2515752912,0.471925728594,0.261530235643,-0.0818027332043,138.708854167,35.2779620886,0.500020121659,0.336830266984,-0.100880469842,202.869791667,38.7176382542,0.572400467074,0.360461297678,-0.0935113970882,215.766145833,34.3235067129,0.462242509741,0.329312589136,-0.0629047884868
115,0.0575999999996,59.159375,34.9348249137,0.461194540374,0.370769710746,-0.129289846311,28.4395833333,33.5879909396,0.504583688638,0.403402233962,-0.131004207235,54.3067708333,38.2394887209,0.537741597252,0.308347234735,-0.0908999970343,122.541145833,35.3072820902,0.501850013162,0.456714062253,-0.167478477604,70.7895833333,38.7089864016,0.571938935214,0.445635487093,-0.141460338411,236.2078125,34.4129356742,0.46840033857,0.367873220006,-0.0764676546532
116,0.057599999998,-66.3895833333,37.6773850322,0.652220552267,0.330138945719,-0.0305882917382,31.9973958333,35.7481797338,0.693146143587,0.41275849985,-0.114749417,-28.4796875,39.9216883183,0.649811566567,0.316540172556,-0.0625267817959,156.2,36.0979127884,0.55119408948,0.433454145212,-0.0939331671252,129.708333333,38.3699082732,0.55385086017,0.397543653846,-0.0654425262364,205.8890625,35.0358433723,0.511292025192,0.352685854305,-0.0420353535592
117,0.0576000000002,-95.8375,37.8667383194,0.665409471283,0.385552674532,-0.0448601887529,-32.553125,34.999099493,0.627759076712,0.41021053982,-0.0831909453432,81.8755208333,39.6500638723,0.631715650145,0.30674810498,-0.0171285802135,-44.7447916667,36.0085636377,0.545617716948,0.457164929016,-0.105938184506,-14.0421875,38.1972981095,0.544642995277,0.429858061252,-0.0695760121671,83.3822916667,34.963183701,0.506288882895,0.379985314561,-0.0394402518577
118,0.0378561110995,140.570833333,35.0712837696,0.470699233033,0.190436364291,-0.0033345823409,42.3958333333,37.1414073944,0.814760712049,0.302645819262,-0.0255874957744,-30.91,40.5942912102,0.694621103781,0.316025334224,-0.0449111970374,-7.37916666667,37.7977104187,0.65728021058,0.380504621565,-0.0584486502332,43.1841666667,37.0000723839,0.480777157407,0.323401538376,-0.0646380627528,125.07,34.4123323441,0.46835879494,0.290630511264,-0.0286550013639
119,0.0576000000002,98.8911458333,36.1614935994,0.546635010891,0.337241639383,-0.0553032278876,70.8411458333,34.6764175296,0.599592231591,0.384606841253,-0.101156710429,78.5869791667,37.9123205543,0.515945297661,0.295304541476,-0.0659244328781,139.8375,35.2224991322,0.496558621415,0.445796126034,-0.136381877557,90.5552083333,37.359803021,0.499966937623,0.395733398938,-0.112264493391,175.444270833,34.3975813985,0.467343085973,0.360266219126,-0.0453572485039
120,0.0576000000002,-147.909895833,36.345692575,0.559464919508,0.369250485441,-0.0400454160031,-108.9171875,34.5410843492,0.587779024891,0.421329135774,-0.096475328899,-154.126041667,39.9052402973,0.648715781498,0.342611155473,-0.0463258199525,-59.9729166667,33.9112347364,0.414721259721,0.51895783795,-0.172534378013,-124.672395833,35.9332339168,0.423866809496,0.490641137585,-0.153026955901,-6.05572916667,33.8027926087,0.426387588952,0.47264318727,-0.0936041734676
122,0.0575999999997,-125.084895833,36.6562251449,0.581094271583,0.41160414042,-0.0961291241238,-150.5453125,34.7527880669,0.606258600769,0.423007054022,-0.115215789006,-116.932291667,38.5717843771,0.559879495783,0.343693136703,-0.0718062049236,50.4109375,35.4163385034,0.508656336249,0.463148828829,-0.129868618576,-27.0244791667,38.1768433452,0.54355183875,0.426692156354,-0.0816587877366,-4.02760416667,34.5379870534,0.477011027737,0.378646882018,-0.0514515781542
123,0.0576000000006,-119.183854167,37.0157312751,0.606134751769,0.455465785228,-0.0980107547439,-6.07864583333,34.4097586274,0.576315628471,0.478072647937,-0.141096742591,9.0234375,37.9419615269,0.51792001154,0.390648209024,-0.0822621301195,74.3817708333,34.7766612768,0.468733421598,0.565120786428,-0.189528797244,1.24322916667,38.0265306234,0.53553342776,0.509043069324,-0.141085346328,179.391666667,33.9276304841,0.43498357684,0.465739590116,-0.131451091087
124,0.0576000000002,27.0817708333,38.5846560001,0.715414191507,0.392246426549,-0.0637959959622,-39.2447916667,35.1180355549,0.638140982158,0.380514211487,-0.0791554220777,72.9208333333,39.6418386698,0.631167678192,0.283271034714,-0.0256849764846,215.038541667,35.9852250218,0.544161129888,0.41919851792,-0.0814246692771,84.1614583333,38.2303033471,0.546403655031,0.40358346072,-0.0611383465766,152.871354167,34.5090143681,0.475016049438,0.368473849259,-0.0571592753204
125,0.0576000000002,70.7895833333,37.2547523379,0.622783152688,0.376646572724,-0.0818040488521,115.660416667,35.1359804273,0.639707386538,0.346249192255,-0.0787516401142,93.6489583333,39.0889729857,0.594335164178,0.280039472971,-0.0520275209128,138.519791667,35.6034215689,0.520332383086,0.410888146376,-0.116056416813,132.4984375,39.8334616423,0.631923908702,0.330024269759,-0.0679548568551,229.223958333,34.9276150465,0.503839724555,0.299756640103,-0.0180654871729
126,0.0575999999996,160.519791667,35.6933849454,0.514030099622,0.150021615787,0.0178887917464,52.2614583333,35.8025483489,0.69789196931,0.254561685259,-0.0266421151064,63.009375,39.806170702,0.642115657157,0.225798015948,0.00676419933916,108.069270833,35.0907182395,0.488334040157,0.24296665666,-0.0565767639164,129.696875,35.9238341451,0.423365379997,0.239619082859,-0.0723174116138,159.454166667,33.3913217485,0.39805485323,0.247093258439,-0.040056733862
127,0.0453330540007,-74.2206666667,40.8331087494,0.872024418109,0.304871430099,0.0427600168844,-140.176666667,37.9400282288,0.884472167598,0.325545141399,-0.00923955861013,63.5066666667,42.6235357666,0.829811586247,0.235656205118,0.0210922398139,-19.7266666667,37.2480157471,0.622973199873,0.427454784513,-0.0478317901552,191.561333333,39.9083287811,0.63591768569,0.424825827479,-0.0653717909195,-18.1206666667,35.99373909,0.577250052453,0.41832253933,-0.0580590812251
128,0.0576000000006,264.796354167,37.2613481879,0.623242569752,0.23767096852,0.00308446662893,258.305208333,36.260455668,0.737862609125,0.260998291196,-0.0245025285749,258.305208333,39.6700378656,0.633046339333,0.213741780957,-0.0209523641697,257.526041667,37.5125727057,0.639484472189,0.274267813889,-0.00952934818088,228.158333333,38.696382463,0.571266579884,0.242554036085,0.00104875212583,264.1203125,35.3366823196,0.532006955974,0.224333266728,0.0142517774561
129,0.0576000000002,-6.54270833333,34.9664148688,0.463394857916,0.397632624488,-0.163551480131,-22.9739583333,34.533234477,0.587093811098,0.363033405971,-0.10679837325,16.3223958333,37.8917061687,0.51457194484,0.305804058327,-0.0702828327467,89.0026041667,35.0793162584,0.487622430771,0.426213406958,-0.127973370283,87.9369791667,38.6009184718,0.566174066708,0.376158528263,-0.10365613316,170.408333333,33.7348326147,0.421708053321,0.327728421777,-0.0671504406964
130,0.0575999999986,-29.21875,36.7220221162,0.585677191367,0.389744638,-0.0511467380265,88.9625,33.3797594011,0.486407198596,0.399682792369,-0.0777511896449,-2.85885416667,39.0297461748,0.590389409528,0.314997291891,-0.0528498826679,232.334895833,35.2713663578,0.499608475307,0.41940029664,-0.0996112139837,193.955208333,37.2733646035,0.495355892408,0.408285584301,-0.0876375374892,208.495833333,33.8634355664,0.430563293868,0.363349216059,-0.0571244157418
131,0.0575999999986,-80.6838541667,37.3641023636,0.6303996491,0.396663303021,-0.0608309659801,66.5557291667,34.0449374914,0.544470463267,0.435583540704,-0.10439651247,121.527083333,40.1858372688,0.667409457348,0.298032150604,-0.0247267078939,13.4692708333,35.2308841348,0.497081938066,0.466172962217,-0.124896529451,65.8166666667,37.4131295681,0.502811634776,0.447386403335,-0.099994691187,69.7239583333,34.2698595524,0.458548515904,0.390753902262,-0.0583433995416
132,0.0576000000002,-177.386458333,33.4887086153,0.360469007553,0.563618293963,-0.243900255155,-105.794791667,33.7406803966,0.517911921301,0.385017961264,-0.0880819059921,-38.0875,34.0136945546,0.25621458744,0.632542311214,-0.304854560702,-75.5161458333,32.1229157448,0.303110429272,0.61652804492,-0.298881327035,-96.2041666667,33.6003814936,0.299421125242,0.569431556389,-0.30335316807,-75.6708333333,31.1256014407,0.242043672595,0.492712415056,-0.228114744503
133,0.0576000000001,178.0625,35.2434880733,0.482693683457,0.348390181083,-0.0604875067656,33.3895833333,34.3400633931,0.570231945177,0.408194630872,-0.106276044287,-40.459375,38.6900808811,0.567760537721,0.328725589439,-0.068742550824,68.6583333333,34.5148889422,0.45239594054,0.477038750891,-0.148802172655,64.5848958333,37.092102766,0.485686505193,0.399006023537,-0.0945072145623,174.0921875,34.3826276064,0.46631340956,0.322680606274,-0.047445578818
134,0.0576000000002,116.80625,37.1293801665,0.614050674685,0.335746353026,-0.00747728130045,-72.9322916667,35.1795606613,0.643511496596,0.304520907346,-0.0246404008049,-25.7296875,41.1475304365,0.731478503591,0.318152363878,-0.0236417850792,40.9979166667,34.7916151881,0.469666710606,0.478273940738,-0.0972077157185,-84.1385416667,37.2006783485,0.491478454364,0.516672926024,-0.130028735322,83.1645833333,33.4171970487,0.399836554225,0.55040493235,-0.165418487595
137,0.0576000000008,155.575520833,38.5592075586,0.713641645389,0.357540009543,-0.0436053961093,169.640625,34.3881818056,0.574432191939,0.386809443124,-0.0904472050788,138.330729167,38.7834352255,0.573979905818,0.313403249253,-0.0539167286915,154.847916667,36.032035768,0.547082636779,0.432021260262,-0.10186580442,127.846354167,39.049559772,0.590106773738,0.387645922601,-0.0676498043758,201.225520833,34.1677996516,0.451520955813,0.342000714969,-0.0411072161323
138,0.0576000000002,46.9505208333,37.3636216521,0.630366166372,0.32280506636,-0.0631870733887,77.1833333333,34.642771244,0.596655253945,0.347417108715,-0.0807033779492,108.0921875,38.9912403226,0.587824107715,0.275455091614,-0.0424609196034,202.9671875,36.4902909398,0.575682814106,0.394474393921,-0.0883831427236,204.319270833,38.7614847422,0.574739451806,0.35345759918,-0.0560987622634,242.4125,34.6664035916,0.485853432369,0.336198149016,-0.0421981060244
139,0.0576000000002,156.068229167,37.5762065053,0.645173220707,0.295210617594,-0.0234004970825,182.038541667,36.3039824367,0.741662052202,0.290055708261,-0.0456953291523,236.597395833,39.7379164696,0.637568485856,0.225923397811,-0.0228338511752,251.424479167,36.9588000178,0.604922948285,0.301626484841,-0.0391413016296,257.526041667,38.2678483725,0.548406489125,0.27073423774,-0.0220197897142,272.066666667,35.0125579238,0.509688654155,0.252689070068,0.00110615648737
140,0.0575999999996,223.122395833,38.4934640527,0.709062449598,0.216569366166,0.0291473862198,230.782291667,36.1236277223,0.725918924656,0.247953502694,-0.01659413979,230.782291667,39.9592345953,0.652312940437,0.195217366097,0.00308033361034,237.663020833,37.3363577127,0.628486712954,0.263102646451,-0.0144920331131,248.227604167,38.8070408702,0.577169637046,0.276665811893,-0.0196123498763,270.663020833,34.9200046659,0.503315694971,0.246530574514,0.00319527224428
141,0.0576000000001,250.255729167,36.6664529443,0.581806662797,0.281180623453,-0.0151214474208,216.4421875,35.0740825534,0.634304333302,0.313082235167,-0.0706709067272,225.454166667,38.313136816,0.542648113562,0.249628272606,-0.0404930324057,272.066666667,35.7725598216,0.530888475671,0.349513831083,-0.0695912315423,240.28125,37.4817036986,0.506469712121,0.335889504291,-0.0490086633513,264.1203125,34.2813954353,0.459342844627,0.278056293493,-0.0155041000598
142,0.0576000000001,-124.575,37.2839389443,0.624816071123,0.395742288558,-0.0596389095008,-102.225520833,32.389868468,0.399999813755,0.519486976787,-0.175738549791,-44.721875,38.8237037063,0.576662635865,0.376104141353,-0.0630695173859,50.0213541667,33.5392312407,0.391504138347,0.579179881141,-0.179012073902,-91.334375,35.8822837472,0.42114887987,0.569817133248,-0.180744457379,-206.118229167,32.3325367272,0.325149869926,0.525977045763,-0.140088320826
143,0.0575999999996,264.796354167,37.6088110209,0.647444204863,0.257330090972,0.00484685535048,209.561458333,35.3060813546,0.654555463029,0.291864175117,-0.0456803883526,233.400520833,39.7375974655,0.637547233458,0.218191454653,-0.00511238956642,257.239583333,37.311416626,0.626930114036,0.292555371765,-0.0290294298097,251.424479167,41.3151200414,0.710962767514,0.26847140817,-0.00799788406221,233.400520833,35.3712630868,0.534388091144,0.26975147333,-0.00827223638953
145,0.0576000000002,-179.219791667,37.5838169456,0.645703306462,0.353076309664,-0.0492806986877,-87.8854166667,35.3909435868,0.661963070587,0.393469518283,-0.102098132018,-65.8510416667,38.8873648047,0.580903807581,0.295737261418,-0.0491323079805,-88.275,34.5869611502,0.45689404128,0.470702002756,-0.15978617224,-164.7421875,37.6555954814,0.515745944803,0.465486509027,-0.152350110404,-32.9026041667,33.0956094861,0.37769293167,0.423372210353,-0.126728468407
146,0.0576000000006,203.9296875,38.8813562393,0.736080087958,0.317836272065,-0.0183905342838,147.732291667,34.6326768994,0.595774120589,0.355587493163,-0.0681668816902,155.678645833,39.0993347764,0.595025477957,0.290566227864,-0.04207125619,227.195833333,35.8775039911,0.537438149396,0.393780285027,-0.0941818571591,248.903645833,40.1584403515,0.649259852216,0.32815740793,-0.0430924520844,272.066666667,34.642103374,0.484180187163,0.311991447117,-0.0278267633992
147,0.0575999999985,-53.3041666667,39.9426246285,0.810000023779,0.352030532667,0.0107300157001,20.0692708333,35.4273133278,0.665137778122,0.413172832225,-0.078835967608,-146.758333333,40.2517954111,0.671803660624,0.367354863789,-0.0517933128431,-113.36875,34.3837224245,0.444209703052,0.566969683394,-0.172622684215,-189.549479167,36.1610660553,0.436020482867,0.547220926266,-0.158864339428,-112.165625,33.4228849411,0.400228206633,0.490204235539,-0.125165011734
148,0.0576000000001,47.3401041667,37.522025466,0.641399378962,0.315552218002,-0.0570541323395,19.2786458333,34.2334102392,0.560922212351,0.383207607549,-0.108956547352,7.79739583333,39.1641178727,0.599341398391,0.302079676418,-0.0661641550932,32.7020833333,35.863938868,0.536591536091,0.456859422498,-0.1576512799,41.7942708333,37.6939944029,0.517794329867,0.392461452517,-0.0981730061103,62.21875,33.8496568799,0.429614531946,0.425182286184,-0.130360365896
149,0.0576000000002,-235.823958333,38.6835649014,0.722303438095,0.382108443417,-0.0321254531627,-127.8578125,35.5428855419,0.675226053961,0.442815998569,-0.0987329145428,-117.3046875,39.5112063289,0.622464809365,0.316514950013,-0.0212549057796,28.0614583333,34.1468911767,0.429428820912,0.533960501198,-0.159421596181,-196.819791667,38.0028713942,0.534271329503,0.51346314,-0.13673468784,-36.9130208333,33.0485050082,0.374449448711,0.447071249131,-0.101703287979
150,0.0185601730704,-65.2,42.0246107919,0.955015446022,0.241747587919,0.0906275377742,156.483333333,34.1949851626,0.557568094975,0.439630643243,-0.113904550317,198.633333333,44.3953339713,0.947850712368,0.230553995286,0.0635476119462,-18.0333333333,36.2028278169,0.557741944485,0.541513054144,-0.118784751566,-39.7666666667,40.3072184608,0.657196399523,0.381783787693,-0.00178574745189,-27.1333333333,34.5341827756,0.476749075779,0.455036178941,-0.0683375446104
151,0.0576000000002,257.526041667,37.9653536677,0.672278271196,0.280399059644,-0.0196389239154,249.293229167,35.4346302152,0.665776467782,0.275421329308,-0.0358984008517,272.066666667,39.6510773897,0.631783171777,0.2121559144,-0.0113380877556,265.1859375,36.8634690046,0.598973241549,0.296326778363,-0.0358907375293,257.915625,41.121547997,0.700636694045,0.255368173122,-0.00101779843499,265.1859375,35.048286736,0.512148840506,0.243720920058,0.00905165735458
153,0.0144415480853,-57.0058823529,37.7499459211,0.657274595433,0.30130065627,-0.00833320765592,-232.488235294,35.7946375679,0.697201438788,0.33513173461,-0.0490422281163,-187.237254902,43.0213382945,0.856313623918,0.230701208991,0.0247014925322,112.674509804,35.8657123341,0.536702219936,0.446145008592,-0.0932601635509,-23.0784313725,38.6378268074,0.568142936674,0.407240199692,-0.0497477024465,7.7862745098,33.9064829209,0.433527414627,0.443517630591,-0.106946328819
154,0.0568593811315,-150.092708333,37.7906072736,0.660106757965,0.428910872899,-0.0689023703744,-62.9692708333,34.5735031962,0.590608859676,0.429512824863,-0.0894332561402,-140.553645833,40.5868142247,0.694122978867,0.31674747495,-0.020828930777,27.7005208333,34.658739686,0.461373813642,0.522444166709,-0.128297775009,-123.847395833,35.8504002094,0.419448057034,0.527213639114,-0.142582129673,1.55260416667,33.9923590422,0.439440604802,0.431469531031,-0.0707464924053
155,0.0576000000006,-27.1333333333,38.5209950209,0.710980048787,0.414563902188,-0.0317559091854,-190.9015625,32.3622041047,0.397584996916,0.55144724017,-0.210000129766,65.8052083333,41.0860056877,0.727379657817,0.289263809798,0.004573425329,43.759375,32.7782410979,0.344009959624,0.634793346748,-0.210278388811,-59.1307291667,35.7557103634,0.414396840521,0.488672667183,-0.13416865987,38.1848958333,33.1999123693,0.384874937272,0.435854914598,-0.114962588807
156,0.0576000000002,169.440104167,37.6696947217,0.651684903356,0.370323244017,-0.0660018968902,130.4359375,34.7736709118,0.608081460195,0.33806883893,-0.0660667126282,113.139583333,38.8526501656,0.57859108051,0.302838047268,-0.0545590261045,239.553645833,35.8455132842,0.535441576423,0.384294307791,-0.072385470532,256.173958333,39.7641397119,0.628225940079,0.346436477033,-0.048270862917,256.173958333,34.2720496058,0.458699316877,0.284107293002,-0.00799973341236
157,0.0576000000002,-21.9484375,38.8177485466,0.731649656776,0.310531187104,0.00591147455998,-200.452083333,32.6159918308,0.419738077615,0.349252106156,-0.0864773023786,58.5692708333,38.6722966433,0.566575732425,0.355203663697,-0.0567506288971,-88.584375,33.1424738765,0.366742102536,0.557760924101,-0.206308426452,-203.648958333,35.1902415156,0.384231984406,0.59889454022,-0.232943103988,-126.717708333,31.7786035836,0.28700757874,0.567463282263,-0.211739133025
159,0.0575999999997,-117.826041667,37.2475960851,0.622284702195,0.43263982283,-0.0726891843242,-167.538020833,34.7797054648,0.608608215144,0.393685432151,-0.0835888280526,-112.3890625,39.9675118327,0.652864379008,0.333648089319,-0.0325982434792,78.65,34.8056609631,0.470543321889,0.507639298216,-0.149300281919,-75.6135416667,33.9473640919,0.317930863124,0.609338594135,-0.257134148502,-25.4604166667,32.2528807819,0.319664983717,0.5055010207,-0.182398977845
160,0.0576000000008,-8.91458333333,37.721765995,0.655311794746,0.345217991387,-0.0225706563833,22.446875,33.4380261302,0.49149328992,0.468557901215,-0.128586952749,-100.483854167,40.2872577906,0.674166202966,0.317114421399,-0.0151308903623,-38.1161458333,35.2480809093,0.498155206476,0.497216872405,-0.0958769329882,36.3802083333,37.9730972648,0.532683032761,0.448491291376,-0.0746412504232,-44.4411458333,33.2968457639,0.391549500453,0.505097601563,-0.160984439295
162,0.0576000000001,-41.3989583333,37.9777169824,0.673139406262,0.34990511951,-0.0446121508176,59.9958333333,36.1248031855,0.726021530608,0.355401499895,-0.0621134285611,-24.26875,39.806651473,0.642147686649,0.317761788378,-0.0236404899024,-42.075,36.7919844985,0.594511819884,0.394008727046,-0.0400215778236,-14.1796875,38.7528335452,0.574277954922,0.396506645018,-0.0416846157514,219.822395833,35.2148084641,0.52361506222,0.340424281545,0.00467020297083
163,0.0576000000006,-13.5494791667,38.680787921,0.722110014626,0.291231180076,0.0260901725269,-107.977604167,35.5513229966,0.675962557722,0.373543807771,-0.0468305069226,-82.259375,42.2121366262,0.802403727448,0.271555553889,0.0189113357674,-13.6526041667,35.2371860743,0.497475248601,0.503492113203,-0.119365218401,-2.27447916667,39.1480150819,0.595358858389,0.434300233144,-0.0556247507341,-89.2776041667,33.6664190292,0.416997284654,0.470003178343,-0.125856051572
164,0.0451188597697,-168.3,31.0853242874,0.193067418025,-0.0199398885549,-0.257493528964,-236.5,30.8364850283,0.264405278834,0.261639528908,-0.0197462631052,-31.7625,33.667674462,0.233162352011,0.563219636679,-0.268627260928,-193.233333333,43.2890440623,1.0,0.0912755134826,0.0956967102053,-193.233333333,45.5710710684,0.937995876188,0.111083444208,0.111001755111,-119.731944444,36.1560639143,0.588427287085,0.0360295457843,0.0199064443198
165,0.0377331408283,-180.143333333,30.4957939625,0.152005190763,0.0998551156255,-0.182411655551,-168.593333333,31.4799707413,0.320575020154,0.297218506038,-0.027018042159,-1.96166666667,33.4507158279,0.218708331513,0.620947224647,-0.320574254543,-193.233333333,41.8312726021,0.909018981491,0.10980485566,0.120523688942,-177.65,32.7759125233,0.255439944035,0.136066632275,-0.0103154176613,-158.5375,30.3985514164,0.191981035881,-0.0153448522178,-0.115019366855
166,0.0576000000001,134.440625,38.1454937458,0.684825467688,0.367195867002,-0.0444596931793,108.149479167,34.955653131,0.623966652317,0.370409936644,-0.074100826916,35.8072916667,38.683565855,0.567326499587,0.307896970771,-0.0510434900698,209.847916667,35.441519618,0.510227915556,0.409535451327,-0.100147923731,224.388541667,37.2058050632,0.491751938238,0.395037061069,-0.0787261584841,257.239583333,34.2016327381,0.453850607778,0.317959150532,-0.0369369448672
167,0.0576000000006,-120.805208333,38.5245469213,0.711227447325,0.41281627561,-0.110634706823,-45.3979166667,36.2814981937,0.73969940706,0.439792821184,-0.143543777049,-24.5666666667,39.2917585969,0.607844962453,0.35315357428,-0.0905366303341,122.1515625,36.1637897491,0.555305538462,0.504875815008,-0.152915323444,-46.2744791667,37.7958942056,0.523230160503,0.474886168959,-0.126191010766,75.5390625,35.0035055876,0.509065335532,0.362938888138,-0.034164392925
168,0.0575999999991,189.4921875,37.7951734066,0.660424800285,0.243461882463,0.0223345848967,210.2375,36.1756454706,0.730459543679,0.271472143708,-0.00953473095433,249.293229167,39.4522997141,0.618540386531,0.217612473993,-0.00369234536993,272.066666667,36.5511745214,0.579482621153,0.296141165541,-0.0301498954286,236.494270833,40.3336139917,0.658604465407,0.249063406605,0.00251435408973,256.173958333,35.1030553579,0.515920055045,0.23597351904,0.0259580941565
169,0.0576000000001,58.8671875,36.2225905657,0.550890563841,0.309087699396,-0.0197845797411,5.0875,33.9239187539,0.533906761469,0.386876489967,-0.0886014194657,-112.1828125,38.4346902966,0.550746138829,0.289548749921,-0.0445354573949,75.0979166667,35.0877810717,0.488150728484,0.408936936932,-0.0885889936471,148.694791667,37.2922706604,0.496364433352,0.357994119615,-0.0583798136431,195.020833333,34.9631301761,0.506285197315,0.293818493024,-0.0126062392701
170,0.0576000000002,-16.809375,37.4250659347,0.634645910749,0.415931818774,-0.0809569140256,-29.0182291667,35.4977034926,0.671282121767,0.41703236755,-0.116638048417,-68.8989583333,39.5805809498,0.627086622168,0.321757147321,-0.0518588573068,149.370833333,36.1923091412,0.557085463096,0.415046219481,-0.0982646779994,133.2546875,39.2258016467,0.599508371744,0.36759806308,-0.0679914259381,155.575520833,35.8406800628,0.566710834768,0.330124131171,-0.0294873343425
171,0.0556756878706,-99.4849462366,40.0132557654,0.814919654999,0.320898266569,0.0260601206945,-83.0795698925,34.3260011365,0.569004453566,0.404427893219,-0.0541759648589,-67.6322580645,42.2012297107,0.801677096858,0.265170946958,0.0240571707818,-12.4134408602,34.8650836329,0.474251951928,0.519151776548,-0.125229176029,-114.961827957,36.9539626952,0.478317442553,0.553842612813,-0.154791963076,-39.5822580645,32.7293173267,0.35247107527,0.498787662675,-0.142282101356
172,0.0576000000001,-175.3125,32.1074011326,0.264257567064,0.113585884309,-0.213468263406,130.653645833,34.2679099441,0.563933684801,0.373002224835,-0.0796798882693,-96.0036458333,41.2681227922,0.739512497671,0.281372381374,0.0022516415338,-172.7171875,33.1201232672,0.365347177986,-0.0598253358839,-0.108074768294,-160.25625,40.2037826777,0.651678632225,0.193780508125,0.0494425943907,-167.3203125,36.4652965963,0.609720187026,0.0770794757482,0.0278904619045
174,0.0576000000002,-40.21875,37.0719149113,0.610048079278,0.350496637169,-0.0262289298062,-153.100520833,33.1348365843,0.465027934096,0.376982078888,-0.0964588917268,-85.7427083333,39.4749428034,0.620048893801,0.355995005229,-0.061531983094,-54.5703125,35.5208548903,0.515179311625,0.472209040308,-0.0880429890103,-100.959375,37.6844882965,0.51728722796,0.510803021723,-0.1070770801,16.3796875,34.2059586048,0.454148474893,0.486190727446,-0.0872737568716
175,0.0324462964204,-216.363888889,36.70667394,0.584608153404,0.323818415817,-0.0524747899229,76.6027777778,35.5325834486,0.674326786264,0.370281704598,-0.0584223932819,52.2296296296,40.4975424873,0.688175598488,0.265755728301,0.0104375182418,71.7953703704,35.194436921,0.49480722991,0.475558503634,-0.145407514679,-3.25925925926,38.8591240777,0.579948008421,0.346186726871,-0.0360264157708,215.559259259,34.7387008667,0.490831621071,0.321146974961,-0.0241543010925
176,0.0575999999996,114.9671875,38.7447419167,0.726564566657,0.294921998167,-0.0478069603032,118.656770833,35.6949864626,0.68850291341,0.310098913498,-0.0654015157743,220.7046875,39.9495671988,0.65166888795,0.249215185642,-0.0293244563909,239.943229167,37.8119698763,0.658170158017,0.337074836949,-0.0429288655087,210.627083333,39.9303945899,0.637094783154,0.328717423603,-0.0244226476079,248.227604167,36.0880326033,0.583742840767,0.307548003038,-0.0126410774174
177,0.0576000000002,-149.66875,37.5170585513,0.641053421223,0.375567649491,-0.0424638539662,80.575,35.402105391,0.66293738228,0.413988791173,-0.0840599194071,41.284375,39.2938946486,0.607987268541,0.313090164913,-0.0385559139231,174.172395833,35.9941973686,0.544721103293,0.376779842656,-0.0594832009338,188.036979167,38.6562207937,0.569124161289,0.328726569656,-0.0341235111655,240.28125,35.2237275839,0.524229207934,0.308729592711,-0.00515727751372
178,0.0437803011041,-3.31496598639,40.7566297881,0.866697471632,0.13084328874,0.114033307861,-44.6884353741,32.4486439763,0.405130316312,0.105569583001,-0.0381322308166,-78.8333333333,43.0697931562,0.859541739577,0.169898931469,0.0649450548012,-21.1544217687,35.1363239678,0.491180340634,0.226297870424,-0.0619236289699,124.711564626,37.6488129752,0.515384132965,0.317280491548,-0.0954076851129,129.627891156,36.7190762734,0.627194747725,0.284772571404,0.00506135003109
179,0.0350525385797,-114.343589744,39.6398527683,0.788911224092,0.356753113178,-0.0133569027877,37.305982906,35.2349023085,0.648342258097,0.409487287968,-0.0696642212794,-115.311965812,42.2330796657,0.80379897555,0.253497080543,0.0404608070086,-76.4452991453,34.7543194111,0.467339042741,0.526633427693,-0.117810669701,-15.6820512821,38.3744848202,0.554094995427,0.475502717953,-0.0674647680784,6.65641025641,34.3541919024,0.464355406296,0.418718193586,-0.0589380248521
180,0.0227398361847,-44.5579710145,36.7385789622,0.586830416141,0.257429318584,-0.0179323480141,183.620289855,36.3226207236,0.743288984599,0.305719020574,-0.0256233210144,249.955072464,39.824605693,0.643343816336,0.231343223349,9.02285758892e-05,272.066666667,36.1761662027,0.556077965678,0.358440110217,-0.0599579241471,249.955072464,41.4498735511,0.718151174528,0.276409660345,-0.00247509495112,272.066666667,35.7272171352,0.558898094058,0.266667553264,0.00374522664503
181,0.0576000000006,-195.702604167,35.6126605868,0.508407450851,0.497940770583,-0.134424592685,-155.6328125,32.3391326666,0.395571095625,0.509180654306,-0.163087726512,-147.159375,37.4309135675,0.48387343989,0.380721134832,-0.0846881595844,-39.3479166667,33.4059017301,0.38318290624,0.558654029155,-0.179169730953,-98.0145833333,35.5284119844,0.40227164048,0.501576060662,-0.117382126853,-150.831770833,32.4132338166,0.330706446417,0.462044280022,-0.117462251148
182,0.0575999999991,-201.517708333,34.6555349827,0.441741314415,0.477682797704,-0.131067614868,-219.152083333,32.7284124792,0.429551253896,0.545992588624,-0.17479445762,-168.666666667,37.950399518,0.5184821597,0.432601254899,-0.100096595506,-120.788020833,33.9222630262,0.415409546648,0.601477156859,-0.191558885504,-161.447916667,35.8243377209,0.418057757249,0.584177598823,-0.181871715802,-91.334375,33.3624822497,0.396069045787,0.480929138372,-0.0966751823544
183,0.0576000000001,-127.405208333,29.1299315989,0.0568695405523,-0.0669311905513,-0.166659415612,-114.19375,36.7689396739,0.782248077988,0.165743222926,0.00684102170999,-154.6015625,40.6525574327,0.698502862982,0.133562409435,0.0645905993551,-149.605729167,28.8290929198,0.0975395537394,-0.0828888718388,-0.253918488292,-134.2859375,29.8624563813,0.100022036102,-0.153013983159,-0.260726721695,-120.134895833,28.2106448114,0.0413278897772,0.00888347166529,-0.185158106091
185,0.0575999999997,55.9625,35.7691418529,0.519306753289,0.379576705629,-0.125173858723,-23.4494791667,33.6368587017,0.508849345978,0.364158230601,-0.121770465845,101.308854167,37.2634841204,0.472719107766,0.320829430595,-0.085881851337,99.1776041667,34.43795681,0.447594526918,0.448385623284,-0.170666852966,-31.1953125,38.1617828608,0.542748439328,0.424543645582,-0.151616605854,179.517708333,34.3466315866,0.463834824037,0.374675846542,-0.0579697005414
186,0.0576000000007,-81.228125,35.2002287507,0.479680565959,0.473918857984,-0.175553065666,-115.683333333,32.1803008914,0.381706701209,0.523151356494,-0.21706750209,-174.802604167,37.3605248332,0.479184065746,0.372408551746,-0.135586875411,-80.6494791667,34.6614899039,0.461545457575,0.511073760805,-0.19894731418,-59.3598958333,35.5132446885,0.401462543212,0.479319244972,-0.205410211347,139.213020833,33.755474329,0.423129384194,0.285391675083,-0.0681606627377
187,0.0576000000001,176.200520833,38.6601729989,0.720674134947,0.254585393937,0.0228264698007,-11.8822916667,32.431899637,0.403668706224,0.267392792404,-0.081920677505,-73.2588541667,37.6380783319,0.497674982125,0.158017563846,-0.0367328814718,12.7989583333,33.9913708568,0.41972263754,0.272711484424,-0.111378760455,19.7828125,37.0800325871,0.485042623193,0.260630287929,-0.0683707455682,117.361979167,36.6588153839,0.62304535096,0.221194421872,0.0304033042521
188,0.0576000000002,71.6489583333,36.6812995076,0.582840762201,0.365651917644,-0.062655376174,68.6583333333,31.7952931821,0.348099453995,0.544446519576,-0.197890781797,78.3463541667,38.9760720134,0.586813578435,0.390295205638,-0.0673203310198,48.8697916667,34.2947738767,0.438658332553,0.535135415383,-0.155516769213,-30.8744791667,36.2144193649,0.438866607662,0.46329810773,-0.117780991673,-93.8036458333,32.8310334682,0.359474965061,0.490246951347,-0.132852202107
189,0.017950103049,-187.971666667,37.485602951,0.638862461823,0.342363093793,-0.00518351192586,-25.6116666667,34.9760921478,0.625750770074,0.377686470747,-0.0735837998916,-83.93,39.9875938416,0.654202264309,0.288702625781,-0.0280445493583,144.925,35.7160079956,0.527359017955,0.379403147101,-0.0692584634293,272.066666667,38.3959917068,0.555242277267,0.355558599532,-0.0482314241817,272.066666667,34.8638957977,0.499452194816,0.275044395775,-5.67235052586e-05
190,0.0576000000002,161.49375,37.1372312903,0.614597524638,0.37590771215,-0.0421472487453,-78.5583333333,33.7130690813,0.515501735024,0.434170831228,-0.0876906316626,-32.2265625,38.4507647157,0.551817034132,0.39292799891,-0.0618712774622,-7.35625,33.348062396,0.379573093823,0.572665448301,-0.186772042711,49.5515625,36.8359115124,0.472020018816,0.491597795393,-0.130118750441,-59.5489583333,33.0814298391,0.376716560731,0.485469544306,-0.114421132333
191,0.0350653697046,188.551282051,35.4693429409,0.498425026709,0.21202192446,0.0190460950238,148.960683761,33.7232603905,0.516391332395,0.262082094756,-0.0249410164692,110.31025641,39.5751726199,0.626726313344,0.201329032962,0.0261121106018,187.441880342,35.7840201549,0.531603726878,0.322452540581,-0.0559141553956,111.41965812,37.4662553836,0.50564562393,0.405820754858,-0.10240731809,262.852991453,34.0901277982,0.446172688638,0.385027805582,-0.0895320980504
192,0.0169134384008,127.754385965,31.3787248511,0.213503484017,0.133352004188,-0.106488180515,-135.357894737,31.2250935404,0.298326839421,0.215289771753,-0.119517775203,-30.5684210526,36.317583586,0.409702183958,0.177017294067,-0.102804305522,27.5192982456,34.8468461288,0.473113730506,0.222897400467,-0.163133313389,-80.5122807018,36.9902142976,0.480251279184,0.621355767313,-0.296232201551,166.524561404,33.7075657092,0.419830530264,0.606260370267,-0.253069939582
193,0.0576000000006,-171.072916667,35.7019297481,0.514625266001,0.422780473717,-0.0666867855907,-68.75,34.9702062607,0.625236992143,0.405456841225,-0.0911800542435,-100.821875,39.4871743321,0.620863771569,0.324227941222,-0.0321741911148,4.846875,34.6116082668,0.45843229322,0.502913365141,-0.121640053061,-51.6541666667,36.754252851,0.467663949015,0.491560791386,-0.119456196247,6.55416666667,33.6882888079,0.418503176609,0.478024687851,-0.114358127496
194,0.0576000000001,-236.5,37.3366779089,0.628489468837,0.449854339007,-0.0753545449898,-220.607291667,35.0857254267,0.635320637421,0.468108978588,-0.126132941805,-172.929166667,38.2575948238,0.53894784555,0.356909103459,-0.0663484705074,-110.761979167,34.0607461929,0.424052423735,0.570667980239,-0.194567821221,-99.3838541667,38.6616148949,0.569411908855,0.469963573152,-0.120526537503,17.0557291667,33.2838677764,0.390655872432,0.423235193361,-0.0987601749221
195,0.0576000000001,-172.848958333,33.4303084016,0.356401290005,0.272678531041,-0.0781008473823,88.2807291667,35.7329589128,0.691817521124,0.367297746241,-0.0713235692983,-83.428125,43.8231990933,0.909734463667,0.230843646685,0.0733239506153,-148.436979167,28.0697583258,0.0501486995228,-0.119955708913,-0.248273258796,-175.444270833,35.6476956308,0.408634809809,0.073374885309,-0.0849552129991,-89.3692708333,32.9302361906,0.366305787814,0.0586434928264,-0.0318522500147
196,0.0575999999986,248.227604167,36.000526011,0.535423225138,0.26928619924,-0.0304171740863,152.533333333,34.7525746226,0.606239969264,0.326041415101,-0.077438614142,215.955208333,38.616646409,0.562868253211,0.239308561664,-0.04039940045,249.5796875,36.5828444958,0.581459176875,0.355423397152,-0.0725710136212,232.334895833,37.7906602621,0.522950956525,0.34407765069,-0.05668812761,264.1203125,34.2428359389,0.456687745259,0.298707184847,-0.0331329574728
197,0.0575999999996,-68.9333333333,38.207872808,0.689170321751,0.291708335222,0.00388496102096,-76.6276041667,35.3497673869,0.658368808196,0.369921350619,-0.0476598058995,-98.9255208333,41.1186366677,0.729553569245,0.273088097107,0.0048165252083,-78.6213541667,34.1114290357,0.427215592159,0.513003824861,-0.15907058891,-194.734375,36.8084605336,0.470555650217,0.506948861759,-0.1373493758,-167.646875,32.2837229669,0.321788690549,0.52904334286,-0.176581178152
198,0.0575999999996,141.9171875,38.2086205482,0.689222403687,0.303877529921,-0.0358598009079,150.253125,35.6625688076,0.685673182682,0.321282245684,-0.0648897637802,153.45,39.2877536416,0.60757814797,0.26295621437,-0.0481792231949,198.996875,36.4003008604,0.57006644055,0.34906617552,-0.0839964608258,221.7703125,37.7544509172,0.521019374118,0.321700603236,-0.0656666090795,240.670833333,34.0955676436,0.44654726122,0.261380746029,-0.0138446356686
199,0.0392991583107,69.0666666667,33.6762964942,0.373534961568,0.0973730636126,-0.0553936716381,-83.7166666667,29.8392587142,0.177357590021,0.155998274991,-0.122450280173,-125.483333333,34.080555439,0.260668932381,0.0597050226563,-0.0498154393268,-73.0666666667,35.1400250522,0.491411329124,0.206390667537,0.0197505438647,-4.09166666667,32.6445205428,0.248430857327,0.0910312491681,-0.136475961655,47.2333333333,30.5187840462,0.200259919403,0.160330047783,-0.128115835928
200,0.0576000000006,-97.6765625,33.7935264111,0.381700311649,0.0808407745644,-0.114521115203,-143.0171875,37.0216596127,0.804307951734,0.230568084866,0.0211347010554,-162.083854167,39.8192024231,0.642983844611,0.196926517528,0.0202574907453,-154.538541667,28.279112041,0.0632146805463,-0.108514070685,-0.275521264644,-121.825,35.1112535298,0.380018381416,0.0636834377947,-0.104637078282,-100.0140625,32.8458539844,0.360495464461,0.0777073307254,-0.0399409884121
201,0.0576000000001,-219.541666667,35.421492219,0.495092107036,0.380745513365,-0.0545868110407,-124.5234375,33.8925155997,0.531165586321,0.437949533109,-0.115603440137,-130.000520833,38.7973742485,0.574908538713,0.3590101921,-0.0619393333855,96.7713541667,34.0906006098,0.425915668644,0.531739547849,-0.149324061582,-137.660416667,35.9270920753,0.42353917383,0.521070459858,-0.147311268185,-14.0020833333,32.6922834516,0.349921025926,0.480309731793,-0.119085592762
202,0.0576000000008,-180.102083333,38.259436965,0.692761891249,0.438076776452,-0.0526979500119,-110.3609375,35.3112605214,0.65500755148,0.472544760443,-0.113547040673,-47.1911458333,39.1535961628,0.598640430616,0.355389140081,-0.0398755810374,84.6828125,36.1161244512,0.552330698114,0.521001731511,-0.130568777211,97.0921875,37.321911037,0.497945595069,0.476214220282,-0.102548943556,136.978645833,34.3348020315,0.463020273874,0.423497223761,-0.0647426965224
203,0.0576000000001,-136.88125,34.624666214,0.439591229268,0.383019544184,-0.0837752844745,-134.75,33.4894567728,0.495982660597,0.449740182608,-0.146159914555,-205.2015625,38.0656509399,0.526160334953,0.368587036151,-0.101994292476,53.83125,33.7227094173,0.402955200353,0.508184717968,-0.175465863314,-79.1255208333,36.0220486522,0.428604619059,0.453568904195,-0.132481782493,55.9625,33.5038493276,0.405803188452,0.382734170184,-0.087116684686
204,0.0575999999996,-66.3895833333,37.3471722603,0.629220426047,0.489970825613,-0.0763416838799,14.9302083333,33.8169458508,0.524569117806,0.497698157094,-0.121841303888,-62.4307291667,39.9313026071,0.650452080959,0.325161145302,0.00122583984921,-147.944270833,34.5275995731,0.453189224108,0.543849765323,-0.131051605109,-120.839583333,38.0786823034,0.538315451791,0.549018534366,-0.127796825444,147.0046875,32.6739114225,0.34865597925,0.387768507935,-0.0782746940031
205,0.0379559588874,-92.3633333333,31.8726149082,0.247904132991,0.0693269243988,-0.0670733563544,-148.335,32.9392084122,0.447951589427,0.219444052503,-0.0767483669799,-131.303333333,40.9396818161,0.717631402124,0.20276025068,0.0473304813029,-98.2666666667,33.8831373692,0.412967674085,0.224213226931,-0.0949669979396,-46.4566666667,32.7316491127,0.253078718626,0.0817805655301,-0.150433090865,-59.0058333333,31.4201550007,0.262325809141,0.149689839182,-0.0963345918339
206,0.0576000000008,-177.615625,38.5091124177,0.710152396449,0.344886901323,-0.0168014212377,-154.7046875,34.8471586704,0.614496192192,0.431709079538,-0.112528476853,-191.629166667,40.6102064252,0.695681392739,0.326664963504,-0.0414331632146,5.62604166667,34.5396427512,0.453940851258,0.549910681322,-0.161142136509,-84.21875,37.0316998959,0.482464322583,0.484834643779,-0.112326522811,-60.225,33.2985010743,0.39166348051,0.475652338937,-0.107919596112
207,0.0576000000001,-91.1567708333,39.7728185058,0.798172612518,0.267881172709,0.0461402941269,16.1046875,35.681101501,0.687290897843,0.375832291553,-0.0630126892538,31.934375,40.3586084247,0.67891965992,0.317534126574,-0.014627919576,-21.9369791667,35.0768592358,0.487469085455,0.513286398724,-0.130916001777,-70.1020833333,36.2924997211,0.443031793272,0.491264261305,-0.117617819751,5.878125,33.0528577566,0.374749166825,0.472737032454,-0.112866054871
208,0.0564363886298,-130.155026455,39.0528052194,0.748021928242,0.355398399489,-0.0132010954495,-88.8264550265,35.5373988681,0.674747123286,0.435200078147,-0.114447931434,-10.4936507937,41.4530153426,0.751830240747,0.268949650583,-0.00975858105258,64.9058201058,35.6766693479,0.524903852426,0.520611936138,-0.125748997259,-33.3142857143,39.0065262204,0.587811154983,0.467456151096,-0.109375790796,-70.3126984127,34.9726118057,0.506938075888,0.426087435985,-0.0816457669421
209,0.0207760551122,-156.383333333,36.6892034213,0.583391289096,0.360405360659,-0.0465677219036,-131.816666667,34.9406021436,0.622652854587,0.419456372658,-0.0494604721025,-138.034722222,39.883769989,0.647285406175,0.371366046369,-0.036836743282,-18.6541666667,36.4900331497,0.575666725161,0.358481307204,-0.00331545361162,17.6458333333,40.417693456,0.663089672597,0.389750840763,0.0244926473824,-3.40694444444,35.9008517265,0.570854087698,0.371400941163,0.0305329566242
210,0.0576000000008,60.2192708333,37.9441509843,0.670801452499,0.378185225418,-0.0683464542126,59.7953125,36.1024802327,0.724072964453,0.36801882321,-0.087214375937,73.4078125,39.4061021805,0.615462656527,0.282700719079,-0.0480727849099,212.552083333,36.025680542,0.546686000575,0.374727267539,-0.0814486763566,212.552083333,38.2551378012,0.547728445488,0.332154577831,-0.0606265311289,249.5796875,34.7550314069,0.491956096517,0.298334698426,-0.0199582447713
211,0.0576000000008,201.9015625,38.5908246636,0.715843853989,0.292548364028,-0.00377117767948,160.817708333,37.1278319955,0.813575718148,0.299029380549,-0.0266168702747,208.495833333,40.5716472864,0.693112540918,0.239313594298,-0.00377445866889,248.227604167,36.6663455963,0.586670566576,0.312967558391,-0.0368286398916,205.281770833,39.2766979337,0.602223427011,0.249984288588,-0.000921596631088,264.1203125,35.8575030565,0.567869219193,0.239931298187,0.0128423724691
212,0.0576000000002,-108.052083333,35.3101395965,0.487336124861,0.393853079993,-0.141343847592,-96.9088541667,33.9769510031,0.538535936072,0.356667371234,-0.111945470744,-67.3119791667,36.7152661681,0.436196230705,0.303687500767,-0.084266147358,7.31041666667,34.1149007082,0.427432262819,0.394300626591,-0.161360172962,11.2807291667,36.8167383671,0.470997230078,0.361219481099,-0.104280395801,74.5651041667,33.1328073144,0.380254270371,0.366713571129,-0.10383667564
213,0.0575999999997,-157.8328125,38.5210486054,0.710983781083,0.349186606007,-0.00151867502609,-103.869791667,35.8863961101,0.705211023889,0.402093601879,-0.070773174928,-115.700520833,40.3023712635,0.675173078994,0.309525795514,-0.00685193509344,-26.0161458333,36.8812270164,0.60008153736,0.33222011663,0.00528878351906,-84.1786458333,39.3735244274,0.607388622694,0.312789393356,0.00979895606542,228.444791667,36.4358962774,0.607695763075,0.328077432001,0.027056851055
214,0.0575999999997,-67.8848958333,38.3638464212,0.700034264933,0.393920478877,-0.0787211572679,70.3140625,35.6911952496,0.68817197917,0.365752990823,-0.0779628112359,-33.7848958333,40.2103514671,0.669042619938,0.281656526495,-0.0257584656783,147.526041667,36.6634617448,0.586490582431,0.44082278572,-0.0958275226767,89.9765625,37.6017081738,0.51287133396,0.455613736762,-0.0984244669344,232.334895833,34.8246468306,0.496749620414,0.383351715747,-0.0500144521998
215,0.0576000000001,-33.9166666667,36.5170209408,0.571398358714,0.400684955996,-0.0914926914793,-85.2671875,34.1651030779,0.554959693674,0.405455102678,-0.0949428447348,-80.1911458333,38.5608899593,0.559153697806,0.355762750143,-0.084611846487,-5.9640625,33.7123483419,0.402308554964,0.511756913736,-0.179690749908,-68.7614583333,35.9332339168,0.423866809496,0.497174869757,-0.16998949158,42.6880208333,33.6601969004,0.416568846215,0.434816166293,-0.0694568880058
216,0.0576000000001,230.782291667,37.3587616086,0.630027652468,0.229050289257,-0.0123923266874,230.782291667,35.489105165,0.670531575439,0.234333419707,-0.0227583635406,244.54375,39.7319887877,0.63717357723,0.178221309092,-0.00969922111472,230.782291667,37.5112910271,0.639404481303,0.256004976807,-0.0283031189907,202.090625,39.7132433653,0.625510881633,0.208352583635,0.0031293988277,244.54375,34.6698213816,0.48608877185,0.217593052541,-0.000881564695192
217,0.0575999999996,79.5036458333,35.7359232903,0.516992999256,0.256726770196,-0.0475600853824,11.5729166667,34.3878612518,0.574404210863,0.28841763013,-0.0835674622394,43.3583333333,37.6625384092,0.499304539114,0.236945450772,-0.0683219202583,102.666666667,34.5983365774,0.457603993412,0.308422363712,-0.0965765565124,67.1973958333,38.3119353652,0.550758303549,0.286547246273,-0.0713973127567,135.426041667,33.9388722777,0.435757655393,0.268021545278,-0.0336609346286
218,0.0576000000001,135.615104167,38.2546567917,0.692428940502,0.262082861504,-0.0330083721583,107.416145833,34.1482797861,0.553491191844,0.27275971882,-0.0713467328678,104.797916667,38.9511859417,0.585155641235,0.230483149877,-0.0408324378022,155.58125,36.2206944823,0.558857021478,0.316021189094,-0.0639582266886,144.627083333,37.7714876533,0.521928196404,0.302921889583,-0.0430882467972,223.511979167,34.3203554749,0.462025524284,0.259850868257,-0.0114450190476
219,0.0576000000007,-3.36875,38.1928119063,0.68812129316,0.268947223434,0.00872721461928,131.7421875,36.1855263114,0.731322040327,0.295939994277,-0.0474293549605,165.269270833,39.317715168,0.60957421749,0.224593986059,-0.0187934364949,204.811979167,36.5792927146,0.581237506553,0.353578950046,-0.072530499885,197.828125,37.6815510988,0.517130543563,0.292613071389,-0.0225129687005,256.173958333,34.959017992,0.506002043791,0.300698708743,-0.0246843424084
220,0.0576000000002,-31.1208333333,37.8272439837,0.662658594326,0.335343139479,0.00140796111089,-68.921875,36.2479586601,0.736771747768,0.373285671463,-0.0556865081735,37.6005208333,39.8454247713,0.644730806009,0.316688220249,-0.0214006080241,-73.8375,35.118249774,0.490052311582,0.4311276027,-0.111947222093,-54.0890625,37.3277858496,0.49825898612,0.406169996131,-0.0727455614265,125.990104167,33.686473012,0.418378145969,0.421333638253,-0.084931487072
221,0.0576000000006,-229.957291667,37.2161931396,0.620097410327,0.425966396229,-0.0756924239759,-151.708333333,34.8994422555,0.619060016049,0.447024649475,-0.121214332175,-143.761979167,38.5447072983,0.558075591301,0.336533535738,-0.05819452992,-5.328125,34.1325516701,0.428533877532,0.536977180745,-0.187427590077,-117.642708333,35.4364458323,0.397365719032,0.547405578662,-0.186440317746,-0.527083333333,33.1557987332,0.381837395342,0.445576704573,-0.116022201786
222,0.0576000000002,170.7921875,35.5073696971,0.501073683172,0.31017375557,-0.0493170799627,-97.9630208333,32.5578587651,0.414663653744,0.413672639936,-0.129459077667,-56.9479166667,37.8705035448,0.513159402947,0.293449846271,-0.036419324515,77.8020833333,35.3529446721,0.504699861938,0.409727528982,-0.0832248383522,116.7890625,36.9744480848,0.479410232779,0.314929670538,-0.0424874251739,236.1046875,34.2297511995,0.455786766598,0.318263512774,-0.0302181640402
223,0.0576000000001,-204.714583333,37.7737573385,0.658933118827,0.43831953872,-0.0856885394023,-35.8473958333,35.4029597044,0.663011955126,0.430882193148,-0.104869176881,-76.5072916667,39.9719441533,0.653159665034,0.328532299493,-0.0380196087581,84.3619791667,35.7889022827,0.531908425504,0.515882388689,-0.143894142588,-133.197395833,37.0488968492,0.483381691636,0.524344647303,-0.146096650325,9.83697916667,34.2870030999,0.459728972769,0.39795619715,-0.0727331715934
224,0.0569084201124,-90.9677083333,37.3282397985,0.627901733838,0.383611099096,-0.0464044322034,54.8338541667,35.3299523592,0.656639158324,0.423498594202,-0.0702977600179,-86.2697916667,41.1807491779,0.733691572324,0.283129280666,0.0239574037482,-35.509375,34.1054744124,0.42684395799,0.53796154866,-0.160763124135,-69.3401041667,36.2201874852,0.439174307227,0.476240039803,-0.123277723553,121.9625,33.8439156413,0.429219206271,0.416931692977,-0.0607863558107
225,0.0576000000002,-118.588020833,36.5930184126,0.576691768276,0.325739499182,-0.0452841989863,-12.4609375,34.9966432452,0.627544671324,0.314659612719,-0.0865451477875,-23.1458333333,38.9898515344,0.587731585131,0.27632475365,-0.0621217852977,33.8078125,36.5516552925,0.579512626571,0.318871783955,-0.0452610560164,47.9588541667,38.975805819,0.586172379494,0.313137579185,-0.0376665363742,150.333333333,36.0517694354,0.581245860177,0.294359033811,0.00938954427693
226,0.0575999999991,-135.236979167,34.7389561534,0.447551802739,0.267560395703,-0.0795988415157,-175.455729167,32.7706576884,0.4332388299,0.345439698081,-0.127553903614,-147.491666667,38.0859990716,0.527515949645,0.244324443804,-0.0861479255836,-42.7739583333,32.7934619486,0.344959908596,0.407277975115,-0.22830014443,-118.616666667,35.0248417258,0.375408755892,0.436724403524,-0.217628901159,-72.7776041667,31.8162019551,0.289596497729,0.375464999166,-0.184278483313
227,0.0508311908312,-88.8169590643,39.0657019364,0.748920216088,0.321358697979,-0.0161504159973,-106.732163743,35.5026567693,0.671714492315,0.389717007415,-0.0898350403244,-19.0859649123,41.3255824708,0.743340524038,0.274071604013,-0.0126355921568,-65.3502923977,35.3762790613,0.506156185204,0.515560748284,-0.115868846461,-8.13099415205,38.3513658089,0.552861715018,0.509886502174,-0.115149591633,91.2871345029,35.0548955014,0.512603901656,0.438267417644,-0.0704674053184
228,0.0576000000002,-184.897395833,36.9276102781,0.599996909066,0.297588454094,-0.0300123694421,-199.724479167,33.8832230568,0.530354442076,0.359553104034,-0.0962348725952,-198.658854167,39.9173092842,0.64951983055,0.315656078048,-0.0689379858613,-68.509375,33.9419435263,0.416637826928,0.467770568212,-0.169536857895,-187.177604167,35.8111464381,0.417354070127,0.476612156548,-0.155046484695,-184.169791667,32.6414135993,0.346418269788,0.458351071356,-0.143640661496
230,0.0576000000002,-150.969270833,39.2175770402,0.759498688073,0.287149415119,0.0207881134093,-61.4796875,35.6007241607,0.680274775616,0.391758672427,-0.0598715100059,-79.4520833333,42.4899045825,0.82090893122,0.291251646588,0.00419103720287,18.6369791667,34.6337184906,0.459812215062,0.539181977045,-0.148744976163,-131.896875,37.6141518354,0.513535139341,0.528604259249,-0.137410564377,-74.7885416667,33.4044596553,0.398959492846,0.525845339987,-0.143403863935
231,0.0576000000002,-114.972916667,39.4349953532,0.774642404695,0.343053550925,-0.0199289296816,-77.5729166667,35.0097807646,0.628691442805,0.395116836298,-0.102513328726,18.1213541667,41.2254500389,0.736669592367,0.298066760646,-0.0256668937827,47.23125,36.4472721219,0.572997965366,0.458022105508,-0.0848248730704,-34.4609375,38.3252601027,0.551469109799,0.469066884834,-0.096233711276,125.411458333,33.7298925519,0.421367894378,0.469903864432,-0.113481462984
233,0.0576000000008,-208.925520833,39.759172976,0.797222168037,0.284873309312,0.0593481494971,22.584375,37.9946198463,0.889237459159,0.354788061231,-0.0214773451204,-73.3848958333,42.301378727,0.808349133394,0.257153293584,0.0235783042499,-92.2682291667,36.66704005,0.586713908147,0.403081272962,-0.0608786173671,-107.433333333,37.5109703541,0.508030937737,0.449451519409,-0.063533792124,-113.334375,34.0913748741,0.446258558805,0.446257240139,-0.075604784055
234,0.0576000000006,-228.553645833,34.6621841788,0.442204447169,0.5201599719,-0.162214659795,-180.875520833,33.5954690576,0.505236452082,0.510407787748,-0.166711371945,-164.9828125,38.5924534798,0.561256493914,0.337851605844,-0.0524614174089,3.19114583333,34.5228997469,0.452895903111,0.552719889209,-0.152231825981,-147.738020833,36.067818284,0.43104619363,0.510255657136,-0.134401683084,25.3916666667,33.1501641273,0.381449412097,0.475661068689,-0.103541657125
235,0.0576000000002,-92.4,37.2695195079,0.623811722149,0.502059458289,-0.107851252586,-2.81875,33.2869915962,0.478309515157,0.517062334344,-0.137919965266,-140.416145833,40.4478510618,0.684865101605,0.349777593743,-0.0313473134156,-49.121875,35.1642060876,0.492920492455,0.549417144153,-0.15437483252,-123.171354167,39.2093526125,0.598630900329,0.568117229734,-0.156828810053,25.9302083333,32.9565120339,0.368115069098,0.427262409125,-0.128842487873
236,0.0575999999985,-95.3447916667,37.4839732647,0.638748950188,0.32777320384,-0.0176367243041,130.384375,36.3052105308,0.741769252294,0.355327780358,-0.0636490119141,38.4770833333,39.4681075811,0.619593523851,0.310356699163,-0.0563499328255,210.2375,36.7405807972,0.591303661934,0.436864912277,-0.113316630879,133.191666667,38.6432964206,0.568434712422,0.383701923769,-0.057635724736,231.996875,35.184874177,0.521553870708,0.308108349796,-0.00872546461505
238,0.0571049586864,-174.3328125,37.9471151233,0.671007912021,0.399438385852,-0.0562010166759,43.6505208333,35.6076672077,0.680880832827,0.391889743973,-0.0773155773604,161.883333333,40.5220856667,0.68981069183,0.293209011666,-0.00339206312856,52.9489583333,35.2862930894,0.500540068001,0.500073483679,-0.135430909475,-84.8947916667,38.5715178251,0.564605693348,0.477411278058,-0.103428419025,10.5130208333,33.7179559469,0.420545973054,0.442772156559,-0.0969229456095
239,0.0576000000002,-149.090104167,36.5092768073,0.5708589609,0.398398304358,-0.0400965375925,-177.615625,34.3521327972,0.571285481089,0.491741801146,-0.121119479816,-8.4734375,39.5494989753,0.625015907174,0.378490515053,-0.0505346730351,-74.4677083333,34.795273304,0.469895017386,0.566891402937,-0.155724000244,-45.99375,36.8975427151,0.475307726651,0.533122262452,-0.112151659516,17.3078125,33.4992830157,0.405488764955,0.499253536575,-0.106212463814
240,0.0575999999996,106.058333333,36.4169370532,0.564427271455,0.309486755403,-0.0540397722034,63.5708333333,34.8443281054,0.614249112732,0.335610279115,-0.0891156110556,85.1296875,38.1672837734,0.532931225011,0.267355316319,-0.0571350533155,143.372395833,36.0881395936,0.550584134326,0.355200690683,-0.0798385386734,115.356770833,37.4183101654,0.503087993011,0.31192863849,-0.0547479471643,138.233333333,34.3223850131,0.46216527262,0.273265676922,-0.0244880022019
241,0.0575999999996,131.839583333,38.416318357,0.703689063439,0.362661115127,-0.0394151006233,120.461458333,35.0074855685,0.628491095592,0.361805117922,-0.0665387009358,92.4973958333,40.6087112427,0.695581782052,0.276012519142,-0.0167856271037,136.875520833,36.0657356977,0.549185884107,0.421130160801,-0.0894283533671,87.4385416667,40.2315807343,0.653161515643,0.385206031147,-0.0598595878866,183.591145833,34.231620729,0.455915497183,0.350004802458,-0.0367884012057
242,0.0576000000001,226.130208333,37.8699957132,0.665636356721,0.268394698855,-0.00356572308556,210.627083333,35.937345624,0.709658396937,0.296740800142,-0.0414558313278,184.656770833,39.1870286465,0.600867739091,0.270744054113,-0.0357693676124,240.28125,36.6380934119,0.584907318645,0.366097475169,-0.0738546018106,232.334895833,38.0165168047,0.534999242008,0.340400129557,-0.0619488885914,208.495833333,34.4792401791,0.472965881833,0.308029026957,-0.0339000010581
243,0.0576000000002,129.891666667,38.4503387213,0.706058664918,0.274518360849,0.0425905447137,22.825,35.0316776633,0.630602818789,0.330497846939,-0.0471659311552,-78.409375,41.1657947898,0.732695294698,0.301484352443,-0.006375599688,10.3640625,34.8003469706,0.470211670143,0.525664819404,-0.134345616978,-148.6375,36.913244009,0.476145309967,0.557158614974,-0.147292943962,126.15625,33.3057912588,0.39216546228,0.598851593211,-0.198664882686
245,0.0576000000002,-2.61822916667,37.5099023581,0.640554974881,0.328073327197,0.0090559054095,-48.6177083333,35.1168609262,0.638038449046,0.401607215405,-0.0646293652535,-103.0046875,40.6429443955,0.69786243198,0.298597301589,0.000258719476733,68.7213541667,35.0571792722,0.486240838655,0.47086994187,-0.10093587148,68.8416666667,37.3241540194,0.498065246649,0.425422738306,-0.0734409205629,135.575,34.6848554015,0.48712397253,0.390065848595,-0.0404598029381
246,0.0488989864732,-118.202469136,40.1014003754,0.82105914241,0.30434696128,0.0384028675627,-112.166049383,33.3938217163,0.487634695326,0.46746959013,-0.121914453908,28.3012345679,41.700496391,0.768317697733,0.295273677618,0.0147464158427,-25.0012345679,35.3650691421,0.505456562599,0.532313848535,-0.131294448481,-120.721604938,39.7193099128,0.625834500755,0.482330993922,-0.103332278105,-43.7148148148,33.9565282045,0.43697339326,0.482846549816,-0.103154214245
247,0.0214419339869,-27.1333333333,38.6907388369,0.722803120232,0.362401571125,0.00575601394909,144.925,36.784766833,0.783629627591,0.411687585215,-0.0695818029344,-151.738888889,39.9457221031,0.651412723491,0.301823275164,-0.0254601937462,-35.8263888889,34.9769177437,0.481231633983,0.537014653285,-0.1798979491,-215.309722222,36.4433908463,0.451081059114,0.53052285562,-0.153437637258,-109.358333333,33.2600037257,0.389012660464,0.48465354989,-0.143139013642
248,0.0576000000001,6.7890625,36.4939223528,0.569789485635,0.486817886587,-0.0971874956231,-60.0989583333,33.9195400476,0.533524545064,0.504407012835,-0.126232993382,-83.5255208333,39.1943983436,0.601358716338,0.364510939224,-0.0325635365716,-86.1322916667,34.95835042,0.480072828185,0.550599588547,-0.153617524542,-111.054166667,39.0692403316,0.591156630422,0.52797221113,-0.118402307633,45.9822916667,33.6099948287,0.413112071589,0.483328408562,-0.111265548952
249,0.0576000000001,82.0302083333,36.8804793358,0.596714123798,0.392825551797,-0.0906798127107,58.2427083333,34.9040358663,0.619460991429,0.38117025001,-0.1152095133,53.83125,37.4243984222,0.483439393814,0.312824700959,-0.0863076429887,177.438020833,36.2446208,0.560350287613,0.415897871135,-0.115147123728,162.948958333,37.6081169248,0.51321320788,0.402388207847,-0.11042724702,185.722395833,34.2180554867,0.454981432437,0.335887493333,-0.0574986798601
250,0.0576000000007,220.315104167,36.6164109707,0.578321117092,0.319414537866,-0.0306231266886,174.0921875,35.0835351348,0.635129447274,0.333120848052,-0.0688466019492,209.074479167,38.6408390403,0.564479992653,0.237897516927,-0.0216792376305,213.720833333,35.5503351688,0.517019206174,0.350466215983,-0.0652551064522,138.233333333,38.1387912631,0.541521955787,0.328688435722,-0.052842240515,228.651041667,33.7771575451,0.424622429973,0.256389452377,-0.0067955203433
251,0.0576000000006,39.084375,37.6858503819,0.652810184552,0.349760961253,-0.0252305783488,-141.14375,32.4633015692,0.406409774713,0.561136064585,-0.190436442208,-163.630729167,38.2505984306,0.538481738215,0.441624972271,-0.128867136678,-100.483854167,33.7732586861,0.406110032286,0.624982106034,-0.223404361226,-204.714583333,38.1739862561,0.543399427737,0.639781199396,-0.237552270759,-162.8515625,33.0594533682,0.37520332224,0.545994924847,-0.164103011159
252,0.0575999999985,-176.55,37.4962300658,0.639602666328,0.370781871257,-0.0252244687726,-146.030729167,35.9650372863,0.712075596693,0.440184322186,-0.0972242961288,-156.646875,39.4828469753,0.620575478345,0.344203545013,-0.0430011274402,-27.9010416667,34.8422176838,0.472824864488,0.512778974138,-0.155707899168,-145.893229167,37.3254092932,0.498132209054,0.504728490021,-0.140125605467,-51.0125,33.6091668606,0.413055060013,0.439923368394,-0.0941523374277
253,0.0576000000001,-107.840104167,37.2718427181,0.623973539417,0.461102661677,-0.0821492989708,1.59270833333,34.2645995617,0.563644722175,0.437029249966,-0.0816307630812,-29.0182291667,40.1730200648,0.666555561258,0.315082960762,-0.00335002048087,-59.9958333333,36.0019415021,0.545204422641,0.448338649236,-0.086150929385,-50.8635416667,39.6099286079,0.61999957044,0.429814164992,-0.0743282361,102.821354167,34.5086139441,0.474988477358,0.392667100066,-0.037341781805
254,0.0576000000002,120.598958333,36.6811930537,0.582833347427,0.285338513553,-0.061279811518,68.1713541667,34.5324867368,0.587028540997,0.287830792367,-0.0601378906376,89.3921875,39.1282283664,0.59695040039,0.230616877554,-0.035871946533,142.306770833,36.6255695224,0.584125689797,0.32443666202,-0.056084266078,105.771875,37.996329248,0.533922339635,0.305541446432,-0.0304744136811,182.038541667,34.9213930368,0.503411294325,0.271804325748,-0.00983377104785
255,0.0576000000008,74.0838541667,39.1746912599,0.75651158871,0.355832030298,-0.0355872579175,10.1234375,36.2353007197,0.735666838641,0.333613580326,-0.0510304056661,49.0817708333,39.7127091289,0.635889145363,0.290482329903,-0.0468756430691,180.090625,37.6029096842,0.645122496071,0.399745685747,-0.0853739791978,29.8890625,38.8930255175,0.581756475955,0.369830545736,-0.0643800064529,41.6223958333,35.5159947276,0.544353908232,0.356469947146,-0.045998244761
257,0.0576000000002,80.6036458333,37.2373149395,0.62156859529,0.477914196905,-0.160642859249,55.6130208333,34.5789505839,0.591084361077,0.486033068504,-0.181321979851,-39.7833333333,38.7513386607,0.571841597716,0.399168517208,-0.133287334015,75.2010416667,36.0944147706,0.550975774587,0.506130125374,-0.166985760181,56.1114583333,38.027305007,0.535574737141,0.502271577017,-0.153250488172,84.2130208333,34.5716600418,0.479329655795,0.445273971418,-0.111207228278
258,0.0576000000008,11.9682291667,36.6062898636,0.577616157258,0.387658085208,-0.068991752647,11.9682291667,34.2074536085,0.558656463162,0.376416977495,-0.0834461119198,-51.5109375,38.6811074018,0.567162714759,0.341728846775,-0.0615393215157,75.6307291667,34.5654382706,0.455550776193,0.457351101562,-0.149260224211,75.4244791667,36.3221671581,0.444614398529,0.377117587952,-0.0881380116922,185.235416667,34.6715034842,0.486204596749,0.364187519532,-0.0785480932802
259,0.0576000000002,69.3286458333,36.8063509464,0.591550900395,0.346572713461,-0.0629455173184,4.60052083333,35.41444242,0.664014279113,0.330042249057,-0.0986406086668,187.263541667,39.1717005968,0.599846567728,0.241176935146,-0.0246484709032,161.195833333,36.467860043,0.574282878733,0.332282937597,-0.0676369551711,106.327604167,38.5494610071,0.563429075495,0.287770073628,-0.0187014315889,227.195833333,35.3430113196,0.53244275326,0.301339534344,-0.0338211656726
260,0.0576000000001,264.1203125,37.9858081937,0.673702978896,0.277647344628,-0.0131413134063,264.1203125,35.5097194314,0.672330990698,0.283733328339,-0.0369937309988,272.066666667,40.2271206975,0.670159804329,0.217210814357,-0.00614122271145,242.985416667,37.426748395,0.634128088544,0.309140426572,-0.0307400154525,264.796354167,41.5973735452,0.726019540958,0.239609863143,0.0126799259375,272.066666667,35.7157889009,0.558111177716,0.242438161978,0.0184180423021
261,0.0576000000001,-171.2390625,38.4988849163,0.709440025992,0.427971765399,-0.045571152255,-94.2791666667,34.6674981117,0.598813657361,0.436332776211,-0.101203289407,-51.3161458333,40.0142962337,0.655981206754,0.315442870138,-0.0149664281871,69.8729166667,35.4435220361,0.510352888528,0.480512232054,-0.115206989445,42.2984375,36.8335079551,0.47189180139,0.458837245824,-0.0989663946857,168.7640625,33.4427520037,0.401596197147,0.395184294088,-0.0709455553651
262,0.0576000000002,126.505729167,35.5712972879,0.50552639604,0.300261536846,-0.100879715137,-40.8546875,33.7533380389,0.519016804413,0.314263319597,-0.124886367295,22.2291666667,37.5892112255,0.494419402271,0.217464512214,-0.0932405153362,-10.4328125,34.8412565589,0.472764879693,0.337026463007,-0.176117505835,15.4458333333,37.4124352932,0.502774598779,0.331859314989,-0.150078168183,34.925,33.2429316342,0.387837123862,0.296807413775,-0.136335680254
263,0.0575999999997,-76.896875,36.2120959163,0.550159585873,0.37473518867,-0.0649040898179,-165.320833333,33.4421914816,0.491856882624,0.442460379563,-0.132521736901,-167.601041667,38.2431211472,0.537983593446,0.373879409861,-0.0877149507869,71.6661458333,34.374296248,0.443621405663,0.542491963133,-0.176873692661,42.6880208333,36.4081782103,0.449202646002,0.517640229315,-0.15258763553,48.1651041667,32.8682041466,0.362034434294,0.475038771052,-0.12144192413
264,0.0576000000002,-151.444791667,38.2855258584,0.694579046407,0.342411147431,-0.0291907138089,-105.1703125,34.8452351093,0.614328284922,0.405486755073,-0.101150580507,-177.140104167,40.5767743587,0.693454112061,0.321330562234,-0.0265199172845,-2.79583333333,34.9506599307,0.479592856826,0.529492917471,-0.139910593512,-100.346354167,36.07465446,0.431410868473,0.507236759178,-0.118122153553,51.9005208333,33.5892198086,0.411681561651,0.459839493036,-0.09903594977
265,0.0576000000007,-33.7848958333,36.9068084955,0.598548014092,0.353580676951,-0.0450530098565,36.7182291667,36.2912712097,0.740552491702,0.33633061545,-0.0541580015051,110.028645833,39.5282430053,0.623599811302,0.268204618013,-0.0208695856636,124.059375,36.3490306139,0.566866611651,0.380386088509,-0.062592057504,118.7140625,38.6058583856,0.566437585712,0.298899702495,-0.0147645535144,242.309375,35.2754785419,0.527792634551,0.269349937793,0.00636782819311
266,0.0146097665505,-183.78627451,33.6345490848,0.370627152521,0.407381642391,-0.19213962029,-212.429411765,33.7299521951,0.516975458707,0.315762281418,-0.0999995409237,-196.382352941,35.1128425598,0.329441024668,0.367032720762,-0.229528523598,-104.607843137,32.3259499494,0.31578200313,0.359684743425,-0.222151477547,-96.5843137255,34.2006335539,0.331441486937,0.409103752059,-0.282299986657,7.22549019608,31.3330156663,0.256325637632,0.282459180364,-0.251083142617
267,0.0531556919379,-106.78079096,36.6146590023,0.578199088212,0.331047284654,-0.0474055514856,-150.979661017,34.0837593725,0.547859217632,0.415670119857,-0.113990673452,-93.5372881356,38.9591306266,0.585684924797,0.346133986772,-0.0767175475041,10.0615819209,33.4845634719,0.38809226658,0.522514282142,-0.160545380391,-43.4531073446,36.2462077383,0.440562353968,0.476235547308,-0.116702909187,-49.7050847458,33.1480625605,0.381304704067,0.445437068783,-0.116662030598
268,0.0575999999981,-157.053645833,35.1104522943,0.473427416464,0.421252019703,-0.0908124548223,-127.80625,33.3009316325,0.479526338183,0.464474212844,-0.148065842346,-166.248958333,37.4529168606,0.485339323237,0.386786958668,-0.107724118214,-63.8286458333,34.4074616432,0.445691292146,0.543293587863,-0.185050195971,-109.375520833,35.6803002954,0.410374101053,0.551425139885,-0.189031560725,-93.0932291667,32.6364999413,0.34607992901,0.447473926004,-0.120728605278
269,0.0575999999996,-67.7703125,40.7658333182,0.867338519986,0.342062280513,-0.0266799672754,-99.9682291667,35.7186465263,0.69056819572,0.30440729321,-0.0476820097601,134.154166667,39.9107939005,0.64908576859,0.282505207462,-0.0339654063591,112.8359375,36.1011977792,0.551399109139,0.422209684039,-0.09850034173,66.7791666667,38.3784528971,0.554306671927,0.4042562088,-0.0668303064767,180.972916667,34.6527044773,0.484910149567,0.359766657697,-0.0339088936853
270,0.0576000000001,194.734375,36.6234866977,0.578813958761,0.334384815302,-0.0881259868956,11.1432291667,34.031799674,0.543323665771,0.333634440089,-0.094133025402,77.7619791667,37.9282357693,0.517005586619,0.270355809247,-0.0538435698018,184.845833333,35.5732201934,0.518447484131,0.395856529009,-0.107858520842,138.622916667,36.9110013247,0.476025674286,0.362482122378,-0.0787452775103,203.746354167,34.304386735,0.46092596139,0.297476883279,-0.0381456713621
271,0.0576000000001,87.5473958333,36.2151402831,0.55037163346,0.267166896025,-0.0580048623742,141.819791667,34.7019988298,0.601825218259,0.277333394857,-0.0692986667636,135.615104167,37.5508644581,0.49186469886,0.214352949639,-0.04756434501,166.231770833,35.9497628808,0.541947901136,0.277490008622,-0.0594800250728,179.706770833,37.3021507263,0.496891484078,0.284518582339,-0.0514699804316,208.008854167,34.070199281,0.444800466527,0.257160357316,-0.0266670899236
272,0.0576000000002,-20.5963541667,38.0898975134,0.680953054287,0.368356775492,-0.0709607405734,57.853125,35.236331284,0.648466993088,0.362892556237,-0.0828114355118,26.7953125,39.6171118021,0.629520347337,0.310834530042,-0.0632109874532,184.656770833,36.5359002352,0.578529337213,0.445948154433,-0.130953658714,163.521875,40.4906561375,0.666981856573,0.371506698662,-0.064394650246,232.334895833,35.5948764086,0.549785480759,0.317272627028,-0.0221869373254
273,0.0575999999981,179.500520833,38.0476529598,0.678010617935,0.213214796968,0.0311447237837,146.855729167,35.8824445009,0.704866088704,0.224391731666,0.00335344846826,171.657291667,40.2148374915,0.669341483768,0.199608075782,0.00166348238963,175.833854167,37.0560265779,0.610990958057,0.275723194703,-0.0150531412073,121.2578125,38.7126716375,0.572135523609,0.296921337023,-0.0171142945533,196.865625,35.1658347845,0.520242871249,0.249913133681,0.0110871544541
274,0.0576000000002,116.233333333,38.3974928856,0.702377823368,0.293356073322,-0.0157091481016,145.990625,36.5963300467,0.767181017576,0.303643300897,-0.043522777617,167.211458333,39.2006477118,0.601775056053,0.229064622428,-0.00880700767266,234.466145833,36.8236812353,0.59649004588,0.347146510147,-0.0556792699554,227.76875,37.8879670501,0.528141773437,0.308879952645,-0.0290986752411,272.066666667,34.7403982282,0.490948496648,0.279878960922,-0.00702001922355
275,0.0575999999996,-189.308854167,36.6708315611,0.582111644154,0.438206247985,-0.116985716296,-153.753645833,32.7159145474,0.428460311895,0.449080336839,-0.148158308657,-81.4057291667,37.8886072636,0.514365492408,0.385007434292,-0.0969207226008,12.9822916667,34.3089001179,0.439539965819,0.539216539357,-0.182072398122,-49.2822916667,36.2492403984,0.440724130793,0.51228331076,-0.169900572721,-80.1911458333,33.5682043731,0.410234497384,0.404581756797,-0.0569890836232
277,0.0576000000002,-197.24375,38.2929226756,0.695094252794,0.389596747234,-0.0418940395585,-198.171875,35.3934004307,0.662177528004,0.441805085633,-0.109214894306,-148.024479167,38.8822902441,0.580565734825,0.36845198134,-0.054880861604,55.6359375,34.6523575783,0.460975499724,0.541563802399,-0.170320605219,-182.279166667,36.0748146176,0.431419412062,0.549913280644,-0.167471993685,-117.3046875,33.3526553512,0.395392392961,0.483050777577,-0.128901568765
278,0.0378852085706,-139.458536585,36.0918213449,0.541782168164,0.461769612824,-0.155385633567,-74.1113821138,34.8348655701,0.61342312988,0.398400893299,-0.118175632525,-5.66991869919,37.2378998733,0.471014657363,0.445003891863,-0.173121294779,65.4276422764,34.8743394061,0.474829614265,0.519159523452,-0.191497289189,75.712195122,37.5859543405,0.512030947941,0.453134870384,-0.127294504811,223.505691057,35.1842121962,0.521508288556,0.377262155457,-0.0437521993909
279,0.0576000000002,-34.6041666667,37.2871434093,0.625039269932,0.392501631984,-0.0711648052093,-56.0885416667,34.9314872622,0.621857218386,0.451767066959,-0.137785329294,13.096875,39.8965344429,0.648135787995,0.337630071444,-0.0718739901131,206.8171875,35.4590904117,0.511324526886,0.492937557865,-0.157889902242,-7.98645833333,37.914457202,0.529554886862,0.467169458512,-0.143443146226,170.6203125,34.4419355392,0.470397188389,0.424645188265,-0.0968327248847
280,0.0379155758939,-236.5,36.7157745361,0.585242032154,0.40796458118,-0.020515437565,-226.53015873,33.777334849,0.521111481249,0.519835873729,-0.120702879636,-49.176984127,39.8415538243,0.644472919302,0.367831830467,-0.0428426871076,-169.775396825,34.5725950514,0.455997438254,0.550971596014,-0.135361455459,-188.065079365,35.9874920618,0.426761202608,0.56584476857,-0.14521593071,-188.065079365,32.1777836028,0.31449400143,0.513010545855,-0.112380697514
281,0.0348145971513,-140.365789474,37.5875133715,0.64596077156,0.327026252292,-0.0785685484175,-212.348245614,34.6450018632,0.59684996425,0.408333143121,-0.115631863879,-199.785087719,38.4598725971,0.552423811115,0.328831438759,-0.0754824123394,-171.542105263,33.2704638431,0.374730088198,0.559487322443,-0.232996642001,-201.579824561,34.9059417122,0.369066051398,0.554754466211,-0.232485361201,-161.999122807,32.1442715996,0.312186458369,0.477486471793,-0.180839660112
282,0.0574482406012,93.9411458333,37.494574368,0.63948734293,0.294972584816,0.0148537019995,-41.1239583333,32.692256093,0.426395170062,0.470281883609,-0.130411217455,-172.929166667,39.2715175748,0.606496483515,0.313610153506,-0.0323105878742,49.56875,35.0104219913,0.483322668593,0.467856002972,-0.10865945078,106.934895833,36.7723041177,0.468626891296,0.426679553231,-0.0967668304438,224.388541667,34.1518043876,0.450419566546,0.356682563201,-0.0529872870848
283,0.0576000000006,-166.472395833,38.0092002749,0.675332294499,0.379867731128,-0.0558250371978,-82.6604166667,34.4704277515,0.581611424383,0.402728403918,-0.101600234484,-52.0895833333,39.2154935002,0.602764098651,0.307889125077,-0.0474967242444,70.0619791667,35.369206965,0.505714808387,0.469343736768,-0.141264250764,115.356770833,37.5176460147,0.508387049913,0.374123169109,-0.0624627158923,196.865625,34.3801711202,0.46614426277,0.347612248966,-0.0464970440698
284,0.0576000000002,189.102604167,37.2580103874,0.623010083794,0.274603737984,-0.0190611856681,162.6109375,35.7319974303,0.691733593504,0.313720803708,-0.0534643053688,218.5734375,38.347745657,0.54495379224,0.236629959196,-0.0228049039415,235.531770833,36.391061604,0.569489809042,0.334231323563,-0.0630543415937,190.5578125,37.6051263213,0.51305367456,0.311841437593,-0.0451996427623,254.7703125,34.4907760024,0.473760206452,0.282544473186,-0.025153035067
285,0.0575999999996,-186.100520833,37.3005484343,0.62597296267,0.353908426128,-0.0467233208483,-112.452083333,35.2872811556,0.652914397354,0.385825703386,-0.101364698668,-107.525,39.1044089198,0.595363522917,0.301459144568,-0.0465028511207,61.1015625,34.4555274248,0.448691127088,0.45913155633,-0.154765795276,-69.540625,36.8812806606,0.474440229645,0.44262693217,-0.114054948273,6.74322916667,33.4634472132,0.403021211548,0.430890101474,-0.120373347643
286,0.0575999999996,-117.780208333,37.2790256739,0.624473849832,0.32814132655,-0.0266976381445,-36.0078125,34.6686996222,0.59891853697,0.411094981711,-0.101892597988,-63.5708333333,38.5104212761,0.555791419161,0.361463129753,-0.0864703020998,116.674479167,34.7687571049,0.468240114084,0.45624373504,-0.130662519106,102.1453125,37.8796890974,0.527700187216,0.358287197654,-0.0506119509155,234.363020833,34.4029221535,0.467710835464,0.30401510559,-0.0185435337407
287,0.0420063986401,-177.976811594,38.966459606,0.742007745342,0.418739089175,-0.0541747352058,-185.126811594,34.3064352948,0.567296555087,0.449124018135,-0.0977094699224,-216.341304348,39.9851041877,0.654036400856,0.34502565796,-0.0599399949222,69.1565217391,34.6493142999,0.460785565584,0.530457539403,-0.165780924989,-81.7188405797,36.6174623241,0.460366877603,0.49393439876,-0.129330394466,-4.32826086957,33.3743186619,0.396884068113,0.432360007063,-0.0973956498176
288,0.0386794358723,-81.5705426357,38.2422765687,0.691566627731,0.415586966415,-0.0538944665093,-84.8364341085,37.5580368042,0.851128211283,0.395221180001,-0.0842496499982,-44.5542635659,42.2474803481,0.804758364692,0.245878613965,0.0311152415004,76.8891472868,38.5257735141,0.702719378358,0.383969643435,-0.0294353878775,43.8209302326,42.4590002548,0.77198289654,0.328227165827,0.0461743352718,194.128682171,37.4474673604,0.677349726277,0.333721433615,0.048368731825
289,0.0200980851743,-145.016666667,38.418488936,0.703840249569,0.387019378218,-0.0328916216809,-7.3,35.9469491785,0.710496689325,0.385966300964,-0.0796522773294,-32.5333333333,40.5500911366,0.691676446739,0.295579432764,-0.0154244817942,158.3,36.4510295174,0.573232468292,0.411881487478,-0.069168386166,204.683333333,37.5778113278,0.511596560077,0.395142215219,-0.0751671866614,244.866666667,34.4667141654,0.472103375473,0.353157412599,-0.0458109597424
290,0.0576000000002,-75.2125,38.4199235439,0.703940173516,0.413393745897,-0.0420933357253,104.465625,35.1200655699,0.638318181767,0.386899380945,-0.0757017143163,163.521875,40.1806045771,0.667060849723,0.264122920576,0.00162501933482,113.981770833,36.7234106064,0.590232052638,0.378008716507,-0.060842726245,191.4171875,38.2089938521,0.54526690302,0.313899138011,-0.0299275625532,272.066666667,34.6526244283,0.484904637614,0.28972674883,-0.0143985357518
293,0.0576000000006,-136.88125,37.1444408894,0.615099690821,0.417198658688,-0.0828137404951,71.3625,35.8435642123,0.70147223596,0.353922892828,-0.0626972282589,129.897395833,39.6612259746,0.632459281552,0.281467808411,-0.0355880486095,220.7046875,36.8983439207,0.601149820987,0.429752977798,-0.101831742497,94.2390625,39.8553849459,0.633093404248,0.371264938265,-0.0582956791072,156.068229167,35.1069273353,0.516186668604,0.312049009372,-0.0293520179985
294,0.0576000000002,212.758333333,38.2221055627,0.690161667884,0.288170102285,-0.0211421554741,114.445833333,34.9641180634,0.624705554604,0.298011787469,-0.0601803264963,171.473958333,38.7177446485,0.569603528031,0.232406980358,-0.0307611780445,193.468229167,35.9613787532,0.542672859697,0.333354792092,-0.0676574789741,194.247395833,37.664727807,0.51623310743,0.316332807532,-0.0410256834148,212.758333333,34.4041238427,0.467793580434,0.278999696835,-0.0271568567769
295,0.0542796194502,3.75683060109,38.3862087688,0.701591857065,0.282808451623,0.0237448489967,-13.5366120219,33.4246998146,0.490330038452,0.381056550096,-0.100431591707,-133.33442623,37.2782096237,0.473700136839,0.3562312026,-0.0906698405743,-69.5344262295,35.7123642593,0.52713160862,0.442028543011,-0.0560372423125,-52.8240437158,37.9962742915,0.53391940799,0.437455217369,-0.0467858345851,65.5852459016,34.2107330072,0.454477226925,0.451299892342,-0.0623697961717
296,0.0576000000001,-21.965625,38.136975646,0.684232161229,0.407850273419,-0.0448417232037,104.15625,34.4446329474,0.579359801007,0.447521012276,-0.0931792231713,34.7932291667,40.0034012198,0.655255369067,0.316665413091,-0.0132027129603,93.4255208333,34.245906651,0.435608478662,0.511330212932,-0.134560152539,26.0677083333,36.1448839307,0.435157249707,0.469080165029,-0.0799915561729,37.9385416667,33.3646718264,0.396219813926,0.392975433031,-0.0482526792807
298,0.0576000000002,-177.724479167,35.2849313617,0.485580309728,0.496997841634,-0.164476028178,-178.016666667,35.2438077927,0.649119616055,0.328071583994,-0.0604119519849,-21.51875,38.1350260973,0.530782183494,0.499568951549,-0.174505570641,21.0317708333,34.8205081224,0.471469948401,0.502697557444,-0.192146962425,-87.9541666667,35.6130880713,0.406788674421,0.27573142547,-0.221285786247,81.2109375,34.5308842361,0.47652194755,0.252887503186,-0.125943904466
299,0.0576000000002,-119.183854167,37.1352553964,0.614459898796,0.449113337789,-0.0855588320719,-156.497916667,33.9393000603,0.53524939268,0.429823910352,-0.104866468973,-82.1390625,40.3064832687,0.675447025261,0.306614332832,-0.0294848835456,87.1005208333,35.0905314684,0.488322383577,0.477081805933,-0.105970125158,47.0307291667,37.8082316518,0.523888299835,0.441514630336,-0.0791368610553,153.209375,35.390863359,0.535737711216,0.382305085193,-0.0280687556051
300,0.0575999999996,-110.131770833,34.378728956,0.422461098461,0.377870059572,-0.146900556314,-127.365104167,32.9746171236,0.451042408883,0.457740601385,-0.166255260992,-114.016145833,36.9983739257,0.455057177856,0.412721602246,-0.119171694594,22.825,33.476077944,0.387562676044,0.537791192066,-0.210698938405,-53.6421875,34.9689782858,0.372428728544,0.510209602187,-0.23089358001,-151.9546875,31.7861607075,0.287527941213,0.452939740382,-0.178431621958
301,0.0576000000001,21.4729166667,39.8493768573,0.803505088721,0.344041886041,-0.0123029702863,-72.909375,35.5409094691,0.675053562956,0.383522792254,-0.0750886792566,-8.77135416667,40.261248529,0.672433437631,0.334423671709,-0.0647284057413,109.083333333,36.1394899487,0.553788962888,0.422564752866,-0.101970966862,39.9208333333,39.6843503118,0.623969585758,0.4591729776,-0.129428455781,147.686458333,34.5560654998,0.478255859129,0.438087200746,-0.106958908284
302,0.0199147699724,-131.816666667,38.397615242,0.702386345791,0.313397405297,-0.0106056636907,75.13,36.6856147766,0.774974664092,0.317645256966,-0.035734185233,59.6566666667,40.9487398148,0.71823485586,0.242981100082,0.00303205025266,144.925,36.7915733337,0.594486158668,0.36419262588,-0.0886911986745,172.516666667,37.9108037949,0.529359996374,0.312919867039,-0.0735856526109,250.048333333,34.6848770142,0.487125460716,0.301115311682,-0.049824084295
303,0.0576000000002,-38.3395833333,38.0584946275,0.678765766571,0.302059276029,0.00832424526016,-124.6609375,34.4171814919,0.576963568847,0.374194767792,-0.0775438840792,-83.4739583333,39.0385048389,0.590972921271,0.319523419952,-0.036232888684,95.8203125,35.141561389,0.491507213487,0.494312454015,-0.115214434358,-47.0765625,36.8858998418,0.474686639214,0.491728977766,-0.122208854698,-13.2973958333,34.0269932747,0.441825421448,0.463145351503,-0.083200312878
304,0.0576000000008,257.915625,37.650254786,0.650330864347,0.266210678499,-0.0418866703528,182.6171875,36.1048557758,0.724280325145,0.292833030922,-0.0459470378073,175.346875,39.3768352866,0.613512864182,0.229055040516,-0.0253313851572,187.366666667,37.1681804657,0.617990597723,0.342811145354,-0.0594599532269,195.313020833,38.9782087207,0.586300561945,0.314274847042,-0.0349378029841,225.454166667,35.694826901,0.556667792873,0.269281311426,-0.0095824723885
305,0.0576000000007,-190.173958333,37.8364565969,0.663300275334,0.345491401153,-0.0334824677493,-80.6666666667,34.4506674409,0.579886550753,0.407684819307,-0.0879132443224,-191.778125,38.6583573818,0.565647083647,0.346966057085,-0.071663332692,-19.765625,33.9274967313,0.415736187571,0.524746001698,-0.162186990725,-126.127604167,36.148141861,0.435331043539,0.497616791632,-0.147266671323,-95.0182291667,32.6995999813,0.350424821757,0.463405820541,-0.115987423691
306,0.0145361350486,-172.929166667,38.5841748714,0.715380679718,0.349065952003,-0.0570102660931,101.910416667,36.9111611843,0.794662565657,0.416338419542,-0.0793872064096,6.55416666667,41.4774241447,0.753456381731,0.261466011405,0.000200157053769,-114.972916667,36.2484927177,0.560591937986,0.505458381027,-0.135201087454,-172.929166667,37.2501857281,0.494119418558,0.555105207488,-0.176033016993,-14.0020833333,33.8039677143,0.426468503444,0.453531159088,-0.0925150299463
307,0.0576000000001,-45.1114583333,35.684412539,0.513405149599,0.429252565955,-0.0978496044918,-164.409895833,33.7716018856,0.520611051994,0.485445796978,-0.147175005375,-179.809895833,39.1014708877,0.595167788015,0.360729038715,-0.062093763363,-180.875520833,33.8755857944,0.412496372529,0.583438674454,-0.216429777967,-210.5296875,34.6136109829,0.353471709776,0.624826279469,-0.254878970329,-202.921354167,32.4841580987,0.335590094652,0.525214645546,-0.179448436131
308,0.0173292805209,-236.5,35.7937272724,0.521019187821,0.453613045969,-0.118724736336,-75.9,34.4617789419,0.580856471491,0.404219768549,-0.0898204979144,-99.0771929825,38.3534646285,0.545334796353,0.296634202725,-0.0336823263941,111.466666667,35.1232558803,0.490364747832,0.470412560199,-0.131199939667,64.7649122807,37.7702425907,0.521861778714,0.382747167035,-0.0577333611314,165.0,34.9680954783,0.506627094174,0.317022958868,-0.0348978816152
309,0.0576000000001,-94.05,32.9621730745,0.323794520891,0.441720329458,-0.217716629406,-175.593229167,32.1113530099,0.375688254198,0.442116702674,-0.214170133404,-94.4395833333,36.5803607106,0.427208682197,0.374991926597,-0.142610708528,-99.2291666667,32.4759062529,0.325140930503,0.543816384859,-0.304972624988,-152.14375,34.4319754839,0.34378238964,0.513251963072,-0.245350171812,-133.1,30.6673466563,0.210489526353,0.346690690203,-0.245294552303
310,0.055599349521,28.0795698925,37.5263980742,0.64170394181,0.404274205527,-0.0737949897227,64.2198924731,34.7369352771,0.604874813872,0.404331282743,-0.116319185596,109.810752688,39.3498834179,0.611717301336,0.287023892326,-0.025779140225,202.83172043,35.4203462908,0.508906466394,0.368891456915,-0.061074606203,172.812365591,37.7226860292,0.519324880638,0.363830038376,-0.0577166714844,242.047311828,34.581884138,0.480033658544,0.304027999841,-0.00648895985327
311,0.0576000000002,-212.6609375,37.2528299093,0.622649250839,0.332858966198,-0.0414501246742,-151.5078125,34.190684557,0.557192695951,0.423507207073,-0.103819137374,-207.3328125,39.5618897676,0.625841395257,0.34217987163,-0.0632852769413,23.9880208333,34.3940834403,0.44485634472,0.529026384465,-0.172024640604,-168.666666667,36.5897606611,0.458889136292,0.533093277365,-0.168781378976,-93.225,32.9715992808,0.369153934836,0.499506530352,-0.147934997542
312,0.0576000000002,-51.9005208333,38.1761222482,0.686958817698,0.299656110583,0.0295978808717,-99.89375,35.1007855535,0.636635232926,0.396330141928,-0.0708183437528,-121.3265625,39.2403286695,0.604418644679,0.3649814073,-0.0655200219007,-48.125,34.7749254704,0.468625088128,0.507769284304,-0.12657238165,-121.681770833,37.0445173979,0.483148070424,0.500920015387,-0.131799189161,-66.1260416667,32.8019000888,0.357468921813,0.497606629506,-0.134562967083
314,0.0576000000002,18.9348958333,36.2564499378,0.553248951824,0.356446036138,-0.0885329981129,-48.74375,34.6092847586,0.593732225214,0.409487163182,-0.131149213077,10.6046875,38.1784453392,0.53367482068,0.335345983971,-0.0988854266398,61.3708333333,35.2490158081,0.498213554476,0.447983268416,-0.158005664765,3.31145833333,37.6917785406,0.517676125006,0.414292642505,-0.111870638638,112.652604167,34.041039288,0.442792590749,0.361955832108,-0.079548153346
315,0.0576000000002,-27.1104166667,39.7181033492,0.794361568203,0.250542463968,0.0448289289475,-14.4776041667,35.059127152,0.632998879253,0.403721383773,-0.0789792694104,-14.953125,42.8479964733,0.844765402996,0.268962393049,0.0355220727915,14.575,34.209243238,0.433320277286,0.536950630136,-0.135624528019,-97.6822916667,38.1094976664,0.53995929299,0.444209532812,-0.0614233753604,-12.16875,34.2349050641,0.45614164734,0.475565157831,-0.0893007313098
317,0.0575999999986,-131.117708333,36.9151933193,0.599132037552,0.48233302217,-0.120836290022,-150.041145833,34.0873965025,0.548176701992,0.496751350351,-0.144028148963,-69.575,40.4103059769,0.682363807154,0.354756359244,-0.0548192451406,-90.8130208333,34.0479822755,0.423255814499,0.577734163497,-0.19137926551,-134.280208333,35.9721671939,0.425943699686,0.522769298404,-0.139670857025,-82.7119791667,33.4155414104,0.399722551596,0.439969520783,-0.0975319147146
318,0.0576000000008,-130.413020833,38.2570336461,0.692594494218,0.41066050576,-0.0780607005945,-115.110416667,33.9102998972,0.532717974149,0.446494750679,-0.126507732298,-126.540104167,38.5257486105,0.556812542873,0.353518484859,-0.0681535249587,-57.4578125,34.561352849,0.455295800825,0.526207373943,-0.156616560736,-87.9541666667,36.4739217758,0.452709727256,0.533634467982,-0.132015096737,105.920833333,33.9016215205,0.433192672155,0.427205431042,-0.0773347312643
319,0.0556952392768,-64.9946236559,38.8049856001,0.730760686377,0.349184390758,-0.00894186695317,-45.4311827957,35.8313079342,0.700402387851,0.370973072225,-0.0346166146393,-56.0408602151,41.2993130838,0.741590428863,0.305246540375,-0.0199056384811,-112.501612903,34.2020153538,0.432869177588,0.533571315389,-0.148600127289,-214.091935484,36.6989890683,0.464715910304,0.526515104117,-0.0901677991797,-228.646236559,32.9429157626,0.367178867779,0.515136501962,-0.140515462435
320,0.0576000000001,-159.213541667,30.7599270344,0.170402704456,-0.00543001439655,-0.213269847038,6.95520833333,36.1875020862,0.731494505318,0.326263361843,-0.02226458308,-177.586979167,44.0979216099,0.928036776929,0.172034619958,0.0858766931342,-168.3,27.4255149961,0.00994080966543,-0.129460787866,-0.309224202763,-173.364583333,31.834920913,0.205242878993,-0.0806498358725,-0.178096478754,-107.931770833,28.7150965333,0.076063028283,0.00986903207195,-0.144464470126
321,0.0576000000007,49.1677083333,38.6286631227,0.718479395092,0.286732403212,-0.0449301297258,66.5098958333,35.8865030408,0.705220357851,0.265682908939,-0.0194200496862,147.147916667,39.6861125827,0.63411725449,0.248179859249,-0.032508281658,149.2734375,36.7991678715,0.594960141591,0.368154213764,-0.0810093744108,104.219270833,38.0385739207,0.536175875759,0.36960683763,-0.0825880787011,130.963020833,34.6691271663,0.486040970121,0.311410254217,-0.0378446015882
322,0.0576000000001,8.65104166667,35.6142896414,0.50852091848,0.372984569054,-0.0432495179266,-36.678125,35.470412612,0.66889990616,0.430101692211,-0.100403339609,-113.907291667,38.9476071,0.584917214904,0.374186528614,-0.0657824354257,-48.6119791667,35.2090138197,0.495716989173,0.516551332548,-0.15302765092,-82.6489583333,36.1754325628,0.43678686219,0.52091530757,-0.153019887719,66.8135416667,33.9285115004,0.435044241162,0.419138420839,-0.0611073421824
323,0.0575999999996,-193.4796875,35.4167386889,0.494761012057,0.269256931148,-0.0763807912808,-118.376041667,32.8782709539,0.44263237068,0.353772121714,-0.126382367031,-157.91875,37.5971146226,0.494945935193,0.28675583587,-0.105182312189,-76.1234375,32.7071033716,0.339570180845,0.420683803794,-0.218432120164,-162.18125,34.5761728883,0.351474579887,0.409650688467,-0.185029633154,-114.503125,31.4818769395,0.26657580969,0.407430622145,-0.165088300204
324,0.0450921447067,-189.170666667,35.976854248,0.533774429023,0.452467803657,-0.134128943277,-170.624666667,33.9858576202,0.539313392932,0.429776971638,-0.131613684148,-148.206666667,40.1043864441,0.661983114693,0.310390270352,-0.0331492148514,34.7893333333,34.376366272,0.443750597994,0.514647373557,-0.123090578122,-53.416,35.7747806549,0.415414142538,0.509613527656,-0.129298210237,49.6613333333,34.069598999,0.444759132786,0.414570050538,-0.0693247936585
325,0.0575999999986,-178.692708333,35.8561146259,0.525364619395,0.285619126167,-0.00431619361188,17.6057291667,35.6294572353,0.682782880052,0.319542839192,-0.0419432379567,-184.089583333,44.7819005251,0.973604197204,0.171392829623,0.0828030685661,-168.3,27.2857500613,0.00121793611152,-0.160567604005,-0.315802183468,-193.233333333,46.1168504357,0.967110399738,0.122584856814,0.109121973626,-156.881770833,40.686257422,0.900363775977,0.103071763049,0.112546494696
326,0.0576000000007,93.3052083333,39.649849534,0.789607523243,0.275197298964,0.0326947381436,81.3541666667,33.6276729107,0.508047520087,0.480225362349,-0.138327722671,46.7614583333,41.5105349422,0.755662259116,0.334076881176,-0.00912179303941,-12.8734375,35.9523799419,0.542111234617,0.501662686933,-0.0751050133986,49.56875,37.9171808958,0.529700181927,0.475358316209,-0.0589507462937,-80.8671875,32.8920503855,0.363676419787,0.55782333808,-0.161000805965
327,0.0575999999991,81.3541666667,38.3628584743,0.699965452012,0.350115200737,-0.0447039085302,87.896875,36.3906072378,0.749223514056,0.321104066214,-0.0480671184923,67.203125,39.2158685923,0.60278908769,0.271642385982,-0.0396216627423,175.306770833,36.731554985,0.5907403517,0.368321941467,-0.0745367816605,123.2171875,37.9325085878,0.530517835501,0.351048408542,-0.071275928628,161.883333333,34.6000189781,0.481282373048,0.309047367657,-0.027647888468
328,0.0575999999997,12.1229166667,38.8488051295,0.733812823643,0.361343965866,-0.0140091822213,-96.2958333333,34.8327380419,0.613237418363,0.423250852153,-0.085339904088,-131.9484375,39.8704186678,0.646395926614,0.30483992002,-0.0268416606398,-48.2453125,34.2222212553,0.434130248716,0.500382215716,-0.123365864492,-98.1348958333,36.6320052147,0.461142666058,0.476077422965,-0.0989052770092,22.446875,33.5615283549,0.409774805389,0.444781262428,-0.0844255098382
329,0.0575999999996,138.330729167,35.8967838883,0.52819733287,0.337940339232,-0.0353658927415,49.56875,34.2288162112,0.560521200551,0.41484037647,-0.0946518139826,-172.929166667,38.7234592438,0.569984240595,0.351930999197,-0.0730861225966,208.444270833,35.0874072909,0.488127400444,0.441228874493,-0.106173371532,168.7640625,37.2557405233,0.49441573833,0.404587612953,-0.0789021561504,232.334895833,34.5388684273,0.477071716684,0.350928221131,-0.0424092148187
330,0.0576000000002,-94.7317708333,35.2388414145,0.482370032313,0.401478169952,-0.0604129637504,-139.975,32.3600140214,0.397393824979,0.494449357968,-0.140337745965,-117.213020833,37.0179741383,0.456362965365,0.453875152394,-0.117800747857,-101.898958333,33.3183681965,0.37771984824,0.565624771174,-0.189332240261,-61.2447916667,36.2781333923,0.442265423488,0.422073110472,-0.0814834730218,52.765625,33.5967233479,0.412198234439,0.429088951787,-0.0794925220616
331,0.0576000000002,-197.24375,35.477248013,0.498975634294,0.442318902351,-0.108053376636,-163.9171875,33.9387660027,0.535202774896,0.460253638215,-0.129367531801,-157.036458333,38.7785754204,0.573656140309,0.353533694521,-0.0615017219602,-41.1239583333,34.1813382506,0.431578698281,0.554273388814,-0.169151172158,-97.6765625,36.448126018,0.451333656187,0.51258271141,-0.138071666472,-12.9364583333,32.9234801531,0.365840585918,0.44765668083,-0.096232879936
332,0.0575999999986,228.651041667,36.3477490246,0.55960815625,0.267419810261,-0.0310811260433,221.7703125,35.4253900647,0.664969896867,0.274141596223,-0.0495645656338,170.202083333,39.5735319257,0.626617008505,0.214348585578,-0.0161724886748,237.2734375,36.1096889079,0.551929049227,0.276748489821,-0.0490641099927,244.54375,37.2932320237,0.496415717142,0.268397235195,-0.0480457345002,237.663020833,34.219230175,0.455062318199,0.268710408731,-0.0287043916014
333,0.0576000000006,199.466666667,37.2012925744,0.619059549565,0.27597371093,-0.0311574616742,141.590625,36.1924692988,0.731928092335,0.288535709842,-0.0365563441919,16.4140625,40.4497203827,0.684989637797,0.234538201592,-0.00541016937132,159.6375,35.0456433594,0.485520870456,0.275880914414,-0.060643835177,73.9463541667,37.6570908427,0.515825714643,0.282958199619,-0.0487735277738,214.058854167,35.1845005155,0.521528141418,0.278371356952,-0.0250478482585
334,0.0576000000006,-160.141666667,36.36254251,0.560638558646,0.396208914462,-0.130206530186,-144.248958333,32.5717179179,0.415873416466,0.451674546115,-0.158090749377,-181.849479167,37.095040381,0.461497202389,0.354862056673,-0.119310724011,-100.44375,34.0100634694,0.420889262751,0.48178308527,-0.183679141803,-119.344270833,38.3435786366,0.552446309412,0.450910057581,-0.159791595743,-23.9880208333,34.0319333375,0.44216558039,0.360653936339,-0.0953242732612
335,0.0576000000007,-216.871875,36.7143045068,0.585139641019,0.46746725589,-0.110546269276,-172.929166667,34.9878844023,0.626780113646,0.453120321501,-0.122695433907,-157.036458333,39.0871580839,0.594214253441,0.344839010853,-0.0617113946573,25.7296875,34.3058824539,0.439351630303,0.543722118717,-0.181268731714,-180.875520833,38.3816842437,0.554479047657,0.544988455717,-0.178158557625,-31.2984375,33.3648854494,0.396234523413,0.472537520342,-0.13374223006
336,0.0456049162892,150.023076923,41.4021929227,0.911662520966,0.269031887158,0.0734449702028,18.3403846154,35.0475683212,0.631989911192,0.445260415857,-0.122239732649,85.0455128205,40.7055742557,0.702034901477,0.287331916678,-0.0118631720991,117.805769231,35.9812792264,0.543914868733,0.501265102854,-0.125747804423,113.208333333,39.6031312943,0.619636968697,0.394845059858,-0.0477381089362,170.782051282,36.010431143,0.578399420663,0.348378053938,-0.0278431708911
337,0.0575999999996,-217.020833333,37.8121832013,0.661609574039,0.362099853344,-0.0844337624148,-127.416666667,35.3480041027,0.658214891464,0.359926134115,-0.0797414351694,-52.2786458333,40.2974045277,0.674842189643,0.29481558525,-0.0297715903271,78.2604166667,35.0495689511,0.485765870679,0.463598783826,-0.137572215899,61.2505208333,38.4163452387,0.556328033559,0.450504850596,-0.0894955062831,149.336458333,33.8502711058,0.429656825826,0.418515933445,-0.0609674690349
338,0.0576000000008,100.627083333,36.4102876186,0.563964122094,0.383931898046,-0.0754956873334,-76.7479166667,34.8495610952,0.614705899382,0.400052370038,-0.103903950148,-28.5427083333,38.4905000925,0.554464248214,0.335627378896,-0.0637704061301,124.466145833,35.4074993134,0.508104673296,0.439558299957,-0.123383691031,146.953125,37.5588761568,0.510586466043,0.411912231939,-0.100439360969,216.4421875,34.219230175,0.455062318199,0.318229389377,-0.0236743508103
339,0.055709955178,-139.747311828,35.9695176155,0.533263414646,0.364463592729,-0.046963970021,-205.084946237,34.9150034381,0.620418348622,0.430407248197,-0.100225857204,-182.830645161,38.2794923475,0.540406682424,0.372086169739,-0.0845991715849,-161.315591398,33.7225274424,0.402943843112,0.561083870309,-0.192887674717,-225.346236559,35.89735308,0.421952751308,0.563882964032,-0.179486034078,-154.159677419,33.0481025942,0.374421739604,0.546395847273,-0.171317395138
340,0.0575999999996,-188.042708333,38.6858614683,0.722463399594,0.357092719525,-0.0332703123811,-164.8796875,35.7615855336,0.69431633322,0.420850461116,-0.0968476340204,-200.452083333,39.172501564,0.599899929037,0.347341025248,-0.0391222461567,-84.5911458333,34.5019112229,0.45158598771,0.560049189255,-0.169469876098,-220.028645833,37.245806694,0.493885819604,0.526523088425,-0.151777808293,-193.519791667,32.696128428,0.350185780278,0.51455083536,-0.168630653003
341,0.0576000000001,249.5796875,38.9567397833,0.741330735945,0.273236169713,0.00482278319123,248.227604167,36.1146018505,0.725131058086,0.262965919217,-0.0291748768504,256.173958333,40.4495594501,0.684978916296,0.210984136909,-0.00290362593387,265.1859375,37.3467718363,0.629136669132,0.307822945761,-0.032528556917,219.146354167,40.1623123288,0.649466402302,0.268932579551,-0.00939533216297,264.1203125,35.1272754073,0.517587780089,0.251823582221,0.0058298851219
342,0.0576000000001,-123.8703125,38.6047367454,0.716812864465,0.325619145297,0.0161432476198,-104.694791667,35.473510325,0.669170304918,0.399519842118,-0.0581194260621,-19.6166666667,40.8795893788,0.713627978505,0.323882844299,-0.0193036440742,-27.1619791667,34.2809680104,0.43779669422,0.52898658393,-0.138624253508,-163.682291667,36.3473481536,0.445957675188,0.507332243491,-0.116108957613,-95.2072916667,33.0075421929,0.371628863508,0.502322946675,-0.131567200937
343,0.051388836657,-209.556321839,36.6326590571,0.579452836001,0.422983929001,-0.124663350389,-193.568390805,35.8265953064,0.699991023499,0.423973220433,-0.113182222601,-131.816666667,38.6919572764,0.567885545221,0.339452013373,-0.0588550962235,-85.1804597701,34.5975816661,0.457556878619,0.543063395496,-0.168684375569,-200.787931034,35.8783964617,0.420941513174,0.548083339754,-0.179033891426,-223.565517241,32.4427263983,0.33273722333,0.505164055346,-0.175269268646
344,0.0576000000001,-111.2375,37.9804676771,0.673330998871,0.357087001903,-0.0272521325933,-7.93489583333,34.8746088743,0.616892315091,0.438053171616,-0.119557755213,14.9302083333,40.0622555614,0.659176309399,0.309500824427,-0.00982050327457,40.6484375,35.3282709718,0.503159950883,0.481004633009,-0.117965469413,-156.583854167,37.2373687029,0.493435696154,0.516759095713,-0.134187694966,-81.8067708333,33.14212659,0.380895969695,0.508751805872,-0.147164895578
345,0.0576000000002,-81.6692708333,36.7371628881,0.586731783114,0.368402666878,-0.0335596212783,-148.975520833,33.6739756465,0.512089276789,0.396455505397,-0.0838636441622,18.9635416667,39.3379018307,0.610919074944,0.357780918246,-0.0525016063357,-58.9130208333,34.906465888,0.476834661097,0.518579980824,-0.123105764476,-186.690625,36.3821159005,0.447812355756,0.541976732668,-0.0883300937194,38.3166666667,33.9844281673,0.438894506883,0.508576480672,-0.105084517301
346,0.0576000000002,-78.0484375,36.3318601847,0.558501459733,0.431260447018,-0.104168689135,-215.80625,33.2235454917,0.472771317172,0.458635523915,-0.146477467264,-13.1713541667,37.1537873149,0.465410987111,0.422840948217,-0.127837407768,-129.903125,33.0291985869,0.359672475029,0.579998340458,-0.233721386641,-37.3083333333,34.911726594,0.3693746451,0.578836280853,-0.216440189222,-25.678125,31.8826931715,0.294174897428,0.545639504679,-0.177807602195
348,0.0576000000002,47.9130208333,37.9234560132,0.669359997209,0.309750651242,-0.0418485332457,167.211458333,36.2687337399,0.738585200391,0.306446009781,-0.0596367293474,174.0921875,40.0746989846,0.66000530381,0.233438833384,-0.0434356588048,230.782291667,36.7994881272,0.594980129083,0.342640647897,-0.087713882458,237.2734375,38.4015248418,0.555537441572,0.300678799162,-0.0548166673998,236.597395833,34.9904475808,0.508166197609,0.263938839082,-0.0190725832306
349,0.0576000000006,272.066666667,37.9729906321,0.672810204417,0.198649656377,0.0403294112766,212.36875,36.8505983353,0.789376046477,0.216494674562,0.00740664488694,265.1859375,40.1283180714,0.663577465767,0.186104163178,0.00514637012566,251.034895833,37.5788503885,0.643620930646,0.268331297208,-0.011813525668,250.6453125,39.1730897427,0.59669646264,0.257948023267,0.0123333943211,256.173958333,35.315746963,0.530565405712,0.228898046305,0.0196919102818
350,0.0576000000002,-93.465625,36.5655673742,0.574779736395,0.509360316209,-0.133136184283,-132.521354167,33.3287560344,0.481955124748,0.48459237488,-0.151608919667,-104.419791667,38.5992364287,0.561708381362,0.401124178898,-0.0898556214206,18.4078125,34.7727091312,0.468486764121,0.533277699724,-0.167873777013,71.6489583333,36.4322108626,0.450484664461,0.455880193971,-0.125133927276,42.6880208333,33.8901923299,0.432405689967,0.42543077888,-0.0699881629989
351,0.0576000000007,92.0046875,37.3115502,0.626739262528,0.394162746612,-0.0622234097036,-37.8411458333,33.6491419673,0.509921549816,0.428615913726,-0.1166197079,74.4734375,38.9064846039,0.582177589424,0.307682270883,-0.051890139539,209.171875,35.3062408566,0.501785028704,0.442274846602,-0.122680896035,106.5453125,36.921148181,0.476566956908,0.415306012146,-0.113795630803,256.173958333,34.1989623308,0.45366673098,0.329697032226,-0.0468137638045
352,0.0575999999996,-198.171875,37.4929990172,0.639377615901,0.42949433485,-0.083041396671,18.459375,33.9134508967,0.53299302428,0.405314887874,-0.104805731562,0.7390625,38.8198584318,0.576406459494,0.308987093391,-0.0471508250239,122.0140625,35.97510463,0.543529505808,0.439933128189,-0.103815510614,18.459375,37.6769047379,0.516882684096,0.410419318825,-0.0737297317501,178.0625,34.7405583858,0.490959524659,0.331339680124,-0.0212603067785
353,0.0575999999997,-214.064583333,37.0741582513,0.61020433339,0.451862128451,-0.106450969874,-134.601041667,33.7753942609,0.52094208769,0.452116026543,-0.128611369257,-104.7578125,38.0615382195,0.525886341034,0.366728142137,-0.0833508579071,66.9625,35.2746509314,0.499813468926,0.49647657387,-0.138071114794,-32.7192708333,37.1958183646,0.491219199205,0.453925301088,-0.104035507127,73.0697916667,33.9976731539,0.439806519711,0.39774727961,-0.0609975686485
355,0.0575999999986,-220.607291667,35.3851756454,0.492562568967,0.408286794554,-0.0269073263999,-228.553645833,31.9864349663,0.364784182741,0.568199232686,-0.183050549065,-157.036458333,37.71391505,0.50272730688,0.428741610609,-0.0793565478962,-68.0223958333,34.739997685,0.466445209062,0.580937297549,-0.160233233153,-132.521354167,36.7314746976,0.466448851627,0.615789304022,-0.190483123704,-204.714583333,32.4791109264,0.335242560445,0.559984236024,-0.152139377999
356,0.0576000000002,85.9890625,37.304099977,0.626220336299,0.30154837505,-0.0536660117978,102.374479167,36.2601354122,0.737834654063,0.338797265664,-0.092706505442,175.346875,40.5878822803,0.694194133896,0.24925250723,-0.0335520913086,148.648958333,37.9005445838,0.663698196755,0.381922766799,-0.0821289821615,90.5380208333,39.8649180532,0.633601946514,0.322683861014,-0.02041836641,212.758333333,36.2862510681,0.597391611367,0.279016070301,0.00963239023258
357,0.0575999999997,240.28125,40.3408507109,0.837737443217,0.272378074937,0.00760870127215,240.28125,37.3365986943,0.831798922227,0.287792341784,-0.0261833985442,249.293229167,41.2032871246,0.73519307488,0.213717782404,0.0045239922074,264.796354167,38.969610393,0.730419695175,0.319127199473,-0.0216646996232,272.066666667,40.9281361103,0.690319164165,0.317763784202,-0.0102917324168,264.1203125,36.8503313661,0.636232607297,0.291090057464,0.00910570612677
358,0.0575999999981,-163.241145833,37.0110581517,0.605809257312,0.497309342027,-0.140182618561,-156.308854167,33.7640730739,0.519953863502,0.461584763601,-0.128131295671,-41.9145833333,38.9379938841,0.584276771989,0.330609952332,-0.0450327759845,40.0640625,34.7924160361,0.469716692356,0.49813059275,-0.140841798195,-51.7057291667,36.9190118313,0.476452993635,0.491512833629,-0.127626904606,-67.4953125,33.560033083,0.409671845135,0.406693623867,-0.0784067192435
360,0.0576000000002,-156.068229167,37.0339429379,0.60740323857,0.382974423235,-0.0961424920679,-52.7369791667,35.1682914495,0.642527809318,0.385635674,-0.0821880724106,-63.1354166667,41.2724485397,0.73980068368,0.24608031055,0.00178231084283,14.6151041667,37.6082239747,0.645454166417,0.37811008608,-0.0357616841811,139.5625,38.9255498052,0.583491479506,0.36899916688,-0.0349559974302,225.740625,35.1418285966,0.518589872109,0.347914751153,-0.0274256323587
361,0.0186108100693,-211.071666667,37.2880409241,0.625101784031,0.3055435583,-0.0259901172423,-123.915,35.8198301315,0.699400492716,0.466582874954,-0.123055774812,-100.65,38.2057794571,0.535495849384,0.381008465588,-0.0707018123008,-152.753333333,34.5173938751,0.452552275982,0.624452865124,-0.24396969974,-229.68,36.660663414,0.462671433668,0.596268452704,-0.197308897926,-212.153333333,32.3619046211,0.327172061187,0.578464266658,-0.209018271416
363,0.0576000000002,-27.9010416667,38.7581202388,0.727496399474,0.357227573637,-0.0201318608949,-74.6854166667,34.8616313338,0.615759508134,0.415828605415,-0.0801837895815,-95.7859375,40.8304553032,0.710354612872,0.276405461133,0.0131909250194,-62.2760416667,35.1037499309,0.489147361436,0.49438542733,-0.113701448798,-90.7614583333,37.2909886241,0.496296043305,0.472096432,-0.0976493449375,122.1,33.8099222779,0.426878518086,0.395117814885,-0.053652241917
364,0.0576000000007,-145.033854167,37.9241773486,0.669410239982,0.42953827465,-0.0777972650812,19.6395833333,35.6338896155,0.683169781648,0.416154444218,-0.0863921460696,12.8963541667,39.9989681244,0.65496003142,0.315524788341,-0.0354341094417,133.036979167,36.3613674641,0.567636567179,0.460197541397,-0.105806811644,-36.4890625,37.9009452462,0.528834093484,0.454040020704,-0.0895418900873,57.5151041667,34.9074270129,0.502449632873,0.385360111482,-0.0450798124375
365,0.0575999999996,241.633333333,37.5971156955,0.646629596881,0.263558639446,-0.000604539533924,200.549479167,36.1728153229,0.730212500639,0.318814759841,-0.0544516232421,216.4421875,39.2987023592,0.608307563461,0.247340629576,-0.0226821954984,249.293229167,36.6143010259,0.583422411322,0.346738120308,-0.0489851138555,241.633333333,41.09455055,0.699196519033,0.294440833153,-0.024224031491,232.334895833,35.3798347712,0.53497831342,0.263826364418,0.0098322372869
366,0.0576000000008,-96.0036458333,36.804775238,0.591441148457,0.416957547422,-0.0646976855278,-104.9984375,34.2356521487,0.561117908191,0.453600711189,-0.105635403626,46.5609375,39.6196213365,0.629687535249,0.319974859711,-0.0361130377933,82.603125,35.5575987697,0.517472534984,0.454591332003,-0.101230677752,172.8203125,37.6441662908,0.515136256237,0.429251499474,-0.088364362191,208.495833333,34.2694057226,0.458517266452,0.360416733194,-0.0565600154574
367,0.0575999999996,-73.3848958333,36.4886085391,0.569419365531,0.360783952288,-0.0164252152244,-6.05572916667,33.3969026208,0.487903626873,0.471661095973,-0.134882657381,-166.386458333,40.3444023132,0.677973233304,0.294587599114,-0.00422805646667,8.43333333333,34.6956970096,0.463680358276,0.489121791907,-0.112764408215,154.2234375,36.8611727357,0.473367575219,0.413295947947,-0.0738265301443,232.334895833,34.1224575043,0.448398822019,0.369595973054,-0.0590840071859
368,0.0493223187342,-204.413333333,36.8293425242,0.593152319953,0.34118695226,-0.0331461358302,-187.786666667,33.0410691014,0.456842988955,0.476771750936,-0.151020017625,-104.04,40.7226883924,0.7031750639,0.292335843047,-0.0168599106233,-17.7333333333,34.4501159103,0.448353388892,0.512179810692,-0.131508937675,-170.793333333,37.3282152105,0.49828189032,0.425596809774,-0.0670035706695,-7.91333333333,33.024168509,0.372773705258,0.442293141175,-0.0953093270544
369,0.0576000000001,230.392708333,37.2147775292,0.61999880961,0.25615408225,-0.0387176278164,162.461979167,35.3959369063,0.662398936465,0.288676476805,-0.0561137146506,163.527604167,38.7031115294,0.568628653698,0.234202887863,-0.0377796958128,197.152083333,36.6158762574,0.583520723146,0.312828935916,-0.0518564431877,207.905729167,38.261813283,0.548084548126,0.276795126498,-0.0267455852409,244.54375,34.9453725815,0.505062458883,0.249114288599,-0.0121224377472
370,0.0576000000008,-71.0302083333,36.7537457943,0.587886823043,0.417628346477,-0.0849808232379,-93.465625,33.9359345436,0.534955617393,0.451751472428,-0.120768570225,-131.066145833,38.4454778433,0.551464816935,0.344542063307,-0.0685853976829,232.334895833,34.7701722383,0.468328434022,0.466070710216,-0.12542577897,99.378125,37.0846789479,0.48529048266,0.44012323441,-0.105484564556,153.936979167,33.8661327362,0.430749013455,0.387975533959,-0.0695157500568
371,0.0575999999986,232.334895833,37.8589674234,0.664868209396,0.32358684577,-0.0417841631825,225.454166667,34.6964450479,0.601340429722,0.317690079333,-0.0585112675913,147.634895833,39.5340642333,0.623987627854,0.268046053825,-0.0464099554811,242.022916667,36.3609934449,0.567613224258,0.36150058452,-0.072093101915,233.400520833,39.4705371261,0.612563751453,0.333554493962,-0.0392040504921,272.066666667,34.9405660629,0.504731495422,0.306287057232,-0.0204938691812
372,0.0576000000002,228.261458333,37.2885588408,0.625137858193,0.275566966506,-0.0210539544555,168.277083333,36.0143047571,0.716376144532,0.28144428879,-0.0407239975557,180.4859375,39.3928574324,0.614580276982,0.22790823481,-0.027361044713,217.020833333,37.2370747924,0.622290363621,0.291754631791,-0.0283459546613,192.116145833,38.2586621642,0.547916452139,0.295837071491,-0.0147963736958,197.93125,34.8757036328,0.500265249406,0.257294284645,0.000823199732281
373,0.0530082222223,-93.3862068966,33.149490192,0.336841615714,0.52319960142,-0.239569437658,-223.401149425,33.7986487027,0.522971963341,0.31631191563,-0.0179587930094,-131.645977011,33.0968354982,0.19513243852,0.632485552081,-0.300470309525,-22.8281609195,32.0915836466,0.301154960747,0.60293345513,-0.261156051195,-2.37701149425,35.9462263831,0.424559890783,0.709130011756,-0.295372793387,78.8775862069,32.4940260525,0.336269574429,0.63099462205,-0.231046826932
374,0.0576000000002,112.119791667,41.3543468118,0.908329922457,0.175519401673,0.0797586902772,83.9494791667,32.4736636281,0.407314276794,0.17645658899,-0.0872846493988,0.3609375,40.1371851563,0.664168200626,0.194099140819,0.0240025774301,46.8932291667,35.9226858318,0.540257994614,0.272129443707,-0.0555887974461,28.978125,38.2141212225,0.545540421871,0.254364513494,-0.0508015861924,122.449479167,38.385609746,0.741947594194,0.241759278579,0.0229053661351
375,0.0576000000001,-145.790104167,37.2855681777,0.624929551206,0.280509060714,-0.0200431069516,-153.598958333,33.1664526165,0.467787691322,0.383357612649,-0.111895992042,-141.189583333,38.5374973416,0.557595256137,0.306940382812,-0.0615080690441,-92.6864583333,33.1507785618,0.367260406504,0.482523859944,-0.173171442768,-176.859375,35.1738458276,0.383357358734,0.485461378034,-0.168352441804,-164.352604167,31.9243767858,0.297045114838,0.492925474886,-0.163521697425
376,0.0417083391897,45.6898550725,38.1172299592,0.68285682591,0.29272971529,0.0191945455887,-33.6217391304,34.57861353,0.591054939708,0.419108224304,-0.11328730552,-134.415217391,40.2832878776,0.673901723042,0.325226372351,-0.0293408143132,49.7630434783,34.5890531955,0.457024607981,0.512334517811,-0.132338101935,-116.28115942,36.9482673147,0.478013623283,0.530299326,-0.14341957033,45.0920289855,33.9983672266,0.439854311626,0.478030064184,-0.115941290946
378,0.0575999999997,89.3005208333,37.1934949756,0.618516427757,0.399172608275,-0.0627223910378,43.4786458333,35.3930798769,0.662149546927,0.432805358432,-0.110368278256,136.302604167,38.3840613961,0.547373186335,0.351739095058,-0.0618648401141,120.289583333,35.9125652909,0.539626361234,0.445981871337,-0.111942570387,134.830208333,37.3794835806,0.501016794307,0.455141737824,-0.114029278069,164.5875,34.2557868958,0.457579512021,0.375030410709,-0.0546369294661
379,0.0575999999996,177.776041667,38.1118479967,0.682481959072,0.34341852786,-0.0552895314377,64.9744791667,34.9382694364,0.62244923303,0.329512310214,-0.0831679448729,168.277083333,38.8845334649,0.580715180638,0.264572433196,-0.046962156759,222.7328125,37.1960583925,0.619730487854,0.351358931512,-0.0666805436886,220.7046875,39.7140445709,0.625553621834,0.316820602631,-0.0401235178606,249.293229167,34.7191424966,0.489484886259,0.27920201933,-0.0128782913625
380,0.0576000000002,50.0442708333,37.5429609418,0.642857585995,0.35297550261,-0.0796955262704,42.2010416667,35.27857548,0.652154480643,0.345148589229,-0.0757007229913,151.691145833,39.5483241081,0.624937636245,0.27314880793,-0.031098437672,240.2296875,36.6477063894,0.585507274473,0.406847882317,-0.0819809473123,209.847916667,38.7470652461,0.573970245818,0.337417078437,-0.0253181103421,264.1203125,35.5794420242,0.548722712104,0.285601837328,-0.00802769732354
381,0.057599999998,-127.485416667,38.3331111073,0.697893475239,0.290984537685,0.0175080347908,-14.0536458333,37.1753910184,0.817727135903,0.375860569766,-0.0500225788401,-75.4416666667,40.2959625125,0.674746121022,0.334399530198,-0.0496818948241,-25.9588541667,35.1726443172,0.493447131054,0.516764711589,-0.147677633475,-147.4,36.690325141,0.464253734318,0.515857703984,-0.134555340177,24.3260416667,34.4322420359,0.469729720784,0.437984808814,-0.0675611496335
382,0.0576000000001,-155.85625,36.3794187903,0.561814032796,0.423508617096,-0.0839513704632,-199.1859375,33.7532855868,0.519012225881,0.435710079968,-0.114898839645,-188.243229167,37.8181655407,0.50967258811,0.360227612313,-0.0777271761181,-76.9828125,33.9290725589,0.415834536595,0.553222268354,-0.189260609317,-169.342708333,35.9143279791,0.422858274911,0.513627936598,-0.155790973906,-55.6760416667,33.7493858933,0.422710151497,0.435119684553,-0.0888557362432
383,0.0576000000002,-228.553645833,35.1322956085,0.474948856656,0.372842126759,-0.0711267034167,-219.8796875,32.768627882,0.4330616485,0.496187862009,-0.154151235241,-195.702604167,38.2063769102,0.535535652361,0.363477655686,-0.0766464707467,-71.0817708333,33.7384108901,0.403935145442,0.515417065239,-0.159438931616,-155.970833333,35.2308841348,0.386400059205,0.543407900259,-0.177960745361,-123.119791667,32.2136003077,0.316960239829,0.458896590862,-0.134470973659
384,0.0575999999986,-214.064583333,37.2176617384,0.620199701824,0.355939815752,-0.000866386918915,-171.325,33.411803782,0.489204346303,0.498126861174,-0.129345658119,-21.9484375,38.8584711552,0.578978881178,0.397255930584,-0.0670496506618,-125.8296875,34.4923513532,0.45098934639,0.582786362153,-0.173182483995,-184.765625,36.5316010714,0.45578662116,0.568362425081,-0.173614681062,-133.197395833,32.9518391192,0.367793305223,0.529976137448,-0.150859099755
386,0.0576000000008,-97.5390625,36.7936936617,0.590669289594,0.44974514842,-0.142475065069,-40.0067708333,33.4879610538,0.495852099584,0.435156724649,-0.13489080032,-81.5947916667,37.525711298,0.49018896794,0.347734694835,-0.105827014559,0.825,35.3958835602,0.507379722175,0.522328238003,-0.191209633871,-106.161458333,36.8963143229,0.475242198246,0.533440567553,-0.199823436807,-45.0598958333,33.1498705149,0.381429194761,0.4283246384,-0.116492778674
387,0.0576000000008,-67.2604166667,36.7524638772,0.587797534386,0.370220921002,-0.0762897119203,22.2234375,36.0829856992,0.722371290455,0.353456366342,-0.0674447929614,101.5953125,38.6798277497,0.567077462941,0.320803641807,-0.0729770953621,85.3932291667,35.9349427223,0.541022959778,0.415162706515,-0.0982041960233,68.7213541667,38.3989611864,0.555400683736,0.356683562044,-0.0626643252044,186.684895833,35.2991108298,0.529419887984,0.323911598185,-0.031498493348
388,0.0576000000001,-70.125,38.360935688,0.699831525254,0.273048435571,0.0286546735242,-79.3375,34.48377949,0.582776895006,0.403065987397,-0.0763637592918,-94.8177083333,41.4032405615,0.748514190619,0.298607188277,0.00107014336572,-74.5135416667,34.5634354949,0.4554257809,0.500980173703,-0.112400337923,-202.738020833,36.3083616495,0.443877945614,0.516751281451,-0.112747142198,-172.2015625,32.7087593079,0.351055507436,0.495439012535,-0.11426135253
389,0.0576000000002,108.086458333,37.3132059574,0.626854590078,0.290695745032,-0.0411132134668,77.1833333333,35.2626609802,0.650765307089,0.30089539336,-0.0582946789141,101.601041667,38.0610580444,0.525854351252,0.239469061489,-0.0366214498299,157.7125,35.742652297,0.529021916253,0.326568387216,-0.0756677636909,103.050520833,36.9638732672,0.47884612062,0.317453216296,-0.070314642353,192.116145833,33.7322959304,0.421533384317,0.279787632055,-0.0409455252732
390,0.0576000000002,132.515625,37.3385472298,0.628619671602,0.361674623797,-0.0834849333187,147.2453125,34.6472037435,0.597042165947,0.322826302843,-0.0509291109047,198.217708333,39.7959699035,0.64143606885,0.263962475816,-0.023875317107,183.573958333,36.3119930625,0.564555059915,0.362986801891,-0.0649310614958,193.66875,40.2464811206,0.653956374656,0.357786814217,-0.0614297624033,264.1203125,34.0392501354,0.44266939469,0.321167225717,-0.0406499044507
391,0.0576000000001,241.346875,38.3626717925,0.699952449173,0.335465553682,-0.0428330509058,148.121875,35.1262071133,0.638854275881,0.352726936573,-0.0801338531055,108.390104167,39.0811768174,0.593815774953,0.298882202478,-0.0483608811228,209.2234375,36.1968485117,0.557368769887,0.396426208317,-0.0869508722026,241.633333333,38.0667724013,0.53768011974,0.387069453951,-0.0674858915299,222.984895833,34.8962919116,0.501682900855,0.341098284815,-0.0342355888451
392,0.0576000000001,121.0859375,37.5635758638,0.644293465675,0.403779640095,-0.0858017275712,49.56875,33.8805521727,0.530121301126,0.391954388469,-0.0991766349907,77.6703125,38.7696022987,0.573058341172,0.288074007491,-0.0462665260875,199.145833333,35.0978218317,0.488777382661,0.442358165979,-0.125065205488,97.246875,37.0266263485,0.482193674913,0.422057676828,-0.09720472755,232.334895833,34.2582970858,0.457752356704,0.346301518613,-0.0545036066142
393,0.0576000000002,-209.263541667,38.9170850515,0.738568687009,0.398242264055,-0.0405755448874,-55.4755208333,35.2153429985,0.646634929772,0.448177108308,-0.109492961754,-53.7338541667,40.8773996234,0.713482094612,0.303352832329,-0.0164491939613,9.00625,35.1616157889,0.492758829248,0.520007604733,-0.133754497183,-80.4317708333,36.8918280005,0.475002876009,0.521671792027,-0.133889586319,-26.159375,33.8820747137,0.431846733559,0.455150078051,-0.0765764925673
394,0.0575999999996,141.201041667,36.13687253,0.544920093259,0.242838800419,-0.0110086079778,56.1458333333,33.5372287333,0.500152665633,0.344341877564,-0.0853436786783,51.7630208333,38.463637054,0.552674603329,0.291016067611,-0.0396275006078,155.16875,35.070797652,0.487090775768,0.353807365056,-0.0755175923332,193.261979167,37.3892567754,0.501538144008,0.297292311443,-0.0424342608103,178.721354167,35.0922939777,0.515179056422,0.25514789861,-0.00973323115704
395,0.0576000000001,-85.6911458333,37.1311432719,0.614173479283,0.277885634219,-0.032927732381,-180.634895833,33.7586790919,0.51948302388,0.39377587405,-0.116175401976,-176.034375,38.9419997931,0.584543650007,0.319344996708,-0.0779514386941,-75.3901041667,33.8513923883,0.410986437132,0.506573857972,-0.173636481573,-75.9802083333,36.4725866318,0.452638504184,0.447967492277,-0.10946112594,-47.9645833333,32.5132644176,0.337594274588,0.458815274294,-0.129076371421
396,0.0575999999996,-13.2744791667,36.9730328321,0.603160700913,0.373109535314,-0.0740438209032,76.415625,34.3361096978,0.569886827892,0.365318458527,-0.092864973547,106.8375,38.5639876723,0.559360070819,0.298992310883,-0.0667016611114,155.678645833,35.3638933301,0.505383178961,0.396711237263,-0.101324379157,165.080208333,37.550224185,0.510124927824,0.385165674845,-0.0860614225749,257.526041667,34.4438582063,0.470529577877,0.340993243968,-0.0467780033814
397,0.0576000000006,145.601041667,37.6424304843,0.649785882619,0.371858876199,-0.0726541609765,86.6822916667,34.4322427511,0.578278263207,0.354056321783,-0.0869529407937,81.9328125,38.5207815766,0.556481633667,0.301541828085,-0.0670323961403,233.0625,35.6421945691,0.522752245971,0.396940751467,-0.101162642371,121.761979167,40.0873296261,0.645466460576,0.359576742863,-0.0616406459267,264.1203125,34.5929426551,0.480795117182,0.309553953353,-0.0222257242458
398,0.0301035351299,-118.73125,36.0644536018,0.539875938006,0.408383697271,-0.0674770491896,-236.5,34.8011214733,0.610477614311,0.473058258183,-0.131240842864,-220.607291667,38.120392561,0.529807281366,0.358014011756,-0.0689254140016,-88.8020833333,34.2424886227,0.435395155991,0.521791283973,-0.145624441473,-172.929166667,36.542442441,0.456364952497,0.505398980342,-0.12306792126,-85.9947916667,33.6349360943,0.414829457568,0.475041135214,-0.0973123242875
399,0.0575999999981,149.1875,37.2034019828,0.619206475011,0.342747465009,-0.0541533204942,108.052083333,34.6670709848,0.598776373539,0.357333068503,-0.0802357748125,150.253125,38.5709837079,0.559826154329,0.298976914259,-0.0640049357025,177.386458333,36.1196760535,0.552552357276,0.388505870011,-0.0797131936345,187.853645833,37.8536804914,0.526312761791,0.36352987634,-0.0623454765137,185.722395833,34.8315365314,0.497224026,0.317878718022,-0.0186850451803
400,0.0576000000002,-228.553645833,36.7709155679,0.589082739716,0.462684975937,-0.116320426925,-128.058333333,34.0618143678,0.545943642484,0.458596073557,-0.121199651694,-141.14375,38.9250690937,0.583415708377,0.34723986662,-0.0592552909002,-55.1375,34.199950397,0.432740301509,0.537069227081,-0.161974789458,-142.547395833,35.9621800184,0.425410935216,0.544939515181,-0.16713180878,-53.7338541667,33.0966777503,0.377766489366,0.455601798836,-0.093530845947
402,0.0576000000001,-5.73489583333,37.2304525971,0.621090616381,0.404972746037,-0.113705174139,-51.9463541667,35.0907443166,0.635758735334,0.406907043653,-0.106168757979,-12.65,39.5014336705,0.621813744222,0.306455860147,-0.0429083902636,98.7651041667,36.0425034761,0.547735937225,0.366411227267,-0.0513073319908,94.875,37.8758438826,0.527495064772,0.355513988296,-0.0473783690231,213.228125,34.8383190632,0.497691052217,0.27361470391,0.011750974536
403,0.0528312485112,-92.1091954023,37.4254334548,0.634671509428,0.368248991411,-0.00925239840129,-125.109195402,34.1050923446,0.54972136857,0.458573664057,-0.119083195122,-201.426436782,37.7156999522,0.502846219008,0.389885655251,-0.0766377411261,-102.401149425,33.9596790445,0.417744718892,0.546822208269,-0.166706983161,-202.975287356,35.6999222986,0.411420834053,0.558356878572,-0.163561771656,-109.620689655,32.9722541941,0.369199030334,0.495730028584,-0.13028494031
404,0.0353688935207,-169.968333333,38.0488067627,0.678090983123,0.247855691239,0.0323192235781,213.904166667,35.1131541252,0.637714883122,0.364642031863,-0.0784378303448,-164.01,44.2469594955,0.937965843194,0.207540527731,0.0829483313486,-168.3,27.2662353039,0.0,-0.163912086934,-0.315064708143,-193.233333333,46.7333971977,1.0,0.110306796618,0.112234152481,-193.233333333,42.1332551003,1.0,0.0948744647205,0.113722567819
405,0.0575999999991,151.467708333,36.0497938991,0.538854853896,0.367391198874,-0.0727552321623,-71.0302083333,33.683802247,0.512947038818,0.415409578476,-0.11349200824,-163.9171875,38.7349952459,0.570752781623,0.344075655565,-0.0752449270385,175.306770833,35.2058898211,0.4955220172,0.429576789029,-0.100832650554,152.871354167,37.2559008598,0.494424291458,0.393281369936,-0.0833915458697,222.984895833,34.5396963358,0.477128724155,0.341085258871,-0.0399796773081
406,0.0576000000002,200.738541667,36.7318484187,0.586361617342,0.272183632245,-0.0192903265379,153.45,35.1360881925,0.639716793341,0.297821201151,-0.0627355943016,165.080208333,38.9573260546,0.585564702242,0.236864446895,-0.0326873544618,206.943229167,36.7637323141,0.592748571953,0.297754741507,-0.0512032708393,217.020833333,40.3394619823,0.658916425638,0.247404024703,-0.0145841092424,228.651041667,34.575986445,0.479627559848,0.213011549553,0.00220680743132
407,0.0576000000001,-101.8875,38.739348352,0.7261888917,0.327124086441,-0.0010293787418,36.609375,35.2599903345,0.65053218695,0.389445675304,-0.0979022707252,-90.7614583333,40.3959918022,0.681410181248,0.288673140109,-0.013229612654,57.0052083333,35.7502362132,0.529495236275,0.428790942533,-0.105525605381,186.008854167,37.4433577657,0.504424153723,0.368257793598,-0.0775714408646,240.28125,34.4131228328,0.468413225788,0.311012894381,-0.030861680325
408,0.0575999999986,-209.280729167,38.8191641569,0.731748257493,0.469192526769,-0.0300479807565,-43.9541666667,35.1182494164,0.638159650083,0.474070867989,-0.0606004589936,104.855208333,42.057952404,0.792131806637,0.309542510193,0.0292473364989,-40.4192708333,35.6582434177,0.523753871146,0.5350057506,-0.101307574863,19.1354166667,38.1918773055,0.544353823249,0.490924287122,-0.0557945431035,17.7833333333,35.3192452192,0.530806285877,0.425185224041,-0.0138009269358
409,0.0303497541617,133.056862745,34.4008895089,0.424004635104,0.116402688614,0.00929202486569,87.7950980392,39.2635256823,1.0,0.225188029601,0.0463795587694,17.7833333333,41.7062018899,0.768697804285,0.260497811524,0.00358905933578,56.6068627451,37.9402491626,0.666176200417,0.393380524481,-0.0466607511968,72.837254902,38.2779297548,0.548944279049,0.359668974929,-0.0305528795785,164.719607843,35.3575332866,0.533442695399,0.353017905179,-0.0323015052401
410,0.0496798722723,-213.869590643,35.0106411984,0.466475329809,0.383052919256,-0.101946679495,-183.513450292,32.9397404319,0.447998029327,0.46062112482,-0.161462484875,-210.280116959,37.6963055929,0.501554145664,0.388133152012,-0.123095419977,-121.270175439,33.281542527,0.375421520276,0.562146759608,-0.203710169254,-132.810526316,35.5520673384,0.403533532007,0.524620926955,-0.158452349362,-57.9976608187,32.7861395719,0.356383696579,0.467662010799,-0.111430651181
411,0.0575999999996,-129.347395833,36.8893982768,0.597335349828,0.473938327283,-0.140460188319,-141.14375,33.7593730688,0.519543600985,0.467123309616,-0.160895131179,-43.4786458333,40.4129222631,0.682538106995,0.295309086796,-0.0304252884216,157.7125,34.8226440549,0.471603254145,0.494074048009,-0.140767002682,-36.5119791667,37.9620424509,0.532093315271,0.457980550826,-0.114417850618,124.7984375,33.8889908791,0.432322961414,0.420712130144,-0.0809193329696
412,0.0576000000002,-124.580729167,33.970649302,0.394037353687,0.25347196043,-0.127583625406,-186.507291667,31.9501728415,0.361618869002,0.337216894375,-0.173177953809,-143.578645833,35.5834741592,0.360795014402,0.289607229643,-0.188424453285,-28.496875,31.6864507198,0.275870197454,0.342293372611,-0.271061493782,-85.7255208333,33.8417258561,0.312295606299,0.2908676964,-0.228414125886,97.5276041667,31.3875876665,0.26008331335,0.253128089011,-0.153622862261
413,0.0576000000008,272.066666667,37.5897185206,0.646114365583,0.297788785305,-0.0482723843716,178.3546875,35.3756687641,0.660629734317,0.302502818871,-0.054950022175,198.996875,38.9813059568,0.587162269448,0.243466825224,-0.0391304212189,219.6390625,36.896607995,0.601041480077,0.348785382695,-0.0688199541837,171.473958333,38.0765457153,0.5382014758,0.329280510079,-0.047521327615,254.7703125,35.4903597832,0.542588757461,0.296722696628,-0.0295174888979
414,0.0549434067436,-119.803825137,37.1753890866,0.617255308362,0.328972747824,0.0128529977385,-94.6480874317,34.3296344945,0.569321608666,0.40839594798,-0.0835039405702,-106.549726776,40.2862915289,0.674101829563,0.320202934693,-0.0211088523998,67.0579234973,34.9762854654,0.481192172845,0.489705818598,-0.125124442733,-103.46010929,36.5833993505,0.458549793073,0.511701366452,-0.136061165211,-19.7338797814,34.1806710665,0.452407245542,0.44336691401,-0.0834563420017
415,0.0576000000002,146.666666667,38.2678480744,0.693347745569,0.295453876024,-0.029171611699,142.306770833,36.5787048936,0.765642521432,0.341085611144,-0.0746056399348,161.4765625,41.1982656717,0.734858540218,0.237107598456,-0.0216289387881,191.909895833,38.3378910422,0.690993439745,0.347479238873,-0.0533008905768,192.5859375,40.6765909195,0.676900521357,0.293813262833,-0.00652276866003,217.5078125,36.8389822841,0.635451141167,0.280165920034,-0.00227325474771
416,0.0576000000002,35.7041666667,35.8079688549,0.52201114883,0.397251215298,-0.0593996765929,-168.958854167,33.1062108874,0.462529202644,0.446335230023,-0.121830543561,-66.240625,37.1979540586,0.468353423684,0.419534025947,-0.10439724049,62.5854166667,33.972171247,0.418524370117,0.533895970322,-0.159663492988,-26.3255208333,37.1787816286,0.49031037692,0.443001972046,-0.127492194842,-9.73958333333,32.8873240054,0.363350974436,0.452843859326,-0.107175660232
417,0.0576000000002,-105.726041667,33.6217709184,0.369737122012,0.0816245360184,-0.134450217054,-127.571354167,35.3059203029,0.654541404854,0.207543312339,-0.00846150540247,-201.815625,43.1418384314,0.864341474274,0.107914658816,0.0812430827937,-149.794791667,30.5217601955,0.203180662061,-0.00542944289919,-0.205419748127,-154.6703125,35.2191346884,0.38577328664,0.096257799858,-0.0908600721013,58.7354166667,34.9039823115,0.502212440341,0.152102146203,0.0433473616777
418,0.0576000000006,-109.358333333,37.788390696,0.659952367926,0.44229812175,-0.103169718136,-115.952604167,34.2699926496,0.564115483754,0.451656006277,-0.130687617882,-4.3140625,39.3989986181,0.614989409466,0.35582123627,-0.0852873089607,59.5432291667,35.1476767063,0.491888876742,0.508929856587,-0.15586805657,-11.2979166667,36.9467301369,0.477931622746,0.520466952585,-0.164357254103,-101.411979167,33.8681890965,0.430890608686,0.454171705758,-0.111796175118
419,0.0575999999997,-58.9760416667,38.795104444,0.730072439716,0.389054110274,-0.0500754509521,0.1890625,35.0851917267,0.635274050854,0.432277231943,-0.0972817309066,-57.7557291667,39.5888064504,0.627634613976,0.321785461856,-0.0251240641192,117.499479167,35.6259322166,0.521737295802,0.48193989601,-0.115179948662,10.003125,37.0828099847,0.485190783079,0.507794567384,-0.141618023175,120.071875,33.8810865879,0.431778693973,0.439704036573,-0.109023649242
420,0.0576000000002,-151.656770833,37.888848722,0.666949514835,0.287547429791,-0.0357519154604,-98.553125,34.828625977,0.612878477032,0.36131752166,-0.0665472939345,-165.378125,38.9223997593,0.583237874411,0.278565939283,-0.0570212526891,-153.346875,33.5251852274,0.390627512185,0.473775057588,-0.182427573891,-183.350520833,34.8766383529,0.367502867816,0.495656603249,-0.198536574724,-134.606770833,32.2029187679,0.316224738794,0.409025613568,-0.120287993879
421,0.0575999999996,-137.946875,36.7869105339,0.590196828173,0.484067063313,-0.139103362802,-151.708333333,33.6579535007,0.510690706838,0.468838077504,-0.135211903427,32.1234375,39.3052706718,0.608745151603,0.338881652569,-0.057677614559,9.9859375,35.2706989646,0.499566822609,0.511113788467,-0.13744628297,-18.4651041667,36.9421905279,0.477689457945,0.523654762655,-0.151803052315,53.0520833333,34.1342068911,0.449207852021,0.361299273092,-0.0424715982185
422,0.0201881006799,-152.246376812,39.3078898554,0.765789196274,0.355029976886,-0.0183224997524,-85.6246376812,33.8295467211,0.52566904529,0.423513019862,-0.091713099538,-167.2,39.6880327308,0.634245176847,0.340646614199,-0.0646470600496,141.27826087,34.4696827764,0.449574577163,0.505192292773,-0.152441355926,-37.4956521739,36.3542747498,0.446327173486,0.500599307858,-0.140717293419,28.8391304348,33.0328510119,0.373371558185,0.426892874034,-0.0932888167951
424,0.0575999999981,172.144270833,36.9250203967,0.599816517498,0.294032442383,-0.0155806558214,127.290625,35.7564572692,0.693868688027,0.321496203542,-0.0589191457148,122.438020833,39.7405868173,0.637746387328,0.291599811055,-0.0455510641732,195.307291667,36.6952652931,0.588475474644,0.385830347193,-0.0851320121874,256.85,37.9798800349,0.53304485868,0.327554169809,-0.0480680482269,248.903645833,34.7570339441,0.492093985647,0.291998453205,-0.0151783301644
426,0.0576000000002,120.598958333,38.3537525535,0.699331202385,0.23498067609,-0.0191162769461,139.688541667,36.9372766614,0.796942180516,0.253830804024,-0.0251284585174,215.955208333,40.8048737645,0.708650342904,0.188388619572,-0.012628613651,217.020833333,37.3944104314,0.632109842925,0.261873104842,-0.0226614848862,202.480208333,39.4866928458,0.61342557605,0.237613370176,-0.0021483962837,230.782291667,35.4633092284,0.540726131713,0.236283899751,0.000255458785887
427,0.0195547262604,-230.3,35.5132491372,0.501483200537,0.462082312866,-0.161177264188,-224.1,32.6324017265,0.421170494178,0.481103349816,-0.167456171391,-233.4,37.7943883376,0.508088524942,0.394067115404,-0.115058679134,-194.35,33.4556017789,0.386284737485,0.588559253649,-0.213744630529,-233.4,35.3464657177,0.39256574248,0.551715899598,-0.189910842952,-157.85,32.3405499892,0.325701640796,0.510196756233,-0.151400605725
429,0.0575999999997,226.80625,39.0939674377,0.750888977304,0.302978480933,-0.0472521019492,178.841666667,35.6185619831,0.681831835628,0.319676056504,-0.0652845157165,249.969270833,40.4145781994,0.682648427271,0.251461339416,-0.0280783034468,272.066666667,37.1957115531,0.619708841248,0.359442998888,-0.0597770901004,240.28125,39.3484767079,0.606052455623,0.334276178852,-0.0384612028511,256.173958333,35.3503012657,0.532944718614,0.311937107472,-0.018616193549
430,0.0576000000001,100.44375,37.4210870862,0.634368774235,0.375075785909,-0.0506706702581,-109.9828125,35.4872888327,0.670373028146,0.365360913798,-0.0827524036558,48.4859375,39.829082787,0.643642085218,0.328749995679,-0.0494531021759,-32.3697916667,36.9255811572,0.602849724974,0.42760245828,-0.0485914693445,-14.4145833333,38.4039281011,0.5556656431,0.4474643711,-0.0892613433371,172.929166667,33.8198826909,0.427564364341,0.470890925964,-0.121847986646
431,0.0202299414044,-72.647826087,37.3411910016,0.628803816766,0.304600489528,0.0318698685733,-20.6130434783,34.9611345374,0.624445123203,0.385589033365,-0.0528417380182,-101.247826087,39.5779135331,0.626908915963,0.289357027282,0.00912831593482,67.8333333333,33.6045518958,0.395580867717,0.527967271597,-0.148499391325,-192.276811594,35.9221181455,0.423273840241,0.516020198231,-0.122756062318,28.8391304348,33.3192216624,0.393090242412,0.48866539157,-0.115474168717
432,0.0575999999996,57.6010416667,37.5698242188,0.644728678858,0.341467740014,-0.0528959908261,42.384375,35.5236582756,0.673547709667,0.329822140047,-0.0527566924866,168.173958333,38.8482705951,0.578299308754,0.248434325913,-0.0220683926618,210.523958333,36.0005793571,0.545119409771,0.360755545553,-0.0748216459178,214.007291667,37.5911336541,0.512307237698,0.310920218239,-0.0455231119158,240.28125,34.1445147991,0.449917625818,0.281185573665,-0.0186616585729
433,0.0449729438506,-136.004,37.2292847443,0.621009272576,0.408586553335,-0.100210475093,-71.3826666667,35.1420365906,0.640236027842,0.428720303178,-0.13389312882,-70.6273333333,38.7339660645,0.570684216432,0.322850345373,-0.0648347854381,40.1133333333,35.6525867462,0.52340083245,0.468142821193,-0.131738578836,17.1086666667,37.8403585815,0.525602106382,0.428995037675,-0.115593181947,163.423333333,34.2804907227,0.459280548636,0.388087729514,-0.0847627830901
434,0.0576000000001,-208.925520833,36.4864721894,0.569270563557,0.396073814016,-0.085512063044,-80.3802083333,35.1353932023,0.639656127787,0.412028865656,-0.0995001651536,-108.430208333,39.5826641917,0.627225410015,0.312407223042,-0.0494343233113,168.7640625,35.9074118733,0.539304731133,0.436763408128,-0.114125056627,77.4640625,37.9772629738,0.532905251922,0.352781645721,-0.0589363500712,177.776041667,35.0232660174,0.510425983615,0.321264241589,-0.0185245553985
435,0.0575999999996,-111.397916667,35.9716331363,0.533410765833,0.427710872842,-0.135497197005,-70.9385416667,34.2415277958,0.561630792268,0.389686679468,-0.131390591334,-34.5526041667,36.9871600866,0.454310099685,0.339947069529,-0.101371506287,90.7901041667,35.5107075572,0.514546006111,0.450102261966,-0.131111296068,64.5848958333,36.6424195766,0.461698218731,0.454801713931,-0.131632645088,119.533333333,33.7966774702,0.42596651757,0.344561964623,-0.0600892780822
436,0.0576000000008,-181.563020833,38.8612214923,0.734677653641,0.381082940381,-0.00722148333625,109.553125,35.2821546793,0.652466908247,0.362744639162,-0.0553353561409,152.871354167,39.7533516884,0.638596796944,0.261031687958,0.0161179608831,137.820833333,35.9740633368,0.54346451763,0.426353421994,-0.100589049249,242.985416667,36.7783926129,0.468951681219,0.366027265787,-0.0779819639611,249.293229167,33.3525485992,0.395385042322,0.310382292373,-0.0338277210431
437,0.057016701443,-217.897395833,35.416899085,0.494772184037,0.404447604902,-0.127085568442,-140.513541667,34.0495307446,0.544871407429,0.39166041417,-0.118399972314,-131.461458333,36.9408547878,0.451225190246,0.333384251222,-0.104254336919,11.8708333333,34.3447091579,0.441774844897,0.450897289207,-0.162957572436,-38.5286458333,35.7385668159,0.41348232039,0.41231267422,-0.131288466684,63.421875,33.3106241822,0.392498243905,0.34417157073,-0.0676856799946
438,0.0576000000002,203.746354167,37.1167500615,0.613170957017,0.329871791648,-0.0512250234947,101.509375,34.9135953188,0.620295434161,0.351993953343,-0.0879915962432,176.2234375,38.6802007556,0.567102312998,0.290419919649,-0.0600398496244,212.758333333,36.2787743807,0.562481847764,0.380736739608,-0.097265024966,153.346875,38.355701983,0.553093027616,0.349707608344,-0.0704384096744,233.400520833,34.5303233862,0.47648332899,0.302180257626,-0.0185421901648
439,0.0576000000002,-142.547395833,39.2743483186,0.763452946296,0.297496285988,0.0164693073184,-140.943229167,34.674387753,0.599415052794,0.419369920623,-0.0848847864436,-88.3265625,40.8391608,0.710934582549,0.320228700992,-0.0232322041647,-68.4979166667,34.5639426708,0.455457434272,0.571479836944,-0.164375255088,-132.131770833,37.2562744617,0.4944442212,0.556918203365,-0.157215146348,-126.4140625,32.7479862571,0.353756565743,0.552232639864,-0.169316217551
440,0.0576000000002,-212.6609375,36.990897119,0.604404992136,0.455968262628,-0.106890244952,-90.26875,34.5561454892,0.589093708844,0.435983134899,-0.107880702562,-55.6760416667,38.6967562437,0.568205257647,0.342206894886,-0.0601151692263,33.2864583333,35.3113409281,0.502103329416,0.493767259642,-0.136708828667,13.3203125,37.052421689,0.483569723724,0.460551628377,-0.111546995271,75.5390625,33.7513353229,0.422844383776,0.422982420539,-0.0966144562608
441,0.0576000000001,-17.6859375,38.2199159861,0.690009158524,0.395779132145,-0.0722904671566,10.6677083333,34.5412985682,0.587797724033,0.381034265738,-0.0863212157733,116.811979167,39.3418003321,0.611178797353,0.290407500463,-0.0488506357178,84.871875,36.1488358378,0.554372249453,0.445339967497,-0.132348452,87.4385416667,38.0078116059,0.534534864405,0.406262294389,-0.100476727326,57.1770833333,34.2623294592,0.458030014691,0.358538892819,-0.0612337875158
442,0.0576000000002,122.1515625,37.3491219878,0.629356229333,0.387196960859,-0.0886451686401,33.9625,34.7857407331,0.609135032528,0.38833211083,-0.102826679416,66.5270833333,38.1340110302,0.530714558619,0.337962781312,-0.07272460081,189.051041667,36.0214880705,0.546424344109,0.410027208738,-0.0983858275868,234.466145833,37.4436246753,0.504438391978,0.382274613017,-0.0842214597033,251.034895833,34.1190930605,0.448167155805,0.312923975522,-0.0273582000698
443,0.0575999999996,-33.2921875,34.7981039882,0.451671593921,0.3514763157,-0.0543083462981,-188.8734375,33.1390562654,0.465396269223,0.472432947718,-0.147194299847,-177.678645833,37.6473168135,0.498290459826,0.391298586968,-0.0978362442374,-183.6828125,33.6238007545,0.39678220882,0.581363285892,-0.218908495968,-186.690625,34.916426301,0.369625350311,0.634783206508,-0.258947215742,-145.3546875,32.1017400026,0.309257851233,0.533752240706,-0.185345078527
444,0.0576000000002,264.796354167,40.661637485,0.860081025669,0.261298723752,0.0184214730193,264.1203125,37.4947884083,0.845607271243,0.245831182227,0.000689390355546,251.034895833,41.0852043629,0.727326272683,0.21319100121,-0.000737446786843,263.392708333,39.1019787788,0.738680942487,0.288502582815,-0.00580788842308,264.796354167,40.5878827572,0.672168396921,0.289228674723,0.00977148827224,264.1203125,36.6437283158,0.622006497535,0.258309852332,0.0180035469757
445,0.0576000000002,-90.68125,38.1296589375,0.683722534604,0.382460612804,-0.0452737832787,-126.202083333,34.777035892,0.608375188657,0.435382485855,-0.104161615971,-162.651041667,40.5818477869,0.69379210937,0.311671452131,-0.0195841988061,-69.678125,35.1364880204,0.49119057933,0.511665388942,-0.124526714964,-120.111979167,36.6628210545,0.462786532694,0.499860885553,-0.117646866245,-77.9109375,32.9215841889,0.365710035115,0.495307358447,-0.129012302088
446,0.0265441158855,-163.594444444,35.2681617737,0.484412266959,0.0350617851441,-0.00299041590964,-170.573333333,28.5319279353,0.063240943474,0.030992535948,-0.192049501588,-95.7366666667,32.4857795715,0.154423227168,0.00470356134077,-0.105452867566,-129.861111111,31.677873675,0.275334895252,0.0794883341761,-0.187955650765,-155.283333333,31.8153918584,0.204201104326,-0.100062652041,-0.206576583038,-94.9055555556,28.5069764455,0.0617324595466,0.0351158664639,-0.192736175253
447,0.0576000000002,160.817708333,38.7595888376,0.727598690971,0.303464279743,-0.0126292193827,203.356770833,36.6911264658,0.775455778357,0.281088063028,-0.0195335281824,234.0765625,39.8983502388,0.648256758296,0.220426514745,-0.00345676331744,272.066666667,36.3436900973,0.566533304511,0.319894175278,-0.0483047775847,249.5796875,39.62301296,0.620697553357,0.238841808052,-0.000307875297949,272.066666667,35.5127640367,0.544131451864,0.239613079466,0.0139285055193
448,0.0576000000002,198.011458333,39.9033975005,0.807267758486,0.247196155135,0.0201229622726,234.363020833,37.7524217963,0.868096039011,0.23992695054,-0.00203817165107,242.985416667,41.136796236,0.730763379464,0.194560941309,0.0166263519204,250.255729167,39.055701673,0.735792740643,0.274481671629,0.00241363958003,264.796354167,42.7760563493,0.788896209287,0.254846376134,0.0194114765018,264.796354167,36.9051529765,0.640007470479,0.241392892553,0.0379452979632
449,0.0576000000001,19.2213541667,34.029717356,0.39815158794,0.302073159277,-0.0775867439515,-126.179166667,32.3975062072,0.400666510506,0.437492503319,-0.141965268665,-180.296875,38.1313404441,0.530536641263,0.354954187293,-0.0878175800462,-99.9567708333,34.4016669989,0.445329642422,0.529037808068,-0.187531723743,-84.8432291667,35.5574651361,0.403821476764,0.547217711806,-0.178628557769,9.88854166667,32.8524762392,0.360951454459,0.469451330602,-0.140150931284
450,0.0575999999996,-207.132291667,36.3524486423,0.559935496098,0.436670135241,-0.102319823491,-212.609375,33.4041659832,0.488537644349,0.474491074216,-0.145278882661,-168.666666667,38.155053854,0.532116454458,0.39887249982,-0.0999270933098,-118.656770833,33.1277868748,0.36582547163,0.608256541193,-0.227909747744,-209.951041667,35.3900357485,0.394889979644,0.564595094416,-0.201334190846,-166.672916667,33.0740867555,0.376210936475,0.528655395843,-0.156707037735
452,0.0576000000001,191.7265625,36.2779731154,0.554748093723,0.267869974254,-0.0402385581892,132.8078125,34.1907379031,0.557197352526,0.282900638413,-0.0587885922323,173.605208333,38.6020665169,0.561896924916,0.214832395082,-0.0214636344899,201.128125,36.1925491095,0.557100439765,0.335077130003,-0.0631975938672,198.996875,37.789218545,0.522874048327,0.333189556375,-0.0581015137686,244.54375,34.4120545387,0.46833966604,0.275063455105,-0.00824970957365
454,0.0575999999985,-162.788541667,37.370244205,0.630827443358,0.373255339917,-0.0372183776835,-75.2640625,36.2614172697,0.737946547151,0.394992812071,-0.0753998066211,1.6671875,39.896427691,0.648128676066,0.31135733705,-0.0214097901626,-63.4104166667,34.8211755157,0.471511601098,0.500073386822,-0.145133169194,-117.866145833,38.3473172188,0.55264574355,0.467687359545,-0.122667769042,-20.178125,32.8492183089,0.360727122467,0.453662758227,-0.123625219372
455,0.0553385745484,-168.3,28.3134557047,0.0,-0.127293378475,-0.236704813136,-179.329569892,32.5502297186,0.413997715775,0.232813425602,-0.00120781915217,-139.830107527,36.2784621331,0.407095870155,0.459916698596,-0.181139740781,-168.3,27.5393295596,0.0170440938172,-0.129770612284,-0.311560382766,-168.3,27.9874484154,0.0,-0.29245340728,-0.241896451721,-168.3,28.681637364,0.073759123216,-0.0313388836667,-0.126409817295
456,0.0243340048,104.690123457,37.1872535988,0.61808170062,0.334451247697,-0.0230290266013,127.980246914,34.433089221,0.578352151393,0.370744931477,-0.0813031685711,-124.612345679,39.1886931525,0.600978630298,0.347988721949,-0.0480690978217,49.187654321,34.1751549332,0.431192791071,0.579469378348,-0.173240010109,-3.87037037037,38.0453037686,0.536534878546,0.511203317731,-0.133860316334,52.637037037,33.3186878628,0.393053486459,0.603935658932,-0.209092846347
457,0.0576000000002,-226.422395833,35.6986188889,0.51439465657,0.490895324852,-0.156716239668,-203.648958333,34.6767907739,0.599624812012,0.505900509655,-0.183767309412,-160.7203125,37.8376042247,0.510967614409,0.421270499472,-0.128237575249,-6.05572916667,34.7939646244,0.469813341345,0.586812159978,-0.203230790255,-178.744270833,37.0936781764,0.485770545237,0.59882519627,-0.223371834931,-92.4,33.5869763494,0.411527083306,0.504085395951,-0.144182832271
458,0.0576000000008,-189.297395833,36.9824058414,0.603813553901,0.419038976775,-0.102006264395,-194.975,34.0031747222,0.540824999356,0.449265123578,-0.129652914125,-195.702604167,36.9022956491,0.448656338425,0.386391749373,-0.100894212432,-56.5411458333,33.9045051634,0.414301260137,0.553654360119,-0.204354054411,-43.65625,35.9329134822,0.423849715959,0.505011645146,-0.159458083399,-38.1791666667,32.8841462731,0.363132164658,0.471062436467,-0.137948913329
459,0.0576000000006,163.521875,37.5773544908,0.645253180699,0.337303951848,-0.0177968963999,154.389583333,35.4535359144,0.667426742551,0.387442616047,-0.0804058509239,127.966666667,39.4666660428,0.619497486997,0.317647234071,-0.0434402828159,99.6130208333,36.4659906626,0.574166208772,0.440120980144,-0.0976874172829,73.0640625,37.9422282577,0.53103632992,0.32663490891,-0.042497232072,207.0234375,34.746620357,0.491376935086,0.296307486715,-0.00976708338703
460,0.0576000000007,-98.0375,38.932813406,0.739664205318,0.325828676578,0.00634839053419,-85.5421875,37.0870287418,0.810014010162,0.391074812505,-0.089085156651,-73.3848958333,39.9581663609,0.652241773495,0.358473617118,-0.0426044761261,-158.188020833,34.6944952607,0.463605355892,0.532906884328,-0.182598522719,-185.7625,36.377709806,0.447577313262,0.537345504621,-0.173791564244,-188.7703125,33.2514764667,0.388425497192,0.499620698858,-0.147931809417
461,0.0575999999996,102.655208333,39.8068118095,0.800540329166,0.230091021862,0.0476941287825,-36.9130208333,33.029198736,0.455806827089,0.511146328412,-0.155880854207,-98.7078125,38.7520329356,0.571887851066,0.411653854651,-0.0963911669842,26.8755208333,34.0304913819,0.422164189812,0.61141104484,-0.19567859557,-1.3234375,38.841701746,0.579018616588,0.584665061906,-0.154367319168,-141.14375,33.1594571769,0.38208930557,0.552114238963,-0.128332095411
462,0.0304559919064,-211.006481481,36.1577965418,0.5463775018,0.272261650198,-0.0269401231961,-180.501851852,34.9916342629,0.627107438245,0.387704708096,-0.133756962269,-141.237962963,39.0506769816,0.591783842673,0.313681090458,-0.0476361712661,-165.52962963,33.7401646508,0.404044599455,0.459211984028,-0.187638991267,-162.942592593,35.1362835566,0.381353604675,0.45304835091,-0.169761520914,-5.65277777778,32.7520244386,0.354034623662,0.388506369872,-0.131110681719
463,0.0576000000001,243.764583333,37.8957644701,0.667431213586,0.209573348169,0.0266965606233,221.380729167,36.2170894742,0.7340771826,0.22506117099,-0.0102268888513,236.597395833,39.9146929979,0.649345530709,0.196770194685,-0.00261117569244,244.54375,38.0026575923,0.670071174804,0.292458261363,-0.0334369073819,213.434375,38.7611646056,0.574722374167,0.278463552706,-0.0154061565627,234.466145833,34.9245705009,0.503630085634,0.255815804237,-0.00677619868293
465,0.0576000000002,-203.648958333,36.5497322083,0.573676778402,0.515588933136,-0.151229695417,-223.414583333,32.6967961192,0.426791468055,0.541555709206,-0.186026506242,-183.49375,38.0958794355,0.528174190252,0.433926607016,-0.118961360262,-4.3140625,34.3707714677,0.443401420495,0.578610320808,-0.199008570169,-161.7859375,36.0885931253,0.432154424617,0.606896831654,-0.217721310701,-202.583333333,32.9995577335,0.371079075905,0.514806358144,-0.144830256791
466,0.0576000000008,272.066666667,40.1802039146,0.826548001425,0.241579927737,0.0172301942621,272.066666667,37.0093763471,0.803235747896,0.245547834784,0.00121156913929,256.173958333,40.8447146416,0.711304585525,0.204744355055,0.00651119149188,264.796354167,37.9438305497,0.666399718478,0.29478416685,-0.0206168565182,264.796354167,39.2907442451,0.602972725515,0.279520898359,-0.00530677391362,272.066666667,36.0648273826,0.582144993996,0.242714188294,0.0165681664874
467,0.0575999999997,-210.2890625,35.689833343,0.513782721841,0.428961337544,-0.126537734361,-145.2,32.0385063589,0.369329484354,0.500044903718,-0.205311982078,-102.3859375,36.5406793356,0.424565065774,0.439527938375,-0.131866603691,-79.1255208333,33.259300828,0.374033392925,0.551720276242,-0.21489252802,-39.0213541667,36.5374753475,0.456099983595,0.482339300215,-0.159199984536,-56.0598958333,32.4088009298,0.330401210194,0.491723676678,-0.166932408746
468,0.0576000000001,-189.549479167,35.4929230809,0.500067441065,0.426246049348,-0.0904149702765,-211.5953125,34.3287407756,0.56924359612,0.449419337558,-0.128472435346,-196.768229167,38.251131475,0.538517250209,0.371781529393,-0.0920261746305,-150.49375,34.1348210573,0.428675512328,0.557685192674,-0.20212164009,-202.583333333,35.0120238662,0.374724988973,0.587825860828,-0.233274758531,-164.404166667,32.6604795158,0.34773109562,0.471279926132,-0.143337881731
469,0.0576000000001,-228.553645833,36.222910881,0.550912874589,0.36078963778,-0.0819378888145,-44.721875,34.4118406177,0.576497364989,0.424055135809,-0.0921096788734,-84.4536458333,38.2942308187,0.541388575433,0.298143750289,-0.026647695775,103.789583333,34.1528989673,0.42980377331,0.505598976277,-0.155522681307,-36.4890625,37.3954252601,0.501867200956,0.463926841971,-0.0945653034432,57.5151041667,33.8407912254,0.429004067709,0.369652997702,-0.0500341179868
470,0.0575999999985,25.2083333333,38.9005556703,0.737417375224,0.29313446884,0.0559420612408,-47.2140625,36.8738838434,0.791408633903,0.390275673941,-0.0614450114481,0.4640625,39.6517723799,0.631829472778,0.345663342159,-0.0264994920599,-22.0229166667,34.8660104275,0.47430979413,0.556723264977,-0.182112975512,-109.1578125,38.0033254623,0.534295551707,0.559243329801,-0.170147910132,-39.7432291667,32.7449420094,0.353546947343,0.539903828409,-0.176786758042
471,0.0576000000008,-138.1359375,37.8438529372,0.663815448509,0.318026026478,0.0123310241361,-119.773958333,34.2146111131,0.559281240328,0.449941803701,-0.102539350104,-91.334375,39.4047142267,0.615370189536,0.335926387226,-0.0524414731808,165.956770833,34.8741547465,0.474818089472,0.49026540434,-0.129446957057,11.5786458333,36.9959709644,0.480558367763,0.466756771319,-0.11712425368,139.109895833,33.9419702888,0.435970975791,0.381609206321,-0.0637755065623
472,0.0576000000006,-118.759895833,37.2707475424,0.623897257752,0.301701565739,-0.015264428137,-144.627083333,35.2120320201,0.646345915117,0.405421825126,-0.10542960967,-59.8869791667,40.0175542831,0.656198261559,0.340466578957,-0.0408695653532,-36.575,34.9260928035,0.478059597109,0.494320315775,-0.146964659685,-61.2046875,36.046669364,0.429918007466,0.503646491561,-0.148008306482,-2.85885416667,33.4092392921,0.399288605308,0.440207813866,-0.0975314443076
473,0.0576000000008,-79.475,40.1980681419,0.827792288496,0.284583625617,0.0542384488144,13.5265625,35.3556415439,0.6588815622,0.373472942505,-0.0496161381398,-174.808333333,41.3035844564,0.741874992362,0.270434396574,0.0273678870344,45.2317708333,34.692999959,0.463512032571,0.537546517793,-0.143970037607,-141.922916667,36.6265579462,0.460852082287,0.528625054751,-0.139430187905,-159.7921875,32.4513127804,0.333328457648,0.552697716746,-0.158785433043
474,0.0575999999986,264.796354167,38.3600811958,0.699772007786,0.222081117681,0.0315341763344,264.1203125,36.624314785,0.769623799882,0.240954028326,-0.00743662635341,272.066666667,40.3449362516,0.678008804863,0.2027627856,0.000951079375227,272.066666667,37.920758903,0.664959793242,0.269022743916,-0.00641619473754,242.985416667,39.3624156713,0.606796027665,0.279801658471,0.000258543705968,257.239583333,35.3911302686,0.535756089866,0.231183276745,0.0247786882392
475,0.0474766560953,-168.3,28.9429545852,0.043846134795,-0.163298363956,-0.270324917334,-32.5641509434,32.4084078231,0.40161811041,0.301634981385,-0.0372427190898,-125.434591195,35.9109106964,0.382609193126,0.493651273959,-0.196710539832,-168.3,28.0922223217,0.051550700647,-0.121323537169,-0.275533290123,-168.3,28.8310951017,0.0450042137663,-0.206642879782,-0.220725533183,-168.3,28.0119634304,0.0276472440659,-0.0471309971082,-0.200131209462
476,0.0576000000008,257.526041667,37.8658302426,0.665346221518,0.279144806555,0.00703510372819,243.965104167,35.4946060777,0.671011749023,0.311768809333,-0.035628601526,211.876041667,39.9532523751,0.651914398414,0.228038679343,-0.00674448639711,220.4984375,36.7972985506,0.59484347535,0.303943836829,-0.0278606375668,250.255729167,40.2345179319,0.653318200041,0.243637736188,0.0073336177411,272.066666667,35.0730143189,0.513851512894,0.212772869971,0.0336852654764
477,0.0575999999986,234.363020833,38.5797693729,0.715073825985,0.341705613071,-0.0332100522373,209.561458333,34.3999314308,0.575457814413,0.337569628377,-0.0627869157252,225.454166667,39.0322563648,0.59055664112,0.256046772003,-0.023966568584,256.173958333,35.9874410629,0.544299435295,0.333915248979,-0.0470120585796,248.903645833,39.5712888837,0.617938339786,0.299127401784,-0.022102698731,272.066666667,34.9028072357,0.502131527901,0.276689495426,-0.00707860169496
478,0.0576000000006,105.869270833,38.3402408957,0.698390082418,0.298619305715,-0.0571065749828,168.7640625,37.093118012,0.810545541353,0.331464607734,-0.0741532693683,243.375,41.4248700142,0.749955168315,0.240301682614,-0.0141440058733,250.6453125,39.372616291,0.755571708413,0.357176237507,-0.0519189914776,199.466666667,42.5594393015,0.777340803354,0.238502977532,0.0450716189953,264.1203125,38.5676190257,0.754480245518,0.246025342261,0.043510016847
479,0.0576000000001,-234.36875,34.5387885571,0.433609640676,0.460584423505,-0.133276017105,-226.760416667,32.0035789311,0.366280676054,0.514785117237,-0.192168784386,-172.929166667,36.8501703143,0.445183691853,0.460187779507,-0.133812682478,-113.1796875,33.3241626918,0.378081488663,0.596389038954,-0.224823050667,-213.147916667,35.5253411531,0.402107827416,0.61241364223,-0.236519872618,-206.2671875,32.2592626214,0.320104419385,0.498251184588,-0.143110029286
480,0.0575999999996,166.145833333,37.1881545186,0.618144451884,0.35426414432,-0.0752320254933,116.336458333,35.9663462043,0.712189851888,0.353296907619,-0.0814868280086,158.199479167,38.7996177673,0.575058004381,0.264853340108,-0.0362751993634,212.36875,36.0281901956,0.546842630639,0.381326299859,-0.0976286455625,214.5,37.3205760121,0.497874378357,0.373227700358,-0.0901756346639,242.4125,34.1280117631,0.448781272789,0.32447290956,-0.0469520834686
481,0.0576000000002,-38.8151041667,38.4853200316,0.708495198639,0.341131428955,-0.0181807769613,-56.5640625,34.8706033826,0.616542676505,0.458712343127,-0.129046583039,-122.329166667,40.811389327,0.709084416776,0.31541547575,-0.0321042410797,79.3776041667,34.0334017873,0.422345831211,0.499758761842,-0.129319170024,59.2052083333,37.6436856985,0.515110619111,0.441788482945,-0.0911188686878,137.683333333,34.2084687948,0.454321319575,0.452858251054,-0.0957191970901
482,0.0576000000001,-112.641145833,35.1812694669,0.478360005526,0.480039821006,-0.173828571889,-106.625520833,32.965752095,0.450268582279,0.482635719236,-0.156737670186,-84.63125,41.5211628675,0.756370303082,0.206668107305,0.0341904379893,-82.9927083333,37.4732117653,0.637027915349,0.375169897918,-0.0124010752816,94.1989583333,38.2361246347,0.546714190801,0.353046732256,-0.0197622373014,224.388541667,34.083016932,0.445683054225,0.323662569746,-0.0281848960667
483,0.0576000000006,-111.713020833,40.5991516709,0.855728736074,0.237721016863,0.080223035824,-133.0828125,36.4803305268,0.757055442307,0.342896392336,-0.0151290234462,-63.9203125,43.0986863375,0.861466634781,0.259630934102,0.0322830179084,-16.0072916667,35.216117084,0.496160311217,0.519036327489,-0.116277044724,-84.0010416667,38.5800628662,0.565061527362,0.457634102087,-0.0697679648356,-105.846354167,34.0848860741,0.445811758133,0.478536154144,-0.0846559461606
484,0.0576000000008,-74.9890625,37.4892069697,0.639113490529,0.457740725018,-0.0847420365401,-98.7421875,34.8190130591,0.612039367319,0.413736256305,-0.0702058884635,-41.3416666667,39.9598214626,0.652352038178,0.342238090467,-0.0197344813605,53.521875,35.687323153,0.525568767381,0.442986140959,-0.0788449451848,146.277083333,36.5683445334,0.457746695975,0.436544036958,-0.100159905927,168.7640625,33.4396813512,0.401384760582,0.376192892902,-0.0616208472115
485,0.0575999999986,-172.2703125,38.0205491781,0.676122773329,0.456574512646,-0.0453771703505,-41.6854166667,35.1156864762,0.637935931544,0.479173078667,-0.0804902494529,58.4947916667,41.6494451761,0.764916610195,0.30969836656,0.0149595468156,-21.071875,33.6976349354,0.401390276104,0.587453450542,-0.166922379911,-184.948958333,35.7978217006,0.416643263877,0.519966701511,-0.0904932693738,-105.875,33.6973946095,0.419130176708,0.415136786643,-0.0352575338275
486,0.0576000000002,-225.01875,36.7873647213,0.590228463435,0.439731715247,-0.0927405043283,-32.6677083333,33.9662701488,0.537603606399,0.411630346673,-0.0855151286814,-22.4354166667,38.7706172466,0.573125958106,0.336797565222,-0.0516187034191,144.9765625,35.4290224314,0.509447953263,0.471861659549,-0.123200406859,8.284375,36.8685962558,0.473763581853,0.447594991652,-0.101384794396,39.0041666667,33.7088505626,0.419919001685,0.412386181299,-0.0753328121573
488,0.0258083880821,-197.738095238,37.2118554796,0.619795281718,0.40677805032,-0.0655087691848,-91.1952380952,34.1632881165,0.554801266048,0.378805543695,-0.0674718410176,-100.086904762,39.7200115749,0.636375642271,0.288131898003,-0.0272248896737,50.6654761905,34.5639275142,0.455456488333,0.478543001626,-0.0945738275269,15.0726190476,37.5250316347,0.508781034775,0.334328816938,-0.0127200495418,126.761904762,34.7828031267,0.493868379684,0.374686052757,-0.0302466442185
489,0.0575999999985,-171.577083333,38.1906225681,0.687968800405,0.422495519044,-0.0704328208467,46.7614583333,35.4260318279,0.665025916251,0.389057976427,-0.0791883199618,49.56875,40.0650854707,0.65936484104,0.2969323867,-0.0352900907665,206.364583333,36.4687412381,0.574337875025,0.447373692878,-0.115763792011,176.710416667,39.1162114739,0.593662299399,0.375330989948,-0.0628055340421,184.656770833,35.0269244909,0.510677895895,0.332937530242,-0.0358614493152
490,0.0576000000006,4.69791666667,37.0760006905,0.610332663779,0.367285013432,-0.0392472804699,-84.4536458333,32.6449912488,0.42226943111,0.46477111103,-0.139495815733,19.9145833333,39.2544806004,0.605361461723,0.394067378948,-0.07893931953,25.471875,34.5435414314,0.454184171906,0.563612246886,-0.164694619762,-67.9020833333,36.8615463972,0.47338750814,0.571032973006,-0.166320149932,-85.8572916667,33.3839515448,0.397547361558,0.486985388212,-0.121105901402
491,0.0434259952556,-199.734027778,37.7613226573,0.658067012901,0.332898721409,-0.00502041867973,-125.568055556,33.6358433565,0.508760716691,0.485420100391,-0.144084241862,-162.334027778,40.3386513392,0.677590097152,0.343046233368,-0.0464311279817,-164.343055556,34.0350398223,0.422448062661,0.59714125966,-0.185543550722,-103.95,36.6788073381,0.463639318744,0.48010734003,-0.1133169471,-55.48125,33.1998682022,0.384871896053,0.499018772816,-0.129443311288
492,0.0575999999997,71.0072916667,39.3421478271,0.768175347692,0.370261460543,-0.0303258709828,-140.215625,34.4466090202,0.579532292012,0.472060969565,-0.14823887602,-59.3713541667,39.8711665869,0.646445753798,0.364388267742,-0.0838672922564,112.165625,34.7295032144,0.465790238341,0.525445092935,-0.16409063217,-78.9994791667,37.6071557403,0.513161933628,0.489417491946,-0.138797999753,75.7166666667,34.2434501648,0.456730039138,0.444139792118,-0.0978924561859
493,0.0575999999996,225.740625,37.0753863454,0.610289873144,0.281418856233,-0.00569442546339,200.549479167,35.6443571448,0.684083490221,0.312262934633,-0.05054589887,216.4421875,38.6549383402,0.565419303369,0.241974700009,-0.0285955409236,249.5796875,35.9772408009,0.543662826432,0.334245587001,-0.0600849623079,194.63125,38.0941699743,0.539141639416,0.289399032015,-0.022404359569,209.171875,34.4563286901,0.471388260607,0.259385610698,0.00146378158024
495,0.0576000000001,-225.849479167,37.7360523939,0.656306877328,0.422606042586,-0.0576331805792,-134.9390625,35.9135277271,0.707579337406,0.416358300485,-0.092390887643,-9.20104166667,39.7600809336,0.639045106588,0.277699688217,-0.00648934700439,117.551041667,35.6631833911,0.524062179972,0.476406686474,-0.124909335118,10.4614583333,39.8104432821,0.630695997519,0.41315999534,-0.0765827064934,79.2229166667,34.25295645,0.457384615421,0.35268744966,-0.0252071063642
496,0.0576000000001,-182.7546875,40.2914496064,0.834296535613,0.31843471434,0.0251636616586,57.9677083333,36.6884564161,0.775222710247,0.383671242744,-0.0642304813846,-22.4239583333,42.1482624412,0.79814835967,0.230244905222,0.0282362907783,-83.2390625,36.0260008574,0.546705991786,0.464743296849,-0.0836235650422,-115.752083333,38.2485150099,0.547375153619,0.524764779024,-0.139082581678,-54.209375,33.8999391198,0.433076826735,0.487452136353,-0.135698581587
497,0.0576000000001,-127.869270833,36.1406913996,0.545186086855,0.41991710756,-0.0921570903411,-90.26875,34.1002134085,0.549295487194,0.341097399825,-0.0635236564722,12.0598958333,37.306476593,0.475583313119,0.35376154515,-0.0989644523288,173.1640625,34.9757073522,0.481156092201,0.423806916457,-0.143954397732,125.634895833,36.4546955228,0.451684105493,0.390549628297,-0.108380950689,233.400520833,33.9327039123,0.435332918952,0.327359836549,-0.0433187356193
499,0.0576000000002,-117.665625,37.851143539,0.664323256729,0.390082477126,-0.0336100802378,-109.38125,34.1063017249,0.549826935139,0.439531478565,-0.108768168935,-197.782291667,38.9649640322,0.586073552629,0.377838589018,-0.0746372347749,-147.434375,33.7205196023,0.40281853174,0.591738027055,-0.207055531209,-140.089583333,39.6620265245,0.62277872647,0.394496135414,-0.0216978557228,139.6828125,36.5403060913,0.614885131629,0.375932829455,0.0261329888308
500,0.0576000000001,-117.814583333,36.74941957,0.587585490951,0.400779409334,-0.0591519528152,-76.0546875,33.818066895,0.52466697353,0.459726836998,-0.121068388427,-29.21875,39.4899505377,0.621048725406,0.336419866886,-0.0554853739322,63.0895833333,34.9305788875,0.478339578231,0.465381045826,-0.128145956598,16.0875,37.2579302788,0.494532550526,0.452763430774,-0.106962279313,154.899479167,34.0473142266,0.443224665517,0.383612196427,-0.0542000827918
502,0.0576000000001,190.5578125,37.4958563447,0.639576635739,0.242096006405,-0.0117593215605,198.996875,35.5663839579,0.677277226067,0.26934362296,-0.0424558038012,220.7046875,40.0020129681,0.655162882222,0.215866992017,-0.0324542044036,184.066666667,37.6944218278,0.650833863222,0.309559376677,-0.0551942448051,162.072395833,39.3162992597,0.604335954173,0.286917707417,-0.0376900281826,227.585416667,34.7792515755,0.493623829769,0.277204373386,-0.0299261945001
503,0.0269538156989,-236.5,39.2177408854,0.759510100293,0.365487116575,-0.0293511307333,-83.93,33.3067883809,0.480037572601,0.473705803355,-0.130237495465,-219.547777778,40.8586751302,0.712234648483,0.347500938177,-0.0549542545651,0.831111111111,34.7613834381,0.467779915946,0.535211877028,-0.148276222187,-66.9777777778,37.0758388519,0.484818908983,0.526797054211,-0.135476096766,170.353333333,33.3013760885,0.391861445965,0.419690222541,-0.0949042837135
504,0.0576000000002,-114.2453125,37.1366704702,0.614558462148,0.406447482761,-0.0781700136458,-158.915625,33.7807364464,0.521408406012,0.438089394476,-0.119488158816,-170.0703125,38.136949122,0.530910297491,0.396118928678,-0.0943002171116,76.0260416667,34.4058859944,0.445592954282,0.530431526713,-0.157383507816,-51.6541666667,36.4843094945,0.453263858647,0.514193417504,-0.155113597604,-4.99010416667,33.0286909938,0.373085110944,0.462751728948,-0.110665204724
505,0.0576000000006,257.526041667,38.2238411307,0.690282554438,0.195723285782,0.0464472839831,264.1203125,37.0385894775,0.805785756309,0.211102193571,0.00939231118309,265.1859375,40.699983716,0.701662453633,0.169709555339,0.0212430803713,264.796354167,38.0241007805,0.671409466268,0.226420054212,0.0215998636431,250.6453125,39.190713644,0.597636607178,0.212498413166,0.0354977305142,264.1203125,35.2836763859,0.528357115224,0.191407115199,0.0358348465088
506,0.0576000000006,-191.9671875,36.6929154396,0.58364984024,0.377071083523,-0.0593023870715,-81.3598958333,34.942381978,0.622808215984,0.393266441533,-0.0964522428985,-58.4833333333,39.2080177665,0.602266057126,0.338089221157,-0.0648792998982,164.014583333,34.983905375,0.481667739251,0.437824985012,-0.132188035852,111.8734375,36.9951162934,0.480512775459,0.376712588361,-0.101227567955,160.4796875,34.7523345947,0.491770401555,0.380131111015,-0.0519307653108
509,0.0576000000002,-218.476041667,35.6532495022,0.511234567958,0.520988814067,-0.183827792931,-148.024479167,33.2392998934,0.474146515796,0.487681221683,-0.167270156846,-171.284895833,36.8896377087,0.44781305265,0.404688635841,-0.118620719353,-37.8411458333,34.543141067,0.454159184751,0.568750457838,-0.194858552888,-164.9828125,36.5042567849,0.454327944047,0.548317717388,-0.162861596589,-111.1,33.3215726018,0.393252121539,0.481000451371,-0.128297694406
510,0.0575999999997,202.680729167,36.04773736,0.538711610927,0.274939552415,-0.0369422036674,167.211458333,35.0124508142,0.628924510915,0.281714777928,-0.0488061465767,145.503645833,38.5506901741,0.558474177005,0.22727899719,-0.0362492112836,235.531770833,36.2187721729,0.558737048169,0.318115456728,-0.057251059141,139.109895833,37.6151665449,0.513589268875,0.346552651376,-0.0651044768038,227.585416667,34.2792591453,0.459195745651,0.277860554401,-0.0270878932042
511,0.0576000000002,-90.3890625,37.6681994796,0.65158075609,0.408538632561,-0.0528710612634,-123.509375,34.0409324169,0.544120861101,0.458085600752,-0.10527571421,-43.9083333333,39.3479962349,0.611591575147,0.35072585661,-0.0250354676064,-3.21979166667,35.2024181485,0.49530534654,0.484337489121,-0.10135761011,-42.8140625,38.0638350248,0.537523425803,0.471299738158,-0.0804020439168,-42.69375,34.3215036988,0.462104587777,0.418851881288,-0.0461165302841
512,0.0575999999986,221.7703125,36.299495995,0.556247214865,0.261528388131,-0.0234690126665,85.1296875,34.5328069329,0.587056490856,0.322345734341,-0.0782407158731,182.6171875,37.8958180547,0.514845883166,0.243549529347,-0.0403173687282,196.476041667,36.0806092024,0.550114154853,0.345478434348,-0.0681766468224,147.2453125,37.5564195514,0.510455418771,0.352182439063,-0.0594257457051,227.585416667,34.2147173285,0.454751576179,0.294567236211,-0.0255630968932
513,0.0491314505335,-154.766071429,37.2714265415,0.623944551696,0.407499870551,-0.0716278443849,34.7285714286,35.1035477093,0.636876340969,0.378690727587,-0.0719819559475,-70.5964285714,39.6681906836,0.632923278056,0.288356412734,-0.0317230701891,235.74047619,35.493537426,0.513474400535,0.440647822938,-0.121485013861,172.169642857,38.1360332625,0.541374830634,0.368167548041,-0.0704660391285,235.74047619,35.3602042198,0.533626608411,0.318195503471,-0.0272054408862
514,0.0533509012291,-81.9779661017,38.6229772406,0.718083359518,0.10823863478,0.0170322388067,-112.684745763,29.6123526622,0.157551005373,0.116582721177,-0.178007656045,-86.3406779661,34.1825931678,0.267466797009,0.101075987284,-0.101873827173,-85.7813559322,32.0420434596,0.298063106647,0.119828753442,-0.171230037693,-90.0011299435,32.5122238418,0.241373508425,-0.00213134747346,-0.196409525429,-11.981920904,31.0129007242,0.234283415618,0.0857738284582,-0.117067770255
515,0.0575999999996,123.893229167,37.29913342,0.625874403469,0.369737339206,-0.0713945945463,60.5744791667,34.5382019281,0.587527418927,0.374966589734,-0.0793219543211,60.3223958333,38.7326461077,0.570596279473,0.313769242028,-0.0593208096179,195.410416667,35.5114284754,0.514590999357,0.410796076991,-0.0931538477889,177.386458333,37.6709231138,0.516563595198,0.382919116644,-0.0606270382405,89.3005208333,34.2152781487,0.454790192687,0.328002133407,-0.0320754420218
516,0.036282124444,4.51916666667,39.9485847473,0.810415160611,0.188608655892,0.0595015424478,6.26083333333,32.4909779549,0.408825640972,0.154540941725,-0.0560600839905,-16.8483333333,40.6713669777,0.699755975359,0.16209085118,0.0584462208033,41.91,35.3384449005,0.503794916256,0.192590019014,-0.0483704654034,75.5608333333,37.84808321,0.5260141756,0.382581334934,-0.078373478564,237.169166667,35.6146207809,0.551145023167,0.337363853306,-0.04291646622
517,0.0576000000002,-60.9526041667,36.5345382094,0.572618479268,0.456171924248,-0.124095357809,-87.8854166667,34.0687570572,0.546549668478,0.378146080067,-0.0868912379119,44.3322916667,38.3531912565,0.545316584013,0.317071130034,-0.0671827027918,94.2734375,36.2599217296,0.561305234387,0.44960489776,-0.120985629997,150.046875,37.7653990984,0.521603403301,0.395706332522,-0.0882197802021,179.907291667,34.8401350379,0.49781609517,0.34902515565,-0.0613515872822
518,0.0576000000002,142.977083333,37.7252910733,0.65555732506,0.333054492017,0.00898873824917,-58.4432291667,35.1772106886,0.643306367939,0.340386461932,-0.0576593060487,92.0390625,41.2930096388,0.741170486492,0.286649464164,0.00198233921219,-23.4838541667,34.5700581074,0.455839104967,0.494322218932,-0.119800263376,-125.273958333,37.2501327395,0.494116591893,0.515990755055,-0.121290616356,-46.7614583333,33.3758606315,0.396990243837,0.558920626994,-0.15982777375
519,0.0576000000002,32.2208333333,39.551715076,0.782772218512,0.285532545066,0.00389117478699,154.664583333,36.7912638783,0.784196753403,0.290438488824,-0.0279968301625,132.229166667,40.7189429998,0.702925541771,0.228230692679,-0.0102394326368,249.293229167,37.5664330721,0.642845953135,0.316565278219,-0.0285874804867,257.915625,39.6104357839,0.620026625668,0.278735128697,-0.000802204245701,272.066666667,36.1664869189,0.589144986111,0.257262174739,0.00220003374898
520,0.0343534154083,36.5256410256,37.2429012396,0.621957694742,0.363070325974,-0.0447813129733,-15.5974358974,35.1373572716,0.639827571012,0.459465470834,-0.160991065359,-70.8418803419,39.6628152896,0.632565163452,0.333828656337,-0.0717553671312,55.7333333333,35.7075088697,0.52682857875,0.503729195167,-0.178442965906,-92.3153846154,38.417779678,0.55640455352,0.516088115099,-0.171115856636,21.2196581197,34.2690044305,0.458489634598,0.454615710638,-0.106693687132
521,0.0576000000002,-139.15,38.1956692338,0.688320312997,0.371830292046,-0.0291415617139,-117.780208333,35.4107044339,0.663687991043,0.374926374992,-0.0575867206146,15.9041666667,39.8872423768,0.647516740432,0.316529484931,-0.0289051174932,-4.7265625,34.1278517246,0.428240549095,0.520936941728,-0.145418074244,-130.138020833,36.9334852695,0.477225077162,0.500706292689,-0.133663149587,-67.3807291667,33.1846650839,0.383825051731,0.472989010625,-0.120534786081
522,0.0576000000002,-27.7635416667,37.644380331,0.649921694208,0.38747104106,-0.0828424221545,-126.265104167,34.4533368349,0.580119561631,0.425239459611,-0.121502573544,-97.8770833333,38.2795439959,0.540410123296,0.337949502748,-0.0735243998779,143.521354167,35.518211484,0.51501433391,0.458759310073,-0.135339367306,-65.0776041667,37.022300303,0.481962902623,0.473888153676,-0.13186637133,-8.67395833333,33.6912795901,0.418709113534,0.411061181803,-0.0922397859049
523,0.0576000000001,-18.6598958333,35.679072082,0.513033173726,0.310285404092,-0.103740838016,-120.421354167,33.482193023,0.495348609303,0.405185170472,-0.135536167532,-20.2125,38.1190574169,0.529718332615,0.334306260804,-0.106579050847,-46.6239583333,33.4385062158,0.385217785782,0.52088039415,-0.234218806709,-186.0203125,35.3020748496,0.39019771787,0.466745844111,-0.214951273578,-173.908854167,31.3439543247,0.25707884314,0.393523494655,-0.237203757337
524,0.0155314682442,-111.121568627,40.6440030266,0.858852742563,0.196774496752,0.0621680715943,135.21372549,35.2165902082,0.646743798458,0.320936590433,-0.0423837964259,-131.482352941,45.1781084397,1.0,0.154674774584,0.100840718869,-168.3,27.3129212997,0.00291372108842,-0.144679642775,-0.324895350372,-193.233333333,45.8518593732,0.952974488795,0.105496236068,0.112098195974,-137.025490196,40.4701872433,0.885485786157,0.101939039634,0.117535369799
525,0.0575999999991,-208.1578125,35.9985231757,0.535283722769,0.345825245022,-0.116618958578,-134.847395833,32.2781425118,0.390247277013,0.441924523097,-0.187260508421,-181.849479167,38.204455018,0.535407613812,0.327286035754,-0.0893112696849,-70.8755208333,33.6777143478,0.400147011715,0.466775438748,-0.181338190472,-147.749479167,36.6077051163,0.459846380727,0.407175250992,-0.119500016765,-27.1848958333,33.5525026321,0.409153319296,0.381307502044,-0.0648092089596
526,0.0576000000002,-27.1333333333,39.151032269,0.754863682201,0.307083417894,0.031753197647,-117.327604167,35.7840161324,0.696274295772,0.417547731195,-0.0991378289646,-50.496875,38.5553363562,0.558783710714,0.352644561557,-0.046153771641,17.2333333333,35.1101052165,0.48954400136,0.519528551027,-0.158957519161,-97.6994791667,37.7469472289,0.52061909092,0.526514681056,-0.144901623877,-50.0213541667,32.8058254719,0.357739212744,0.533065878786,-0.16032118984
528,0.0456924102609,-99.2300653595,39.5937999651,0.785703533843,0.209208076199,0.0781051341271,272.066666667,37.0457672418,0.806412301943,0.365469185745,-0.0583932421572,24.0418300654,42.9127647549,0.84908033646,0.256762963592,0.0133521322266,-123.883006536,36.8645781723,0.599042465844,0.471569381508,-0.104606156458,-197.654901961,37.5256971471,0.508816536441,0.497553165637,-0.102827739811,62.908496732,34.8619535858,0.499318459517,0.428349372219,-0.0594983501411
530,0.0576000000002,-164.679166667,37.5120384693,0.640703760248,0.328347868053,-0.018754214121,-111.810416667,35.2892842889,0.653089250465,0.411701771431,-0.11326958533,-154.4640625,38.3381856084,0.544316891391,0.345913561992,-0.0875147450861,10.278125,34.337952733,0.441353169459,0.499175330624,-0.193029453018,-163.138020833,37.5013039708,0.507515285882,0.486998578534,-0.159678964204,-85.7541666667,33.0727246702,0.376117147077,0.457083740504,-0.152875600361
531,0.0576000000008,-138.359375,38.6172338724,0.717683319893,0.428866212256,-0.0633689617734,-142.094791667,34.0795450807,0.547491352925,0.476483417675,-0.134017610457,-124.322916667,39.2325840592,0.603902690305,0.358156986535,-0.0595625099177,-1.19166666667,34.6249599457,0.459265585251,0.553466453217,-0.165587423253,-126.6546875,36.5189967155,0.455114243573,0.508398844395,-0.139310942017,4.22239583333,33.8877891898,0.432240216445,0.474157572025,-0.115732033242
532,0.0575999999997,-178.4578125,36.6757183075,0.582452017979,0.418309342116,-0.0560707453724,-201.3171875,33.930167377,0.534452202553,0.507400560193,-0.136597794888,-51.9921875,39.2070023417,0.602198408424,0.375212836312,-0.0482294218509,41.0953125,34.7996526361,0.470168336011,0.557416014839,-0.156494883908,-58.3,36.9666507244,0.478994283685,0.534554690123,-0.126884625815,-52.6682291667,33.8800718784,0.431708823909,0.480573104694,-0.0899496250931
533,0.0576000000002,-59.3713541667,39.9490599632,0.81044826056,0.289183583576,0.0449249471803,59.0963541667,36.7805291414,0.783259720328,0.374042425305,-0.0564783394582,-76.6447916667,41.4817483425,0.753744464496,0.269128916087,0.0191539021034,-36.4776041667,36.9610964656,0.605066271955,0.40538637666,-0.0507050829448,51.0526041667,37.4535585046,0.504968310704,0.412225878332,-0.0808233640855,179.821354167,33.9601280689,0.437221269886,0.396377485711,-0.07791514973
534,0.0221202494127,-236.5,37.3783621788,0.631392880064,0.327000154803,-0.0761011612631,13.1388888889,34.2172629038,0.559512714623,0.392009207358,-0.104474610416,-198.763888889,39.9301988284,0.650378546021,0.267438201234,-0.0380746334364,35.2305555556,35.219098409,0.496346378781,0.469406957428,-0.105957610649,-79.1541666667,37.49386247,0.507118320068,0.45664132759,-0.0929302129662,141.181944444,34.0203711192,0.441369438291,0.383234807601,-0.0508821288822
535,0.0572755457717,-136.377083333,37.0402446985,0.607842171595,0.384119602269,-0.0805631376606,-105.94375,34.1807507873,0.556325579147,0.415584508562,-0.107134175327,-187.853645833,37.3089331985,0.475746974848,0.351210214198,-0.0765625338099,-56.2489583333,34.4330431223,0.447287858606,0.494763488183,-0.159901571053,-154.091666667,38.0427928567,0.536400934305,0.456200099899,-0.124675341234,-37.3484375,33.141138643,0.380827942421,0.442993275123,-0.117174266092
536,0.0576000000006,-102.391666667,37.0348510146,0.607466488334,0.435402340954,-0.0919874569108,-129.6625,33.8356909752,0.526205376022,0.455243131844,-0.114957667757,-50.3479166667,38.3079033494,0.542299454316,0.337367667817,-0.0514151892712,48.8755208333,34.5294689536,0.453305894069,0.490361236036,-0.128224655862,-6.4625,37.1120767593,0.486752015055,0.41860353644,-0.0678084589745,-32.9026041667,33.9726255536,0.438081811822,0.363650435786,-0.0352245250556
537,0.0576000000001,168.7640625,35.4850461483,0.499518793466,0.319665103918,-0.0510189790953,-34.6442708333,33.9199126363,0.533557068253,0.391135852318,-0.108503336131,-117.791666667,37.8462566137,0.511544045991,0.325572208734,-0.0787722339737,194.734375,34.6842945814,0.462968720989,0.452114212327,-0.13336174094,45.8848958333,36.9628587961,0.478792003804,0.416162788868,-0.104113908812,192.603125,34.48917377,0.473649881194,0.336031862767,-0.0467055870254
538,0.0576000000002,258.305208333,36.7270156741,0.586025004875,0.244847245514,-0.0112661940948,206.943229167,35.490493536,0.670652766069,0.256103878841,-0.0296045783398,244.54375,39.511099875,0.62245771729,0.213988381904,-0.0208854335269,236.597395833,37.0944261551,0.613387515223,0.290860582842,-0.0400031525256,230.392708333,38.5568845868,0.563825085309,0.275628364412,-0.015775222447,243.478125,34.7665939927,0.492752263926,0.258518334944,-0.0104352376957
540,0.0576000000001,-230.10625,35.1799339652,0.478266984572,0.37385638908,-0.0440358574087,-224.778125,33.2307548225,0.473400618239,0.497336501838,-0.174411218613,-128.934895833,38.5751497149,0.560103698255,0.366615563864,-0.0470897663254,-149.3765625,34.0978639722,0.426368982574,0.569318960654,-0.191752437095,-166.386458333,35.6605396271,0.409319970984,0.592761271633,-0.163372854469,-148.161979167,32.1705011725,0.313992553598,0.555901843123,-0.159821448848
541,0.0349269080761,-178.030081301,31.4266489029,0.216841511295,0.143806635303,-0.208858021535,12.4487804878,33.2724648476,0.477041478124,0.339314430952,-0.042397660081,95.5032520325,36.1874382019,0.401031756721,0.463202456012,-0.156023734447,-193.233333333,42.9818638802,0.980828568401,0.0920457422733,0.105988250114,-193.233333333,40.9210540771,0.689941374103,0.151330971718,0.096296925284,-149.546341463,34.4873579025,0.473524845628,0.0291979250731,-0.0102666705032
544,0.0576000000006,-164.9828125,37.2425491214,0.621933168845,0.46727667097,-0.108178676033,-228.553645833,33.0363011956,0.456426799397,0.508277384099,-0.154054736253,-101.411979167,38.6802531481,0.567105803442,0.376342092175,-0.0708102307381,9.109375,34.3701839447,0.443364752581,0.559962271713,-0.172562799067,-76.2208333333,36.3329285979,0.44518846602,0.531030822545,-0.123198005429,-64.4875,33.3872360587,0.397773524027,0.443011895753,-0.0923759253346
545,0.0576000000001,218.859895833,39.8894583583,0.806296863179,0.282858351944,-0.024981044593,154.022916667,36.3459063768,0.745321584694,0.239402451785,-0.0307321564987,149.0671875,40.1910181642,0.667754614237,0.202381914016,-0.017616509409,230.003125,37.7888181806,0.656725236838,0.293232672149,-0.0373193323039,221.380729167,39.8665735722,0.633690259943,0.300901076524,-0.0230521859921,171.9609375,35.6568812132,0.554054958655,0.272219094215,-0.00395499014849
546,0.0575999999996,-101.497916667,37.5642700791,0.644341819466,0.386609598063,-0.0696586910526,-16.8953125,35.9458909035,0.710404312704,0.407959118485,-0.0919563834177,-10.8052083333,39.5402069092,0.624396859611,0.324675505748,-0.046054929493,122.879166667,35.9267446995,0.540511312728,0.458497785963,-0.109584748811,124.855729167,39.6012766361,0.61953803222,0.426859070547,-0.0862733879549,193.66875,34.6099792719,0.481968211095,0.375374088529,-0.0609234427347
547,0.0500192411903,-172.622807018,37.3735723663,0.631059257921,0.289262440382,0.0241905853414,9.56549707602,33.8172122888,0.524592375125,0.446764195697,-0.109209282814,-146.460818713,39.3140469601,0.609329837487,0.325380356688,-0.0438978339856,2.44444444444,34.3069787276,0.439420049875,0.482714867906,-0.137772161236,-96.8,35.5083525808,0.401201574416,0.513533544122,-0.153501061616,-19.9736842105,32.5323965842,0.338911662214,0.456757165361,-0.116743281684
548,0.0576000000002,-127.009895833,37.0960281491,0.611727625199,0.436221025418,-0.0847102615735,-36.4947916667,34.7050427198,0.602090918819,0.411437988747,-0.0875839612527,-99.2291666667,38.9416782856,0.584522230831,0.356934783747,-0.0518460914454,-37.9786458333,35.7899172902,0.531971773167,0.493788421853,-0.115595944679,-139.877604167,37.3908054233,0.501620756411,0.479307112517,-0.0987679454702,-27.1046875,34.9098039269,0.502613300543,0.388694924768,-0.0464444661175
549,0.0576000000002,216.4421875,37.2822834253,0.624700760179,0.277481056051,-0.00803736564558,135.575,35.2390019894,0.64870011843,0.310817632359,-0.0495496673602,185.722395833,39.2028378248,0.601920963771,0.234242321108,-0.0200276487521,208.495833333,36.7956161499,0.594738474989,0.338341419818,-0.0579694097996,171.468229167,38.06762743,0.537725731121,0.323759114603,-0.0380425731564,208.495833333,34.5776949525,0.479745202912,0.276158584515,-0.0156830959359
550,0.0575999999996,-66.3895833333,37.4605811834,0.637119634585,0.345081451349,0.00441690985576,-80.403125,34.5242608786,0.586310507452,0.448144210037,-0.100844859815,-198.847916667,40.4565023184,0.685441457739,0.34224231285,-0.0300998362527,23.8505208333,34.3809987903,0.444039718233,0.560804921668,-0.16657932254,-191.9671875,36.5930721164,0.459065785407,0.539038890507,-0.138448060497,-104.694791667,33.51760149,0.406750124,0.515062697697,-0.125414077783
551,0.0336160116034,-148.302564103,37.3996475415,0.632875457575,0.363339832196,-0.0307055262383,-116.976068376,34.6661960895,0.598700004099,0.401129817351,-0.0742004198643,-159.838461538,38.4748344421,0.553420585524,0.319158908648,-0.101306339887,-17.364957265,33.7035414378,0.401758907003,0.4363946204,-0.191738267262,-174.401709402,36.0956295698,0.432529782757,0.43306612135,-0.164424269353,-89.3068376068,32.2866843786,0.321992605098,0.402522110094,-0.166180177472
553,0.0575999999997,-95.9348958333,36.7794607282,0.589677931005,0.344624135876,-0.0142365529832,-105.0328125,34.1449154019,0.553197515411,0.456655227114,-0.113338982075,-177.816145833,39.4075977206,0.61556229104,0.332884203643,-0.0492776319843,-54.5473958333,34.7582896352,0.467586828518,0.502968701534,-0.143221087133,-81.0734375,36.7950552702,0.469840548326,0.50582779618,-0.153101518692,-33.1776041667,33.6546161175,0.416184569072,0.463582087308,-0.126853195919
554,0.0575999999996,-4.70364583333,35.8135501146,0.522399897204,0.410390505567,-0.0877893316137,-137.746354167,33.2653087378,0.476416822706,0.461036290042,-0.13809886307,-157.036458333,38.8420752287,0.577886566698,0.351941565983,-0.0643555049628,70.6005208333,34.4461282492,0.448104514854,0.478316728026,-0.133776724419,42.2984375,36.8880896568,0.474803454589,0.418342255522,-0.0932230647713,161.883333333,34.0702522993,0.444804117221,0.361043472076,-0.0550499126607
555,0.0576000000002,-195.840104167,37.625367403,0.648597397327,0.384045918239,-0.0581242781318,-77.5729166667,35.3968707919,0.662480455153,0.384080392076,-0.0876812913775,-76.5072916667,40.3157227635,0.676062570468,0.292010271456,-0.0315746116885,160.817708333,35.8603335023,0.5363665215,0.413336152444,-0.0790769460918,137.6546875,37.91237396,0.529443756613,0.343444524799,-0.0367487807798,254.7703125,35.0924274325,0.515188245747,0.298492199043,-0.00290881692217
556,0.0576000000002,1.890625,37.0779768229,0.610470306228,0.431034990586,-0.0993333732804,13.5723958333,34.6607146263,0.598221528254,0.427783129737,-0.120798676828,36.8729166667,38.6422806978,0.564576037449,0.365876427619,-0.0904670691525,120.747916667,35.3147054911,0.502313315258,0.477713259635,-0.138604592104,193.955208333,37.4826115966,0.506518143809,0.38344327407,-0.0712095294739,201.9015625,34.4456743002,0.470654629039,0.319163820473,-0.0149195935287
557,0.0576000000002,-188.638541667,35.9133931398,0.529354207811,0.38735052105,-0.0725785045051,-126.958333333,33.8188145161,0.524732233225,0.308649283601,-0.0798606905373,17.875,37.5558851361,0.4921991819,0.324699719669,-0.0907742518721,-93.190625,33.7767569423,0.406328362059,0.428619526792,-0.21487509596,-147.749479167,34.3688488603,0.340414908785,0.356131432578,-0.24605476229,-31.2640625,32.8159460127,0.358436084958,0.363500592066,-0.161319953774
558,0.0574429619937,156.13125,36.2996028066,0.556254654548,0.230667423457,0.0260854475191,45.5067708333,35.0562979281,0.632751916858,0.236305504106,0.0134138625326,65.896875,40.2011114955,0.668427042964,0.178075696807,0.0256059750573,75.0921875,38.0486944914,0.6729443851,0.306669194717,-0.0152033184095,59.8755208333,39.2392600775,0.60022630984,0.314966379199,-0.0208920704463,192.196354167,35.1197715998,0.517071088832,0.291298423894,0.00041825074868
559,0.0576000000001,55.9510416667,37.3033255935,0.626166398593,0.28918805602,-0.0827617062459,40.7458333333,34.5008699298,0.584268716134,0.350724119693,-0.0759600085948,104.797916667,38.43565166,0.550810185901,0.244208282791,-0.0618419254006,124.374479167,35.3719573617,0.50588646348,0.371511150355,-0.132080345003,121.177604167,37.3305630684,0.498407136468,0.320964086874,-0.100709938628,171.1359375,34.1373847127,0.449426667955,0.26230284723,-0.0580349460342
560,0.0571446652555,-113.116666667,39.7404806018,0.79592019851,0.303945722757,0.0337019485269,-151.897395833,35.2169449925,0.646774767516,0.379327594303,-0.0582753693343,-95.8203125,41.9883629084,0.787495678644,0.296749430243,-0.00659066359458,-61.4796875,34.3121309876,0.439741607729,0.555241906084,-0.172075846582,-82.1390625,37.2239099145,0.49271773898,0.487464838196,-0.116601101663,2.79583333333,33.3164458871,0.392899110264,0.476518686395,-0.123796703652
561,0.0576000000002,235.715104167,37.2847937346,0.624875609349,0.271856521023,0.00609011114693,229.476041667,35.7348819375,0.691985381568,0.294928040123,-0.0308107375936,217.5078125,39.7262210846,0.636789326571,0.230342295952,-0.0113135430356,254.7703125,36.5255926251,0.577886028653,0.31504828576,-0.0417102072083,242.985416667,40.7022528052,0.67826945104,0.26490203524,-0.0122396020734,264.1203125,34.6814639568,0.486890447108,0.23840997275,0.00922424915007
564,0.0575999999996,256.85,38.9581547379,0.741429290994,0.259876381606,0.0135786464634,249.293229167,36.0260004401,0.717397058401,0.247203924926,-0.0157778672929,272.066666667,39.9706083536,0.653070672603,0.19217501313,0.0116346647101,272.066666667,37.2426025271,0.622635355241,0.269937779056,-0.0107593812249,243.375,39.7310276628,0.626459582478,0.243948966265,0.0121420232717,264.796354167,35.4258180857,0.538144596197,0.23947001528,0.0267430192325
565,0.0234535759311,-43.2384615385,38.4596067575,0.706704206283,0.248891342718,0.00600710922243,-25.9628205128,37.9580122141,0.886041986139,0.387113088599,-0.0558288254811,153.478205128,39.4232917199,0.616607842363,0.414314978398,-0.085042311201,55.0564102564,35.6171283722,0.521187838801,0.538228132404,-0.154361737176,38.9512820513,38.7161552723,0.572321357613,0.488086771507,-0.115276509753,-136.414102564,33.2905740004,0.391117644313,0.589166444082,-0.218907293219
566,0.0575807599493,52.0552083333,38.6772093177,0.721860756167,0.308682980482,0.0226293143896,-171.072916667,35.7663114071,0.694728853786,0.364120901097,-0.0475256368409,43.9083333333,40.8549152017,0.711984157948,0.334540679352,-0.0351608721903,13.0682291667,34.8323109746,0.472206576562,0.519443433266,-0.133409724906,-112.188541667,36.7461884618,0.467233755307,0.554988488089,-0.14889714749,-71.5286458333,33.4290531874,0.400652934866,0.561170439236,-0.169522390672
567,0.0576000000002,8.65104166667,38.1811959743,0.687312215121,0.389241198078,-0.0512062378366,140.175520833,34.9482571483,0.623321058438,0.362010790966,-0.0805354745098,48.6921875,39.158936739,0.598996225617,0.296519145137,-0.0389377504562,118.754166667,36.5598262548,0.580022584747,0.438473457471,-0.111246653702,195.983333333,38.0235666037,0.535375312542,0.379420610843,-0.0677388355762,224.388541667,34.3317577839,0.462810655473,0.335750603117,-0.0390627893239
568,0.0575999999986,76.1119791667,37.7167726159,0.654963993692,0.412612195592,-0.0869575034371,129.3703125,34.3954449892,0.575066193807,0.384567835135,-0.0888843764086,112.652604167,38.8716090918,0.579854144822,0.317300955765,-0.0540164525373,169.102083333,35.5860641599,0.51924908931,0.430945145199,-0.108354596894,153.936979167,38.295112133,0.549860870596,0.428215456428,-0.0965173818568,87.896875,34.3957921863,0.46721988581,0.385017975466,-0.0677731637916
569,0.0575999999996,-202.3828125,37.9380095601,0.670373687303,0.348226683214,-0.00122190653565,-142.547395833,33.1445025206,0.465871671769,0.495511467569,-0.144473201799,-133.672916667,40.9609817266,0.719050425363,0.321968642762,-0.0235561256377,-67.6213541667,34.254344821,0.436135113541,0.575289764907,-0.164109806181,-199.575520833,36.8452576995,0.472518589852,0.567927171476,-0.156247328443,-200.979166667,32.8039296865,0.357608674254,0.561832094099,-0.164279151446
570,0.0576000000002,44.0401041667,37.7019520402,0.653931704389,0.390001282562,-0.0668774418482,75.4015625,35.2334477901,0.648215293473,0.389986668015,-0.0887806005776,75.9286458333,37.9285571575,0.517026997854,0.3590175563,-0.0844857309276,173.0265625,36.1014643312,0.551415744922,0.4565869621,-0.119012334186,150.539583333,37.6383982897,0.514828563031,0.435953176115,-0.102074821873,115.270833333,34.4337644577,0.469834550505,0.385890484555,-0.0721578704945
571,0.0576000000002,-216.871875,39.2905305028,0.764580074957,0.341563984752,-0.00857129627366,-151.897395833,36.6252222061,0.769703008493,0.401122224983,-0.0761267639937,-107.0265625,39.9021958113,0.648512954522,0.329413701547,-0.034691242231,29.4135416667,35.3123289943,0.502164995645,0.513885538559,-0.15256639116,-128.533854167,36.5282896161,0.455609972046,0.53195332922,-0.144784033531,-77.5729166667,33.5835316777,0.411289892826,0.450570685556,-0.111837205099
572,0.0576000000002,-53.7338541667,35.8810819983,0.527103657875,0.425122572808,-0.143808699679,-24.165625,34.0722827315,0.546857423898,0.389919555048,-0.12245127534,31.0578125,38.4283890128,0.550326340437,0.327903897502,-0.0670849474773,14.3859375,34.9575758576,0.48002448695,0.467074945336,-0.16708432654,-39.2619791667,38.778922379,0.575669660091,0.455104753608,-0.161817450081,122.879166667,34.6984207034,0.48805804138,0.35608757622,-0.0725259078426
573,0.0575999999986,-183.413541667,38.2057899833,0.689025247922,0.347487655934,0.00238855294856,-65.8911458333,33.9379110336,0.535128144818,0.452432125341,-0.110492608685,-26.159375,39.7315081954,0.637141559651,0.321452283766,-0.0262324062132,82.9583333333,35.0232660174,0.484124277492,0.478151119314,-0.12380566413,-61.0041666667,38.4773353338,0.559581541602,0.459144660272,-0.11311994517,144.925,33.2056270242,0.38526843247,0.432832097169,-0.0907729689388
574,0.0576000000002,-94.66875,38.2808259726,0.694251687876,0.262348562479,0.0107511954523,-117.780208333,35.2801789641,0.652294448459,0.379831800703,-0.0619762690258,-100.959375,41.5883476138,0.760846224051,0.315110507188,-0.0158671509607,-16.4828125,33.9974058867,0.420099289972,0.553423533682,-0.156586600759,-95.0239583333,38.1098178625,0.539976373809,0.488879316486,-0.107992283971,-103.291145833,33.5949878097,0.412078730117,0.492119896691,-0.11039906794
575,0.0575999999997,-99.3036458333,38.2434947491,0.691651476966,0.256182598416,0.0315855838053,53.1036458333,36.2516707182,0.737095772586,0.388680823613,-0.0790502207383,-77.3322916667,40.1621252894,0.665829739455,0.316553838318,-0.0391037504378,-30.5708333333,34.5917943716,0.457195687609,0.536117140669,-0.164529459027,-7.60833333333,37.1500489712,0.488777637352,0.497075375868,-0.13527876177,29.9921875,34.3024107814,0.460789902738,0.41993654659,-0.0800862784781
576,0.0331925762285,-88.5398148148,34.3871196111,0.423045528088,0.46929044856,-0.15066530452,-234.605555556,32.8438359367,0.439626544798,0.281394124031,-0.00981842398404,-168.3,33.2641575072,0.206279612996,0.609229008357,-0.293599425919,-168.3,32.1096262402,0.302281017601,0.543264972667,-0.185336130982,-10.175,33.1552557415,0.275675954635,0.730110913515,-0.330649425069,272.066666667,30.7587014834,0.21677996493,0.541744670106,-0.308141454226
577,0.0575999999996,78.8161458333,39.2136518359,0.759225288007,0.351230582921,-0.0704320508921,91.4317708333,35.5040587783,0.671836873401,0.354442280717,-0.0863790160474,149.0671875,39.7134578228,0.635939024169,0.278539370745,-0.0297018776073,180.0390625,35.8372619748,0.534926603704,0.405660149176,-0.0815308799811,170.505729167,38.112275064,0.540107452876,0.347129291622,-0.0336050568512,216.4421875,34.8320170641,0.497257114137,0.308157621883,-0.0186917314859
579,0.0575999999996,51.3104166667,37.8629734516,0.665147239045,0.365584592102,-0.060657518261,128.745833333,34.8724189997,0.616701161364,0.34897666052,-0.066962185284,195.8,39.2677798867,0.606247474665,0.265222745715,-0.0366964307177,236.597395833,35.9142209888,0.53972969504,0.374907705933,-0.075531543971,200.549479167,39.6919077635,0.624372736956,0.348622098565,-0.0594617574998,224.388541667,34.3305295706,0.462726084131,0.332592458697,-0.0465961971931
581,0.0576000000008,-206.5765625,38.0779878497,0.680123517119,0.370102187153,-0.0303137336323,-103.8296875,35.3559091687,0.658904923121,0.428913131356,-0.104673148126,-38.43125,39.5925444365,0.62788364268,0.294508850435,-0.0371903897085,157.133854167,35.6472682953,0.523068902449,0.446948950179,-0.121505979983,45.4953125,39.3121601939,0.604115156293,0.397854972864,-0.0849117479993,171.9609375,34.3064697981,0.461069395307,0.349078763975,-0.0670438067891
582,0.0575999999991,-213.875520833,38.2703849673,0.693524446356,0.365664621349,-0.0755385672455,-102.185416667,34.170977056,0.555472432071,0.382262202678,-0.120555980979,-119.0578125,38.8497658968,0.578398927384,0.296032179147,-0.0601889924692,66.0401041667,34.1954375505,0.432458650112,0.432623927016,-0.132709920719,13.6125,36.6052485108,0.459715333456,0.423149805749,-0.115162937373,35.3203125,33.5176818371,0.406755656474,0.405500649707,-0.0940402457345
583,0.0576000000008,-18.0755208333,37.3359038234,0.628435551889,0.395214880817,-0.0743709083908,-19.8171875,33.6356295943,0.508742057437,0.421396237798,-0.110698662407,-41.525,38.5370701551,0.557566796508,0.315501681995,-0.0554351915307,163.625,35.0348021984,0.48484426243,0.45078387158,-0.118954650673,156.744270833,37.2295175195,0.493016875879,0.383138492936,-0.0830122846819,185.235416667,34.2264667153,0.455560606181,0.32256537443,-0.0400962252934
584,0.0576000000001,-40.21875,38.5699425936,0.714389366797,0.325655795634,0.0103185138396,-34.1286458333,35.7142672539,0.690185929889,0.429686276708,-0.097919935788,54.1864583333,39.9632394314,0.652579746978,0.380912235705,-0.0604076836134,34.5583333333,35.3811432719,0.5064597656,0.546775794588,-0.168475236474,-23.65,39.1376810074,0.594807588639,0.441870728973,-0.068809226439,35.509375,34.3787020445,0.466043106317,0.456302466802,-0.0881088897113
586,0.0576000000002,-144.1859375,37.2603065968,0.623170020383,0.247925527859,-0.0462793477054,-156.503645833,33.933799088,0.534769213892,0.320406984771,-0.0879792907169,-187.0859375,37.1717849374,0.466610008323,0.287472094642,-0.102616380776,-144.586979167,33.1366255879,0.366377104824,0.445725626079,-0.224029873934,-213.05625,34.2476691604,0.333950594746,0.458814768936,-0.227249458883,-185.96875,30.935020417,0.22892079489,0.411548226955,-0.224318647117
587,0.0575999999986,-172.253125,34.1045393944,0.403363125694,0.442035604734,-0.128733190046,-133.197395833,32.9396890402,0.447993543352,0.485419514589,-0.175654114813,-191.8296875,35.9553980827,0.38557299126,0.416845474392,-0.136533381055,-131.8453125,33.605935812,0.395667239353,0.563295891043,-0.21016978001,-160.9265625,34.708514452,0.35853432198,0.538117561024,-0.186940924112,91.0421875,32.8403527737,0.360116666438,0.406864176504,-0.0625678992069
588,0.0575999999997,-148.6375,38.1319818497,0.683884331115,0.296412975993,0.0225604469888,-133.197395833,33.9130233526,0.532955704038,0.447030679323,-0.109030385254,-181.351041667,40.5888977051,0.694261782597,0.319811925525,-0.0287463072691,-11.825,34.3975546956,0.44507298934,0.556722254958,-0.156753373842,-200.979166667,36.7982061505,0.470008631594,0.514713492477,-0.123980480021,-101.8875,33.3428016901,0.394713897345,0.482328750659,-0.0992397146038
589,0.0576000000002,95.3046875,37.1540006399,0.615765550801,0.354887032649,-0.0882530692397,74.7140625,34.5789502263,0.591084329859,0.350386885926,-0.103484063875,95.7802083333,38.7810851336,0.573823340134,0.293725348311,-0.0658194251246,143.355208333,35.6253716946,0.521702313041,0.362773753004,-0.0986151324978,63.3817708333,37.7031273246,0.51828152429,0.329133572755,-0.0718630058582,226.519791667,35.0256692171,0.510591461241,0.31989174569,-0.0205750770615
590,0.0575999999996,142.9828125,36.9709234238,0.603013775467,0.323430976365,-0.0571129787841,77.1833333333,34.7150301933,0.602962723415,0.323136040824,-0.0701236415553,81.4458333333,37.9840456843,0.520723703945,0.254641203326,-0.046174404546,172.15,36.0103259683,0.545727705811,0.330418623402,-0.0714216589636,160.66875,37.2672227621,0.495028256742,0.336183065199,-0.0762789053406,198.996875,34.0035746098,0.440212877502,0.295520275948,-0.0420975133193
591,0.0575999999997,-66.3895833333,38.3816307783,0.701272988848,0.372841321165,-0.00515867632566,-14.9760416667,34.4471955299,0.579583488328,0.458338912111,-0.114369825038,-29.4651041667,41.134391427,0.730603168469,0.33014421491,-0.021033892881,94.1416666667,35.2037267685,0.495387018861,0.510201367084,-0.12666141009,-112.996354167,36.441450417,0.450977547191,0.531624090858,-0.133282016212,-89.2776041667,32.8076149225,0.357862429324,0.547095024027,-0.157706955841
592,0.0575999999996,-140.599479167,36.0789270401,0.540884048337,0.431733512785,-0.118165704349,-112.497916667,32.935416609,0.447620603678,0.415387142217,-0.117439419206,-47.8270833333,39.2436926365,0.604642755821,0.374625440687,-0.0737714804836,-3.24270833333,33.9672578573,0.418217720406,0.505541169085,-0.181800152117,-110.819270833,35.1118406951,0.380049703669,0.486970384722,-0.20335399537,56.5067708333,33.3156712353,0.392845769904,0.406190145877,-0.142423897974
593,0.0575999999996,-11.1203125,36.1587429047,0.546443418282,0.278797623207,-0.107328198204,-63.8744791667,34.0709468126,0.5467408118,0.356641550548,-0.081401232711,11.0744791667,40.2183629274,0.669576352149,0.242436341417,0.0101644376209,-48.9328125,34.9522352219,0.47969117237,0.451548801735,-0.148051928663,-126.84375,40.5760264993,0.67153592651,0.179863279758,0.0112449390981,91.1338541667,35.8840994835,0.569700574969,0.258197205665,-0.017708290703
596,0.0576000000008,179.128125,36.7752680182,0.589385898517,0.316868637223,-0.0362260462016,73.0697916667,34.871031642,0.616580059182,0.315565135796,-0.0668096051613,100.730208333,38.4178680182,0.549625420314,0.267139335396,-0.0473701294504,179.466145833,35.4209310412,0.508942961269,0.376773049822,-0.0956117845799,139.6828125,37.5070715547,0.507822956831,0.342170598451,-0.0598028731456,233.686979167,33.9325436354,0.435321882732,0.284895795397,-0.0139074208455
597,0.0575999999996,-196.768229167,36.4918928742,0.569648127496,0.495612648316,-0.156645201321,-187.75625,33.3644852638,0.485073922159,0.474125372712,-0.162654080195,-124.672395833,37.7353854775,0.504157690145,0.396769659128,-0.108671635581,119.682291667,34.6034104228,0.45792065733,0.546462393831,-0.18626187765,-20.8828125,37.1898367405,0.490900110308,0.495001438074,-0.133018431284,81.3541666667,34.179495573,0.452326304339,0.389545228798,-0.0747976240418
598,0.0576000000001,-182.714583333,33.2531856894,0.344064260422,0.254422338508,-0.0971550229151,-90.096875,32.8437180519,0.439616254662,0.334917967673,-0.0539102000694,60.5572916667,37.6585862637,0.499041242871,0.471431134967,-0.153727894678,-150.774479167,30.3077604175,0.189824715469,-0.0719891846384,-0.17782336555,-174.275520833,35.8161932528,0.417623291746,0.220201302349,-0.0740289536698,-150.4421875,34.121763289,0.44835102029,0.0902676887927,-0.0323040584999
599,0.0575999999997,272.066666667,38.1359607577,0.684161471781,0.244202124188,0.0122507631786,272.066666667,36.5407867432,0.762332653539,0.24461561162,-0.00620732849893,264.796354167,40.3457903862,0.678065708237,0.192325823708,0.00599828515078,264.796354167,37.772582531,0.655711953223,0.252011429984,0.00635871911345,272.066666667,42.1750724316,0.756836806763,0.230490043061,0.025923327772,272.066666667,35.8094107509,0.564557717169,0.226681039203,0.0361789237868
600,0.0576000000006,-123.8703125,36.9053399563,0.598445726747,0.378162366338,-0.0362272281673,-54.6848958333,34.9194168448,0.620803594025,0.425512079615,-0.0978095385726,-150.49375,39.9671921134,0.65284307896,0.328979664017,-0.0274538789608,-39.7203125,34.6764971018,0.462482072253,0.532453363761,-0.153766764211,-101.411979167,36.4008080959,0.44880948829,0.525239672977,-0.142977474352,60.9125,34.3828411102,0.466328110839,0.434575152583,-0.0718764690218
601,0.0575999999996,99.275,37.8949101567,0.667371708572,0.375235245796,-0.0505061840329,111.397916667,36.0814372897,0.722236130098,0.370921969181,-0.0771917544262,184.45625,39.110709846,0.595783297484,0.314644971397,-0.0423790301684,190.471875,35.9270920753,0.540532992814,0.446041410323,-0.11453005976,107.6109375,37.6389861703,0.51485992344,0.43191188667,-0.115149322564,192.603125,34.5407378078,0.477200437009,0.362863015849,-0.061983645217
602,0.0576000000006,-233.40625,36.2250208855,0.551059841551,0.533729156945,-0.14096604794,-176.55,32.4525150955,0.405468225541,0.546798032708,-0.168533053715,-127.330729167,38.2466469407,0.538218485652,0.383780987235,-0.0645113894998,-15.6119791667,33.9307813048,0.41594118119,0.571161537897,-0.168461543552,-192.322395833,35.6091626883,0.406579275412,0.557451474946,-0.140486286002,-141.14375,32.8234228492,0.35895091906,0.484699658584,-0.109599181269
604,0.0576000000008,-157.036458333,36.4703167677,0.568145298968,0.403871089686,-0.075426433963,-108.292708333,33.0191052556,0.454925769175,0.426858684979,-0.130450682133,-205.2015625,37.6434195042,0.498030816835,0.376944293501,-0.0974639373526,7.0296875,33.7084763646,0.40206690087,0.52861638926,-0.173859728966,-68.5609375,35.6289234161,0.40763340866,0.491350027267,-0.142085343577,24.3260416667,32.8163199425,0.358461832717,0.466681752354,-0.116707487279
605,0.0576000000002,-179.191145833,38.1201794147,0.683062262691,0.459960346343,-0.0700688481766,-50.0729166667,34.3114362955,0.567733091458,0.477137787035,-0.111680729678,29.3447916667,40.5307381749,0.690387131354,0.323758717161,0.0131063367844,-104.769270833,35.293556571,0.500993389371,0.518920728471,-0.0955998280506,-69.8041666667,38.2155631781,0.545617342787,0.436702134553,-0.0338618188653,23.8677083333,34.4567825794,0.471419514163,0.407319114078,-0.00474251860942
606,0.0576000000002,34.3520833333,38.5587804317,0.713611894958,0.366837238893,-0.031533091355,-78.925,35.3514222503,0.658513260893,0.339796720538,-0.053984419174,178.738541667,42.8510396481,0.844968142612,0.249664268922,-0.00426958277421,59.60625,37.3838093877,0.631448220868,0.435417199042,-0.0637410078634,1.546875,40.4435780644,0.664470483392,0.416470527649,-0.0423759623586,83.1645833333,33.3023999929,0.391931949171,0.566448898986,-0.187383092387
607,0.029394468525,-66.8634408602,38.722842801,0.725039239755,0.342713810744,-0.0297508047586,31.3559139785,35.907937819,0.707091395421,0.327829416721,-0.053326823268,32.3731182796,39.6450457419,0.631381336831,0.274662587431,-0.0348778087345,134.992473118,35.4766610669,0.512421129576,0.351586588448,-0.0787811464435,209.23655914,37.6272021878,0.514231308552,0.354263297973,-0.0665113135211,272.066666667,34.6124533376,0.482138568362,0.31160053755,-0.0405853314442
609,0.0173740368755,198.598245614,33.1740852155,0.338554719182,0.0722053653904,-0.00534816360787,198.598245614,38.2278966402,0.909600144609,0.251954786087,0.0200493584485,4.4,42.1546618813,0.798574697342,0.265405876856,0.0200908890019,111.466666667,36.386663738,0.569215333696,0.503454418559,-0.140003662752,-15.5350877193,37.7085386577,0.518570191096,0.539138309265,-0.177696719472,245.3,34.7246065642,0.489861126712,0.50910113046,-0.161633018306
610,0.0576000000001,-40.459375,36.7699276209,0.589013926795,0.49601639295,-0.128634198408,-110.996875,33.5678041577,0.502821588418,0.52024492994,-0.166855707939,-1.60416666667,38.6437773705,0.56467574741,0.396462197183,-0.0992288230373,57.5666666667,34.6362287998,0.459968886046,0.586068716133,-0.207192531961,49.7578125,36.6553972363,0.462390510162,0.565258985735,-0.181124825642,-142.696354167,33.557469368,0.409495314873,0.486417855078,-0.131834975771
611,0.0576000000002,-136.955729167,37.7420608401,0.656725380284,0.357339124661,-0.000202558651267,-26.6578125,34.5797511339,0.591154240927,0.411250342615,-0.0750861647612,-70.5776041667,40.4839534163,0.687270279784,0.314936154522,-0.0142140613634,15.3770833333,33.972091198,0.418519374174,0.554995507468,-0.160699889064,-179.191145833,38.2524673343,0.547585989807,0.424526799703,-0.0512048832534,-59.7036458333,34.7248033881,0.48987467946,0.464543174487,-0.0581069299074
612,0.0427461952033,-159.645138889,28.3609126806,0.00330549430181,-0.0575392235454,-0.181841071642,-78.1611111111,33.8633554777,0.528620205001,0.178336645166,0.00783126504393,-146.529166667,40.1594203313,0.665649532199,0.12817102562,0.084560700149,-169.858333333,28.6668613752,0.0874145159199,-0.0964082132559,-0.260730344802,-169.338888889,29.0644555092,0.057452791867,-0.164441230784,-0.248893542758,-149.951388889,28.1278823614,0.0356290983205,-0.0177339462859,-0.165528048684
613,0.0575999999986,248.903645833,37.3589752913,0.630042535987,0.269874791615,-0.00859136239342,201.615104167,35.720462501,0.690726711796,0.288250931073,-0.0469084713259,216.4421875,39.7294262052,0.637002855194,0.250950424233,-0.0326556795244,264.796354167,37.2732310891,0.624546915345,0.315160288941,-0.0358661741775,220.888020833,38.677957058,0.570283679246,0.327153085964,-0.0390991169588,272.066666667,34.9511405826,0.505459627348,0.254093897995,0.00868172951687
614,0.0575999999986,257.526041667,39.1755728722,0.75657299516,0.293963189237,0.00500246680349,222.984895833,35.609269619,0.681020706991,0.283892564476,-0.0279353588157,248.903645833,40.904583931,0.71529314279,0.212534490507,0.00621011193653,248.227604167,37.3343815207,0.628363376776,0.328307129676,-0.0359500099785,190.168229167,38.6141898036,0.566882024035,0.320364826126,-0.0362369029244,272.066666667,35.3717437983,0.534421191595,0.256957487203,0.00401828198119
615,0.0573041473042,-179.597916667,33.2528382242,0.344040058616,0.149885428353,-0.109103922983,30.3703125,32.9768600464,0.451238193172,0.339482193813,-0.0577766396746,-111.042708333,37.7756538391,0.50684041225,0.430079910206,-0.130843201216,-169.990104167,33.6477000117,0.39827378608,-0.038344294393,-0.0835759926595,-193.233333333,45.7658623457,0.948386989463,0.113673609449,0.112945426255,-163.945833333,38.818549931,0.77175864774,0.0670415135246,0.0748973989757
616,0.0576000000002,173.313020833,38.6403586268,0.719294015529,0.303247741191,-0.0236453346752,190.6609375,35.2029522657,0.645553345146,0.305918527301,-0.0546069233606,215.955208333,39.5531301498,0.625257819979,0.243648802396,-0.0252865430011,248.903645833,36.3051569462,0.564128410854,0.34938469599,-0.0589097860288,240.28125,38.2382609844,0.546828154074,0.323208622402,-0.0330570589977,264.796354167,34.9593384862,0.506024112126,0.2731341084,-0.0054461604027
617,0.0576000000002,-115.952604167,35.5551686287,0.504402995523,0.373109603301,-0.0545895763498,-172.929166667,33.7195312977,0.51606582062,0.470576234628,-0.129974288982,-196.768229167,37.9730977416,0.519994340077,0.371128847357,-0.0926151880267,48.1651041667,34.0139619112,0.421132568519,0.525422008708,-0.170414956287,-77.5729166667,36.2080107331,0.4385247401,0.487457587849,-0.141149302472,103.789583333,33.4949570298,0.405190889632,0.436268758029,-0.116568214347
618,0.0576000000002,-110.784895833,38.9885697365,0.743547769941,0.27236622083,0.0599988315444,44.584375,34.7223475575,0.603601454698,0.401705597993,-0.0689793000302,-2.79583333333,40.8693888187,0.712948406082,0.29659581813,0.0184123737836,62.8317708333,34.2695659995,0.437085082973,0.533450669609,-0.138054924959,-126.436979167,36.9876930118,0.480116781543,0.482520565391,-0.100763684495,-6.39375,33.4056346416,0.399040399129,0.440752026625,-0.0945242770867
620,0.0576000000008,-164.9828125,37.739523828,0.656548671194,0.330915870378,-0.0181318212517,32.79375,36.3013117313,0.74142892686,0.362081136322,-0.047514777938,12.2546875,40.3442419767,0.677962551513,0.289147354197,-0.0122025918263,138.330729167,36.0807159543,0.55012081735,0.452005073428,-0.0941406369088,100.627083333,37.9032416344,0.528956593987,0.437554913573,-0.0946198627353,213.634895833,34.4816431999,0.473131347147,0.37124210922,-0.0445524215538
621,0.0576000000002,-163.1265625,38.0129386187,0.675592679271,0.301767718513,0.0232284753602,-148.6375,34.8961853981,0.618775725608,0.427647137083,-0.0785900052215,-181.351041667,40.1253822446,0.663381877789,0.350070407614,-0.0307758630352,-131.644791667,33.7784125209,0.406431688426,0.557655090466,-0.168656068814,-191.8296875,36.5437241197,0.456433323466,0.518647765275,-0.129008173644,38.053125,33.5941596627,0.412021706229,0.406701323809,-0.0672249985328
622,0.0576000000001,-149.004166667,33.1051959693,0.333756414901,0.352461396891,-0.105746595225,-203.328125,32.5691546798,0.415649671912,0.459420921747,-0.148641360095,-215.279166667,38.138070941,0.530985034296,0.390752048348,-0.111959889698,-178.744270833,33.8751581907,0.41246968534,0.55377027276,-0.216813699692,-92.6005208333,35.2902187705,0.389565256999,0.542972972849,-0.187681598123,-17.6859375,32.5767914653,0.341968569893,0.473769341595,-0.145466225513
623,0.0427004268499,51.3791666667,37.8019693253,0.660898152623,0.315857968115,0.0077496187915,-37.4305555556,34.7524407569,0.606228284154,0.44280265557,-0.112961191565,-129.945138889,39.7983111929,0.641592048105,0.314130733939,-0.0124355619674,4.04861111111,34.6845894672,0.462987125112,0.506290220834,-0.132555741554,-148.133333333,36.7932893469,0.469746345396,0.50624602938,-0.123269447581,-68.8493055556,33.4479933394,0.401957100904,0.469075467992,-0.100484944565
624,0.0576000000002,-125.273958333,38.1465083957,0.68489614053,0.421391331591,-0.0768247574233,-142.094791667,34.3551232219,0.571546514667,0.415913695004,-0.107652665669,15.0677083333,40.8739283085,0.713250831833,0.296842991374,-0.0240100279952,92.4630208333,34.8577590585,0.473794817691,0.496965325437,-0.128519048041,-43.9828125,39.3200643063,0.604536800054,0.434998628218,-0.0981311697687,141.5390625,34.6090714335,0.481905699879,0.420072846347,-0.0889824939877
625,0.0575999999985,-129.175520833,38.7402826548,0.726253968173,0.401861200342,-0.0560824238755,42.8885416667,35.6638510227,0.685785106988,0.384749011602,-0.0670003877809,9.1609375,40.5684422255,0.692899016266,0.306443413487,-0.0249104550494,11.9166666667,35.9330733418,0.540906289817,0.476123467321,-0.112997726421,77.6703125,38.3003195524,0.550138659651,0.418944907608,-0.0684756905139,138.044270833,34.7817614675,0.493796653931,0.396961503895,-0.046043783118
626,0.0576000000001,-166.724479167,36.9185045958,0.599362676045,0.445161067415,-0.0997352284685,-135.139583333,34.9521015882,0.623656638848,0.427150807343,-0.109950647398,-49.4713541667,38.8552677035,0.578765463741,0.345161694568,-0.0562492002691,50.2963541667,35.1537113786,0.492265506855,0.492628555279,-0.127734132548,-88.1375,36.8053095341,0.470387560589,0.470042949542,-0.124007367252,131.163541667,34.3899444938,0.466817230016,0.426232221071,-0.0716161162782
627,0.0576000000006,138.622916667,36.3558129668,0.560169829522,0.321540970122,-0.06834121049,28.1015625,34.0391167998,0.543962376243,0.347101138672,-0.0748484729361,8.37604166667,37.4587920308,0.485730733476,0.272672492079,-0.0631348049556,122.340625,35.0716792345,0.48714579624,0.383945931913,-0.104773226725,156.154166667,38.4170929193,0.556367918479,0.348191437079,-0.061969373116,257.239583333,34.3571795821,0.46456112959,0.30536842742,-0.0344095238615
628,0.0166388996108,-60.1912280702,39.338843697,0.767945206955,0.310394309069,0.0193187015278,-187.694736842,35.5890051189,0.679251822767,0.442685083339,-0.131183770926,-33.4245614035,42.0150642395,0.789274550405,0.283213271122,-2.10255889933e-05,-41.6263157895,35.251701355,0.498381162223,0.561217697043,-0.163059288734,-102.666666667,38.200193104,0.544797428349,0.536868741638,-0.157393859993,43.749122807,35.2267855594,0.524439771599,0.413144657486,-0.0734574402633
629,0.0576000000001,217.118229167,38.9813596606,0.743045570544,0.302615578054,-0.0144283615669,202.680729167,36.6370250583,0.770733277136,0.302827470005,-0.044309944692,211.692708333,40.210351944,0.669042651705,0.233084739652,-0.0213176526777,233.400520833,36.8179667592,0.596133399539,0.348037138814,-0.0611382205852,205.774479167,38.2197820544,0.545842398153,0.319239728153,-0.0422394307316,248.903645833,35.1898677349,0.521897713179,0.286508819787,-0.0135315709554
630,0.0576000000006,-91.2713541667,37.4584181309,0.63696897269,0.313243703684,-0.00384459677571,-54.0947916667,36.4665516019,0.755852682659,0.365661048098,-0.0696031354191,14.953125,40.1395885944,0.664328320289,0.334332340397,-0.0401382997306,-97.0520833333,35.4842715263,0.512896106192,0.491795942187,-0.136339065815,-111.965104167,37.3557175994,0.499749001384,0.450176567305,-0.0914401365571,-16.2192708333,33.8959070444,0.432799189269,0.406543496996,-0.0684889892509
631,0.0575999999996,-212.609375,35.6357859969,0.510018192155,0.518252965529,-0.164447266019,-194.585416667,32.0963987112,0.374382896403,0.540568230674,-0.198266836582,-167.601041667,36.2919119596,0.407991912248,0.43792135804,-0.132751847676,-107.7140625,33.0355539322,0.360069118673,0.590523200342,-0.226154010626,-187.5671875,34.4231633544,0.343312307832,0.597765333019,-0.221369499457,-187.664583333,31.5904790163,0.274053845773,0.523293417413,-0.200854700699
632,0.0576000000002,-47.3401041667,34.8908445239,0.458131198785,0.357578730327,-0.086994672376,-154.716145833,33.623560071,0.507688511119,0.431724706898,-0.145885928127,-154.813541667,37.9219870567,0.516589290584,0.356372498441,-0.105102452599,86.6822916667,34.0194092393,0.421472541877,0.483773107873,-0.168473993544,19.4276041667,36.1710532904,0.436553250517,0.461251998786,-0.154975514568,90.9447916667,33.3154308796,0.392829219679,0.379288015887,-0.105988938864
633,0.0576000000002,-190.563541667,36.0386580825,0.538079217069,0.442832188681,-0.121804180399,-118.759895833,34.7225072384,0.603615393208,0.444782435894,-0.128405804687,-109.747916667,38.3542060852,0.545384193005,0.360106765758,-0.0816534977621,69.196875,33.8183604479,0.408924879701,0.522092727479,-0.15663714023,-11.584375,36.9061411619,0.475766409588,0.485602101777,-0.0966572853213,172.247395833,35.0099943876,0.509512136205,0.337225736585,-0.0130949333379
634,0.0576000000001,-117.3046875,37.241453886,0.621856883027,0.4194295872,-0.0749650244688,-80.8557291667,34.7987182736,0.610267839485,0.399627317674,-0.0862672556586,-84.4536458333,39.2031570077,0.601942228082,0.361513452604,-0.0759020101286,65.1864583333,34.6582323313,0.461342149111,0.492767280433,-0.137226005379,-65.5703125,36.2770652771,0.442208445032,0.446322914213,-0.107775784905,121.0859375,33.5903146863,0.411756951877,0.413096607663,-0.0803306166363
635,0.0503632358949,-85.1125,38.8554654121,0.734276728597,0.276205536843,-0.00648015126041,-31.9523809524,35.298436233,0.653888121865,0.37213999645,-0.0892026072044,-136.295238095,41.9065669605,0.782046343508,0.231555915837,0.0128199925405,-29.3071428571,36.0130459241,0.545897461054,0.41813208236,-0.119208621878,-9.15357142857,37.867382867,0.527043713087,0.361750264827,-0.089647341451,56.8726190476,34.4818646227,0.473146593699,0.377133807966,-0.0973757032989
636,0.0576000000001,-135.529166667,36.9942352772,0.604637503004,0.324160996592,-0.0687795498634,74.7140625,35.8404665589,0.701201842405,0.321139391977,-0.0795854049825,48.5947916667,38.225977838,0.536841487521,0.245619480498,-0.0512702363276,149.915104167,35.7093535066,0.526943704439,0.367155465763,-0.111462105066,90.9447916667,38.5568580627,0.563823670386,0.323979970766,-0.0682498670267,128.5453125,33.9468301535,0.436305612519,0.311139921425,-0.0592674338523
637,0.0575999999996,213.823958333,37.0947998762,0.61164207299,0.309701098944,-0.072831417403,62.1671875,34.1356223822,0.552386329543,0.328161510639,-0.0938808228602,95.2072916667,38.0181189775,0.522993703849,0.27825784497,-0.072248499062,150.929166667,35.5017086267,0.513984373591,0.401400673203,-0.11882282843,155.58125,36.9749818444,0.47943870611,0.373774668667,-0.104405477163,192.6546875,34.1546352506,0.450614491876,0.340636066394,-0.0739083397511
638,0.0148868853274,-168.3,30.7199521065,0.167618353075,-0.088022906566,-0.269221697934,-232.2375,30.806791544,0.261813340429,0.246472876519,-0.0219946890138,86.7625,37.0463862419,0.458255810655,0.437632126734,-0.13252920573,-193.233333333,42.9417233467,0.978323356359,0.0895721507259,0.0944258561358,-193.233333333,46.2972576618,0.976734197828,0.0925906077027,0.106738399714,-145.039583333,36.5162727833,0.613230265074,0.0633597869892,0.0648086345755
640,0.0576000000001,-182.7546875,38.5223842263,0.71107681034,0.36159988679,-0.0241028675046,-145.830208333,34.7061645389,0.60218884218,0.418304441031,-0.0890699022275,-148.024479167,39.6810390949,0.63377925321,0.354182719486,-0.0718192199747,-65.9942708333,34.4482107759,0.44823448749,0.549800199922,-0.155860613431,-158.440104167,36.4143201113,0.449530284847,0.522752355784,-0.143977924876,-114.3828125,33.1118986011,0.37881455469,0.472860134207,-0.114699360454
641,0.0575999999996,-128.533854167,38.8765226603,0.735743417368,0.307519761845,0.0105356618587,-86.246875,33.6559246182,0.510513606083,0.364673049422,-0.0811099909333,25.0536458333,40.7436695099,0.704572848801,0.346515112557,-0.031994368961,9.77395833333,33.8702183962,0.412161387674,0.55578836333,-0.152747541608,-3.01354166667,37.8613175154,0.526720157758,0.460724799894,-0.0817172194984,-122.3921875,32.8426491022,0.360274785216,0.503784017172,-0.121998228016
642,0.0572396267677,-82.1276041667,38.1375627518,0.684273054579,0.388823366724,-0.0443995120586,-113.403125,35.4890517592,0.67052691366,0.344901041593,-0.029710600732,-45.8046875,40.708155036,0.702206835868,0.313850558363,-0.0347066192098,31.8770833333,35.3619971275,0.505264835006,0.471381770913,-0.092899052097,-11.3036458333,36.3966955543,0.448590105333,0.524815475103,-0.165449315607,115.5515625,32.7639547586,0.35485611222,0.48925227439,-0.151508267548
643,0.0576000000002,256.173958333,37.2529100776,0.622654834754,0.270025328733,-0.0115737554734,184.31875,35.8224685788,0.69963080226,0.2892029332,-0.0538082300336,242.022916667,39.3898131847,0.61437746589,0.231331109069,-0.0292688918307,272.066666667,36.8643503189,0.599028245281,0.30614307709,-0.0431742698165,195.696875,38.6004644036,0.566149844505,0.308696250897,-0.0376342646632,240.28125,34.8336724639,0.49737110035,0.276447484503,-0.0164433124946
644,0.0576000000006,-122.466666667,35.2957994938,0.486337301679,0.393858434167,-0.113758566997,-154.790625,34.107583344,0.549938807415,0.447766835801,-0.147497506841,-16.3796875,39.8725554943,0.646538284324,0.313846232835,-0.0593389015044,128.459375,34.1590943933,0.430190436228,0.557791639119,-0.189168917481,-52.5192708333,37.1664445996,0.489652259845,0.503907642094,-0.116892221823,59.4744791667,33.7125888467,0.420176409502,0.48687701812,-0.133332323596
646,0.0576000000002,49.56875,36.0392457843,0.538120151935,0.390280668158,-0.0638145664925,-51.6026041667,33.8719007969,0.529366124236,0.454855203629,-0.121079345059,-120.988541667,38.3594939709,0.545736477707,0.359443308786,-0.0818249390577,136.978645833,34.6339054704,0.459823884662,0.480375445448,-0.133021959075,163.521875,37.3568390608,0.499808825584,0.413852623198,-0.0869521937584,232.334895833,34.3392080069,0.463323657046,0.341218543937,-0.0445387988261
647,0.0576000000006,42.2984375,37.1883143187,0.618155582348,0.386556415353,-0.0615019887355,38.8151041667,33.3272601366,0.481824548126,0.413491623942,-0.0959837200498,-27.7635416667,38.8023945093,0.575242993956,0.346731905825,-0.0764783576233,183.253125,35.2112569809,0.495856987174,0.461541350465,-0.122111847471,50.634375,37.0075067878,0.481173744636,0.436788335675,-0.101619063767,97.9229166667,33.9341461658,0.435432228511,0.353955353145,-0.0578494017682
648,0.0575999999997,-57.9447916667,37.7770951986,0.659165608937,0.37747381744,-0.0286172357501,-95.5453125,33.8990857005,0.531739089126,0.461297564209,-0.121011660725,-183.49375,39.2676196694,0.606236800815,0.364562750328,-0.0564778346697,80.678125,35.2690427303,0.499463455323,0.49414978968,-0.138805127732,104.213541667,37.2341644168,0.493264763962,0.421760480618,-0.084037140381,193.66875,34.1416038871,0.449717188534,0.396123200888,-0.0716899222134
649,0.0576000000001,-202.010416667,37.5742036104,0.645033714186,0.381175884046,-0.0394622828353,-73.7515625,35.5820319653,0.678643137555,0.398966173874,-0.0887585489327,-3.53489583333,39.2621175051,0.605870240633,0.283785669599,-0.021287533802,66.9796875,36.2085979581,0.55810206494,0.435008480679,-0.093884077704,53.5734375,39.5341978073,0.615959721536,0.348502454231,-0.0304515736643,145.601041667,34.3598496914,0.464744985867,0.330831198255,-0.0339994077804
650,0.0576000000008,-219.93125,39.2801161408,0.763854689207,0.335656797281,-0.00700868443823,36.6838541667,36.2059806585,0.733107496265,0.410782443825,-0.0960224714654,4.30833333333,40.2070941329,0.668825612784,0.296997295227,-0.0343751703385,134.744270833,36.5157657862,0.57727272551,0.445932645816,-0.107351845043,84.734375,38.1552138925,0.542398018639,0.411264813039,-0.083203799064,256.173958333,34.8863583207,0.500998901494,0.339792914921,-0.0269614437573
651,0.0576000000001,153.547395833,37.7476682067,0.657115947063,0.355257345829,-0.0779538829738,106.986458333,35.0486070514,0.632080581742,0.361056415131,-0.099299568863,62.7401041667,38.5677264929,0.559609155117,0.318528151605,-0.0874109890865,97.6364583333,36.9667041898,0.605416255799,0.422028598841,-0.125820678369,26.5947916667,37.8318369985,0.525147523732,0.421755549964,-0.107141589586,145.990625,34.4077019095,0.468039956135,0.350519982865,-0.0572930559997
652,0.0575999999986,-165.06875,36.2412295938,0.552188817679,0.431425831281,-0.0728695304533,-111.438020833,33.0826052427,0.460468670561,0.47170672752,-0.165146734827,-100.094270833,38.8511555195,0.578491505561,0.350793951424,-0.0540003300976,-152.097916667,34.3799304962,0.443973044901,0.548238757066,-0.188417357276,-155.105729167,34.3489279747,0.339352231948,0.623619886581,-0.274764252827,-124.0421875,31.5629479885,0.272158135991,0.546869601589,-0.214359150101
653,0.0576000000001,213.823958333,37.3795633912,0.631476547443,0.276834310265,-0.0423960314387,191.050520833,35.7342674732,0.691931745101,0.30429044296,-0.056648417034,169.342708333,39.1373609304,0.597558821754,0.243442061823,-0.0375906698064,255.8359375,36.6792164445,0.587473849469,0.368187836604,-0.0780120908225,227.585416667,38.5705565214,0.564554412737,0.363665091339,-0.0621155215267,230.593229167,35.0723198652,0.513803694748,0.312297563301,-0.0306125021298
654,0.0575999999996,-122.466666667,37.7396037579,0.656554238502,0.331250139745,-0.00169993781992,-98.965625,33.9940413833,0.540027751997,0.433862358332,-0.102845298185,-153.6390625,39.6711583734,0.633120988778,0.339474688284,-0.0510585232187,-71.0875,33.9254673719,0.415609533164,0.530227664392,-0.151161613976,-160.8578125,36.3256116509,0.444798144513,0.50873187324,-0.147872616304,-109.0546875,32.756691277,0.354355969136,0.473579372279,-0.118180652578
655,0.0576000000002,178.0625,41.3237713575,0.906200267378,0.172540708678,0.0976382090885,272.066666667,33.8171591759,0.524587738905,0.486083536875,-0.14438213117,242.985416667,43.3855855465,0.880580172557,0.239246951183,0.0363988930767,-159.752083333,36.6121912599,0.583290738652,0.514699381776,-0.106147800834,21.8395833333,41.4601452947,0.718699119244,0.432717490476,-0.0335886882492,-73.8375,34.6002325416,0.481297078431,0.499061842915,-0.0657338620658
656,0.0576000000002,82.465625,40.2999143004,0.83488612223,0.348739276174,-0.0344158991102,111.088541667,36.7947354317,0.784499784609,0.297680262942,-0.0210962835386,148.356770833,41.1201848984,0.729656714057,0.272941472009,0.000411031191106,85.6796875,38.3476110101,0.691600072951,0.416656465735,-0.0690695364392,2.88177083333,39.6327596903,0.621217491315,0.409542664653,-0.0468875486408,190.844270833,35.4527881145,0.540001677158,0.354203463299,-0.00402631595171
658,0.0576000000002,123.348958333,38.5048131347,0.709852940883,0.322932074079,0.00326437468175,-3.29427083333,34.7567406297,0.606603619199,0.358767044963,-0.0576134387211,-45.3578125,41.8595464826,0.778913788059,0.293778041145,-0.000414968931182,-39.8463541667,34.7562065721,0.467456822403,0.535285628866,-0.136828334973,-126.202083333,37.8686336279,0.527110434751,0.508189090528,-0.116267922636,-100.03125,33.942904532,0.436035305172,0.51959546702,-0.123089046407
659,0.0187160792472,-152.463492063,37.9570034572,0.671696658635,0.388082249534,-0.031749949092,-115.412698413,33.4669471014,0.494017795809,0.450012320564,-0.106867564753,-163.847619048,38.5479153224,0.558289313365,0.363578333741,-0.0759134448488,45.553968254,33.7739174252,0.406151144876,0.53952641998,-0.167177411417,-139.63015873,36.1447214399,0.435148581659,0.547689154035,-0.163716767693,-66.9777777778,32.8298112778,0.359390808439,0.498301000822,-0.126729247338
660,0.0576000000006,-163.1265625,36.7598605752,0.588312732471,0.430002085399,-0.101880702252,-189.8359375,32.7989095449,0.435704928902,0.499313628767,-0.161872262077,-164.530208333,38.4273741841,0.550258731445,0.390009851893,-0.106085005909,-17.2848958333,33.4289998412,0.384624483151,0.570092684589,-0.193290880066,-207.521875,35.7780874372,0.415590542372,0.568477995228,-0.179695344617,-144.4265625,32.7036054134,0.350700624641,0.496156227775,-0.134140516981
661,0.0575999999997,100.695833333,36.2700689435,0.554197548839,0.194431049118,-0.0399910228334,-4.31979166667,31.2347112894,0.299166370841,0.255391504547,-0.152909386772,11.2635416667,35.709033072,0.36915988592,0.191237526582,-0.0811772390116,63.1182291667,33.9254674315,0.415609536884,0.271793116946,-0.121911662638,105.473958333,34.6144656539,0.35351730208,0.18468011904,-0.143112879263,104.408333333,32.1742394269,0.314249959363,0.227323008894,-0.102417994938
662,0.0519608767168,-125.989285714,35.6508580617,0.511067998283,0.322608990861,-0.0817114530447,-139.90952381,34.690119539,0.600788277297,0.440954157284,-0.139455105178,-155.879166667,38.8873567581,0.580903271506,0.361423236451,-0.0949977328377,-120.38452381,34.2260319846,0.434368080257,0.537729270756,-0.212100428662,5.15297619048,35.993148395,0.427062938906,0.452948980033,-0.18064043483,18.4446428571,33.2660565376,0.389429440211,0.422083065712,-0.127870068878
663,0.0575999999996,-211.308854167,36.3538637161,0.56003405945,0.492697051261,-0.0868366120785,-197.24375,32.7776002288,0.433844842886,0.542113853619,-0.147887354367,32.2723958333,38.9853122234,0.587429171292,0.402934328187,-0.061561875259,-85.5708333333,33.9646410346,0.418054401804,0.562084736302,-0.168871477341,-219.203645833,35.7219840884,0.412597717128,0.56953721866,-0.169291314698,-154.802083333,32.5624519885,0.340981193516,0.502759206342,-0.158087422707
664,0.0576000000002,-125.474479167,37.6760501266,0.65212757283,0.436184638645,-0.083040902944,-91.2828125,34.9654541612,0.624822182311,0.427278273739,-0.11638470937,-63.8630208333,39.3774232864,0.613552037371,0.321645546006,-0.0332030298323,78.2088541667,35.4787437916,0.512551114572,0.485569943674,-0.128322521163,-14.0020833333,37.0108714104,0.481353229955,0.48001094861,-0.117104026118,86.4932291667,34.0016786456,0.440082326699,0.434144584462,-0.0828152175436
665,0.0576000000001,189.102604167,37.2710413933,0.623917725185,0.268702205271,-0.0285877819479,205.877604167,35.5221097469,0.673412538903,0.299392725341,-0.0567760673293,214.889583333,39.5268014073,0.623503770478,0.216694755945,-0.020341952144,229.716666667,36.7110467553,0.589460411956,0.292426205473,-0.0354221301932,265.1859375,38.4963747263,0.560597195314,0.299449270125,-0.0281869358337,257.239583333,34.8801631331,0.500572318159,0.25235847244,0.00185792029652
666,0.0576000000006,-136.617708333,35.675760746,0.512802531081,0.425673497841,-0.124227565433,-147.19375,34.0090485215,0.541337722143,0.443648064509,-0.157037805417,-148.952604167,38.5167762041,0.556214791387,0.345116919139,-0.074078171936,-35.8473958333,34.3290341496,0.440796551482,0.532354805386,-0.16453379576,-181.3625,36.0725713372,0.431299744584,0.492215365171,-0.158251485002,-33.3895833333,33.2256010771,0.38664379004,0.449797382113,-0.117607656204
667,0.0575999999996,-36.9359375,40.7352312803,0.86520701329,0.223675946705,0.0908328989753,-43.003125,35.0336539149,0.630775325403,0.365412530024,-0.0446742946078,-12.1458333333,42.1835103035,0.800496610649,0.269825807773,0.0271539518189,-3.36302083333,35.1668228507,0.493083807337,0.516378439032,-0.107729933312,-94.9208333333,38.2357507348,0.546694245161,0.439420147799,-0.0666901499462,-115.4484375,33.4030444622,0.398862046597,0.482384770643,-0.0974716997298
668,0.0576000000002,-145.3546875,41.5716850758,0.923468063467,0.292779059848,0.0369094723028,-133.5984375,37.1906382442,0.81905806324,0.331794637255,-0.0156866866071,-131.4671875,44.787347734,0.973967096192,0.198674557032,0.0890560155967,-141.527604167,37.6568771601,0.648490661834,0.388826106675,-0.0120468174873,144.821875,38.6053242087,0.566409090124,0.383105108049,-0.0306791077273,148.660416667,34.343293786,0.463604992405,0.392989581451,-0.0603092570868
669,0.0576000000002,-203.786458333,38.3272628188,0.697486127656,0.413839434739,-0.0548457476925,-95.8203125,36.3933313489,0.749461301177,0.418891471811,-0.0908250759785,-84.4536458333,39.8525276184,0.645204005418,0.302888995502,-0.0296686176835,57.9046875,34.8908978105,0.475863041339,0.504663573578,-0.150529185736,-114.497395833,38.3451542854,0.552530362175,0.498033656739,-0.138936181283,-29.8947916667,33.5674834251,0.410184854916,0.42398716975,-0.0846551314316
671,0.0575999999997,-236.5,35.6546117067,0.511329448833,0.566808999982,-0.175164029584,-222.738541667,31.9839246273,0.364565055742,0.546682038344,-0.188097595004,-117.3046875,38.6430828571,0.564629478176,0.401532712858,-0.073214994216,-60.1619791667,33.8627948165,0.411698074418,0.592973435763,-0.197829333018,-163.241145833,38.0679742098,0.537744230042,0.561445998959,-0.174499866233,-148.024479167,32.6744989455,0.348696434444,0.508180214558,-0.148853839361
672,0.0576000000001,205.774479167,35.7929347754,0.520963988463,0.298879169626,-0.0460063101738,138.622916667,35.0331194997,0.630728676401,0.340479182079,-0.088046011042,200.348958333,39.198617816,0.601639822185,0.273182440316,-0.0352058214721,212.655208333,36.3930108547,0.569611463786,0.380983346142,-0.0690416805519,236.2078125,38.2520930767,0.54756602509,0.36161175766,-0.0594271342593,248.227604167,34.8861980438,0.500987865275,0.32324183872,-0.0351536093767
673,0.0576000000001,196.476041667,38.5229716897,0.7111177286,0.297827397007,-0.0212797038364,187.853645833,36.3890590072,0.749088369308,0.330849063583,-0.0661797415783,190.6609375,39.7450196743,0.638041709091,0.248489685822,-0.0188233588269,236.2078125,36.9443802238,0.604022994083,0.352228229865,-0.0624961709109,204.9953125,38.6218802333,0.567292268925,0.313097741455,-0.0332402489603,256.85,35.1126150489,0.5165783087,0.27098523383,-0.00344236430374
674,0.0553155714929,49.4349462366,41.719950153,0.933795088284,0.156113950836,0.0979500171323,-67.1,31.9089097669,0.358017023333,0.141140382429,-0.0882259525005,-87.6392473118,42.5569247584,0.825373888334,0.170858431127,0.0528479932597,-48.1220430108,35.4972519721,0.513706229182,0.231510418962,-0.0637840602787,-21.2903225806,38.273703852,0.548718848858,0.2457947098,-0.0546964334865,76.9408602151,38.5677364719,0.754488332532,0.241606652016,0.038804562462
675,0.0576000000002,5.62604166667,39.869484067,0.804905604994,0.314547155285,0.0243099345598,70.6005208333,34.546638906,0.588263881065,0.366016217042,-0.0589338960708,-109.507291667,39.298167944,0.608271960135,0.342786308145,-0.0341414360564,38.1161458333,34.1794689894,0.43146203576,0.552046369761,-0.167206272716,-136.153645833,35.4914545417,0.400300150896,0.532641914207,-0.152359711297,-66.1890625,32.6277147233,0.345475003403,0.502963442821,-0.138613109555
676,0.0574879808525,-63.9203125,37.1793156862,0.617528805617,0.383843073389,-0.061750467592,15.4057291667,34.084512949,0.547924997174,0.47629119223,-0.194351569284,5.71770833333,40.2409011722,0.67107787456,0.296939675231,-0.0282691312259,74.4963541667,35.7441744804,0.529116917289,0.489636940882,-0.147041785382,-70.88125,37.9650862813,0.532255687975,0.513479704037,-0.146903282053,90.4291666667,34.0207979083,0.441398825799,0.460185747128,-0.119448395635
677,0.0576000000001,-21.6161458333,36.6221252084,0.578719127706,0.342692048755,-0.0489396885769,-32.65625,35.1678105593,0.6424858325,0.40111932531,-0.105916473869,-139.2359375,39.0521765947,0.591883748533,0.317733926,-0.0406598085065,-40.8890625,35.5225640535,0.515285982261,0.488609891385,-0.131668758484,-43.4270833333,37.7421140075,0.520361263403,0.432761457982,-0.0704403137079,175.9828125,34.2103914022,0.45445370496,0.394784015138,-0.0526239921217
678,0.0576000000008,54.690625,37.335049212,0.628376026118,0.294519941788,-0.02071413064,167.211458333,35.9346221089,0.709420661845,0.307867187541,-0.0501756935123,209.074479167,39.1510318518,0.598469593423,0.230403088499,-0.0118204471901,223.122395833,36.6350759864,0.584718998009,0.317061422393,-0.0446754181066,120.169270833,38.5694350004,0.564494585357,0.250141060213,0.011571090763,264.1203125,35.3803422451,0.535013256661,0.260524488753,0.00706951704888
679,0.0575999999986,-155.8734375,36.2536196113,0.553051812665,0.470168284606,-0.079386657354,-79.2515625,33.3115594983,0.480454042498,0.46127878176,-0.116424334512,4.13645833333,38.8399925232,0.57774781459,0.359783454333,-0.0347805099373,-194.488020833,34.2370679379,0.435056845468,0.546303726762,-0.167559516063,-10.9197916667,34.6373773217,0.354739521777,0.579498380219,-0.221784483874,-28.6859375,31.9500119686,0.298810282025,0.511091740162,-0.188098569342
680,0.0576000000001,250.255729167,37.9174478054,0.668941510858,0.220248609083,0.0365587361994,169.60625,36.2160220146,0.733984004263,0.231158789597,0.00581806989794,177.552604167,39.773164928,0.639916776544,0.196683352697,0.0116419502119,213.904166667,37.7582963109,0.654820335511,0.300832180073,-0.0247403368867,221.174479167,39.2150668502,0.598935725534,0.286685650935,-0.0144480000126,249.5796875,35.6220070124,0.55165361846,0.241539566312,0.0159602143103
681,0.0574317017966,-189.297395833,37.593136549,0.646352439608,0.388776198495,-0.0403063507256,-92.5375,36.0498999357,0.719483240671,0.449247468263,-0.104895081298,-52.215625,39.6062707305,0.628798103339,0.311174147762,-0.0258241934171,110.784895833,35.0070838928,0.483114334425,0.506314594764,-0.152775149356,-76.6963541667,37.771728158,0.521941026095,0.464661962353,-0.105178719796,80.1510416667,33.4777603149,0.404006771812,0.463506081142,-0.115296012151
682,0.0572568357818,-13.5723958333,38.3371700644,0.698176191517,0.303319250233,0.0134289258041,-121.063020833,34.1773857474,0.556031845483,0.434552140068,-0.116182755271,-83.221875,37.6785607338,0.500371963826,0.376611726591,-0.105247579027,10.7421875,34.6942279339,0.463588671749,0.520150462165,-0.134945035534,-177.478125,36.4214232564,0.449909201124,0.524913363159,-0.142944726133,-34.9708333333,33.5097506046,0.40620953393,0.477057398995,-0.0982062746043
683,0.0576000000002,-146.993229167,36.8090481162,0.591738764859,0.3504005,-0.0846314103742,-119.922916667,34.8290530443,0.612915755651,0.385278621456,-0.116385777685,-108.688020833,37.6968789101,0.50159234068,0.321193966083,-0.0723551448164,-48.6520833333,34.8671851158,0.47438310764,0.417918837629,-0.143694908562,10.1635416667,38.2362316847,0.546719901365,0.346125808079,-0.0883255569061,85.6166666667,34.2119935155,0.454564022009,0.356384857791,-0.0379132895518
684,0.0575999999986,-132.131770833,35.8139237761,0.522425923642,0.462156807305,-0.109878960464,-63.5822916667,33.6220115423,0.507553340356,0.488198783714,-0.135943808593,-117.980729167,37.8928271532,0.514646626052,0.378468985669,-0.06529311757,-131.323958333,34.3310904503,0.440924887323,0.565644732676,-0.176290900552,-31.5505208333,35.1474630237,0.381949971771,0.544051007601,-0.189568696151,-75.4416666667,32.2201955914,0.317414372672,0.469418042339,-0.144712123227
685,0.0539564075113,-176.501111111,36.9173850377,0.599284696094,0.402350220084,-0.0754841536628,-49.2494444444,34.0434289296,0.544338781206,0.440916122496,-0.124981155557,-144.197777778,38.093724823,0.528030647618,0.351263966163,-0.0770279358355,40.0033333333,34.2907790502,0.438409011318,0.518297116458,-0.16465530373,6.16611111111,37.0139154434,0.48151561347,0.460059869289,-0.127692928476,33.385,33.4840406736,0.40443921979,0.447891330719,-0.0939828787193
686,0.0576000000001,-205.4421875,37.0508996844,0.608584317391,0.429721285589,-0.0852271806434,-87.6734375,33.1102167368,0.462878872447,0.495704929344,-0.135542592092,-139.986458333,37.0315930843,0.457270274386,0.447084007785,-0.1443277161,-67.9880208333,33.6199016571,0.396538862132,0.557191537693,-0.183757188614,4.296875,37.8342404962,0.525275737978,0.499806498876,-0.162683682522,-4.99583333333,33.0858361125,0.377019964424,0.477798053995,-0.168355646427
687,0.0575999999996,-182.915104167,35.883405149,0.527265470992,0.394294807222,-0.121459228946,-88.721875,33.6926683187,0.513720956473,0.368951916462,-0.113268716734,-66.825,38.4662533402,0.55284890317,0.306778651284,-0.0751718594602,36.6265625,34.171938926,0.430992076747,0.414533297415,-0.160104885327,-60.2822916667,35.1782784462,0.38359381615,0.39105354232,-0.177927058408,50.6916666667,32.6995729506,0.350422960498,0.406778948847,-0.164843931678
688,0.0576000000006,161.396354167,36.7145183086,0.585154532841,0.282561762026,-0.0176031004121,85.1296875,34.9290304184,0.621642760969,0.351152990712,-0.0707189477398,43.8453125,38.560516417,0.55912881201,0.285812201444,-0.0477991165426,145.503645833,35.4990384579,0.513817725601,0.42630324536,-0.12485721727,50.8234375,37.0596849322,0.48395718041,0.424571158364,-0.119049613659,27.3739583333,33.7973718643,0.426014331612,0.360393918818,-0.0768402640356
689,0.0576000000001,57.5151041667,35.0463109612,0.468959815926,0.378821467515,-0.0709004410519,-69.6265625,33.7586248517,0.519478289261,0.440795798786,-0.116153195093,-196.768229167,37.9656737447,0.519499745316,0.383389699273,-0.101770080772,65.4614583333,34.7687572241,0.468240121524,0.473637376912,-0.125821192458,51.3104166667,37.0937581658,0.485774812262,0.393071510829,-0.0774264137599,144.925,34.3315442801,0.462795954195,0.365788346156,-0.0520168286198
690,0.0575999999996,-117.327604167,39.4190800786,0.773533866939,0.362261309056,-0.0164815949865,-104.219270833,34.3202486634,0.56850232132,0.394661767874,-0.059169303302,-120.5875,39.1296694875,0.597046409447,0.316853703931,-0.0414294615202,-8.41041666667,34.2663881779,0.436886751851,0.469002025668,-0.110880425131,-57.26875,37.0134348869,0.481489978252,0.473770942539,-0.11868627552,39.7432291667,33.8380941749,0.428818356329,0.413416739553,-0.0710036515738
691,0.0575999999997,-110.784895833,35.9508578181,0.531963714174,0.409019907005,-0.101197753822,-57.3776041667,34.4868770838,0.583047283358,0.428996699862,-0.131654357318,-84.390625,39.1286546588,0.596978800455,0.37229974498,-0.0991816849892,62.3963541667,35.3457615972,0.504251558831,0.451156695839,-0.124157360638,62.2130208333,38.1903018355,0.544269780025,0.408234074013,-0.0858022979137,193.193229167,34.3928015828,0.467013961198,0.362128701061,-0.0424309609516
692,0.0545409644522,-157.281967213,37.3579170977,0.629968830224,0.352999296955,-0.0413055284613,-86.8759562842,36.0690710349,0.721156682149,0.342000519643,-0.0502317375122,-40.2732240437,39.5451967833,0.624729290462,0.269014685857,-0.0178485367787,90.0316939891,35.2392207286,0.497602233477,0.431626581999,-0.109578309779,152.082513661,36.9888547053,0.480178751922,0.389569196667,-0.0759033605735,197.741530055,33.8474980339,0.42946587983,0.337086231982,-0.0360214134601
693,0.0576000000002,-150.49375,35.8766227365,0.526793059391,0.413562803995,-0.0964724760142,-80.4661458333,33.7167552412,0.515823499192,0.477460088208,-0.14698398154,-169.732291667,38.2135338187,0.536012453401,0.407804582734,-0.111514838722,28.5140625,33.6724537611,0.399818693078,0.597117424011,-0.206276300363,-157.036458333,35.9972147942,0.427279860398,0.572081356309,-0.190650638135,-70.778125,32.4910472035,0.336064459195,0.52546632709,-0.160879150582
694,0.0575999999996,-50.0213541667,40.4563421607,0.845781704825,0.231539661996,0.0851546686827,-57.4921875,34.6680849791,0.598864884895,0.411311122123,-0.0830266008479,-52.8286458333,42.2276234627,0.803435477359,0.274139807094,0.0254788245238,-38.3911458333,34.8219498992,0.471559931173,0.534371034708,-0.120274465618,-106.367708333,37.4202859998,0.503193393617,0.499941773713,-0.0841302288575,-144.4265625,33.2059474587,0.385290496701,0.506624025293,-0.118178694742
696,0.0576000000006,-173.015104167,35.3445864916,0.489735435254,0.436919128522,-0.132551187453,-35.1427083333,34.5672006011,0.590058707386,0.451582926326,-0.146744693047,-72.5197916667,38.3221629262,0.543249442853,0.320054740179,-0.0624212703005,88.9395833333,34.7663269043,0.468088442763,0.478352016304,-0.136733960011,-64.7395833333,36.9375438094,0.4774415794,0.467958245194,-0.134910207591,131.753645833,33.8445030451,0.429259653256,0.404554282315,-0.0817679231768
697,0.0576000000001,-89.615625,37.8691681623,0.66557871578,0.349436423043,-0.0492278266174,-77.4583333333,34.7456864715,0.605638703903,0.411269556265,-0.0839419816857,-189.497916667,38.9632556438,0.585959737938,0.332067388576,-0.0405834315916,-20.5333333333,33.8042879105,0.408046598144,0.538742152974,-0.155358236763,-97.0177083333,36.5736320615,0.458028758414,0.479778694455,-0.115747376462,-46.990625,33.1146491766,0.37900395165,0.453866232187,-0.0946506978999
698,0.0575999999981,47.5234375,36.5273814797,0.572119995562,0.350732551422,-0.0593377607183,109.455729167,33.8036468029,0.523408246526,0.374553383328,-0.0833485944313,98.8911458333,38.704980135,0.56875314224,0.294351899531,-0.0609861450994,200.8875,34.9552260041,0.479877830172,0.429768168367,-0.125083395484,132.905208333,37.2301052809,0.493048229928,0.402633440681,-0.104036471792,194.734375,33.8032198548,0.426417007927,0.344492506236,-0.0575152476813
699,0.0576000000001,-131.175,36.6784691811,0.582643623043,0.272955732537,-0.0666742480225,-10.1348958333,35.5377580523,0.674778476405,0.300455219578,-0.0794393976394,10.0203125,37.776936233,0.50692584673,0.230312250089,-0.0565241438489,82.0244791667,35.8637782931,0.536581514445,0.315432699746,-0.093363996275,43.0546875,38.1013800502,0.539526259898,0.230207564891,-0.0328650202393,128.7859375,34.3511980176,0.464149255742,0.317912603728,-0.0538077571255
700,0.0575999999996,-179.471875,37.5653650761,0.644418088677,0.402647211216,-0.0618472627557,-13.5151041667,34.3824671507,0.573933360835,0.395921047777,-0.0757427638164,50.2447916667,39.660851717,0.632434348106,0.291468031472,-0.0184552443061,70.8697916667,35.7975544333,0.532448415137,0.445732549299,-0.107307564147,155.913541667,37.2967033386,0.496600893948,0.414520495338,-0.0913223520765,241.633333333,34.3697298169,0.465425303752,0.327825496439,-0.0298368076965
701,0.0576000000001,-70.5776041667,36.9233112335,0.599697470107,0.361167567549,-0.0198017993685,-140.215625,34.8996036649,0.619074105442,0.454777361825,-0.114353327255,-105.622916667,40.0385961533,0.657600093863,0.355226219632,-0.0513474174622,-129.86875,35.4087548256,0.508183031108,0.514750021975,-0.161848703065,-24.7729166667,35.2990840673,0.390038175011,0.556885219179,-0.206546447211,-66.1375,32.4786036909,0.335207633621,0.492258365732,-0.159194765809
702,0.0296563650856,-185.744444444,37.4122443922,0.633752858994,0.334280755032,-0.00606514392138,-11.7,36.2426593665,0.736309173469,0.387349438487,-0.07638578016,-11.7,38.604823835,0.56208062045,0.344947408095,-0.0491206948892,27.2888888889,35.161840959,0.492772882345,0.5011154639,-0.137465016966,-24.3888888889,37.7819080931,0.5224840733,0.480169620026,-0.106142003019,11.8777777778,33.9614942146,0.437315338867,0.442693438042,-0.0792772400927
703,0.0576000000002,-42.590625,37.2838060856,0.624806817186,0.37126627774,-0.0670698035756,-88.1375,33.7521626353,0.518914203665,0.401611348614,-0.111237760022,-81.0161458333,38.3537262678,0.545352227048,0.342713774415,-0.0822222130519,112.125520833,34.7040548325,0.464201978612,0.476831897628,-0.143583491083,-49.809375,36.4721062779,0.452612879777,0.444506142987,-0.118732486961,-37.8411458333,33.4207484722,0.400081095345,0.414908215404,-0.0838227384229
704,0.0575999999986,220.315104167,36.8561523557,0.595019690206,0.25634947978,-0.0355236913101,177.2890625,34.9196310639,0.620822293167,0.294475750765,-0.0584689903881,181.5515625,38.8713423014,0.579836370956,0.242567030014,-0.0379169231255,223.122395833,36.2693480253,0.561893539216,0.336360691814,-0.0598135942057,220.7046875,38.6422283053,0.568377733965,0.320744035533,-0.0415872382437,250.358854167,35.0475124121,0.512095522719,0.284226721385,-0.0180656899502
705,0.0371422932755,237.169166667,37.2236107826,0.620614067287,0.173525532335,0.0460128492152,201.813333333,35.7608691216,0.694253797752,0.22322932519,0.0113165168303,226.16,41.1542491913,0.731926114351,0.165343145654,0.0209746183507,237.169166667,37.2976113319,0.626068511414,0.266355172917,0.00824237336637,201.19,38.4975922585,0.560662144396,0.287158949301,-0.0253133367631,259.3525,35.3057174683,0.529874802678,0.261063531786,-0.00571150651376
706,0.0575999999996,-21.0833333333,35.1668761969,0.477357479109,0.373414162546,-0.118677245511,-203.01875,31.3874808848,0.312501598773,0.498273808742,-0.203795887996,-143.034375,36.9958645105,0.454889997886,0.411068974296,-0.115450114958,-155.58125,32.569101125,0.330957318475,0.554310094798,-0.206886887783,-222.646875,34.4787596464,0.346278084207,0.556642832467,-0.246503600531,-168.088020833,31.7908605337,0.287851558138,0.512442452367,-0.177525712948
707,0.0544605646819,-222.542222222,36.5852386475,0.57614988863,0.455451573431,-0.108571430191,-219.547777778,33.538302358,0.500246382121,0.479030429324,-0.137489204078,-221.045,38.6346839269,0.564069932296,0.362974300732,-0.0736481934281,-181.658888889,33.465184466,0.386882802861,0.592539192239,-0.192806905136,-228.023888889,35.5596618017,0.403938657582,0.574187021951,-0.178930678343,-167.554444444,32.8140803655,0.358307621693,0.482593502104,-0.113493483946
708,0.0352641572816,-156.97,38.1455365181,0.684828446882,0.287835267931,0.0361454307713,22.8983333333,36.5785024643,0.765624851418,0.383170994371,-0.062804606033,22.3575,40.7396419525,0.704304528542,0.3273666244,-0.0308218833641,124.309166667,34.2686477661,0.437027775081,0.558144784719,-0.19679027801,-46.3283333333,36.2236693382,0.439360046186,0.565454914421,-0.194015322067,11.0458333333,33.6684002876,0.41713370858,0.473885701597,-0.128960738133
709,0.0576000000002,75.7682291667,40.8238329291,0.871378334569,0.225952822366,0.0461733881602,48.6578125,32.96708709,0.450385113732,0.207888305129,-0.0609491557425,-16.8838541667,38.135987401,0.530846226595,0.226368722855,-0.0163424272232,24.2,37.8746154904,0.662079935329,0.287216362311,0.00111168505828,48.4515625,37.9128547907,0.529469406458,0.254493726541,-0.0656998072955,90.3088541667,38.1001784801,0.72229359338,0.244525493006,0.0262318499663
710,0.0576000000002,-153.725,36.7754018307,0.589395218879,0.322788126301,-0.0246200358852,-129.834375,34.0762879252,0.547207036469,0.422827673145,-0.108394054378,-138.571354167,38.99764961,0.588251101425,0.333039411344,-0.0690984657031,-73.2473958333,34.1918059587,0.432231998727,0.478666661773,-0.16130872241,-152.722395833,36.5309066176,0.455749575624,0.489438229706,-0.162512345443,-102.185416667,33.0391055346,0.373802227173,0.460004364839,-0.142016020743
711,0.0576000000001,-183.258854167,36.9461960793,0.601291455517,0.403978787363,-0.109377433153,-81.5947916667,34.6674444079,0.598808969568,0.364852996077,-0.08867913211,-58.3973958333,39.2670846581,0.60620115778,0.300725468667,-0.0457672614784,93.8494791667,35.1258332729,0.490525605564,0.454648666317,-0.140397934403,-29.0296875,37.0678560734,0.484393068785,0.443637779914,-0.113088576329,48.0161458333,34.1148737371,0.447876624965,0.386111450614,-0.0730521741635
712,0.0576000000002,114.491666667,40.5159438848,0.84993311051,0.202193649719,0.0832398989041,8.43333333333,32.9343487322,0.447527388921,0.528216363396,-0.157358318218,27.7578125,38.5025165677,0.555264798879,0.426196778426,-0.105973686907,-202.789583333,33.3730296791,0.381131327675,0.644606795628,-0.224319662026,-193.084375,38.2872615457,0.549442082118,0.636236751918,-0.212789176958,-196.768229167,32.0174913704,0.303456725415,0.597482466605,-0.171706535155
713,0.0575999999985,5.60885416667,38.5264162421,0.71135765009,0.288068922004,-0.00686999831487,161.883333333,36.8322265148,0.787772373883,0.338920647278,-0.0555839482622,194.734375,40.0114117861,0.655789041715,0.252907355782,-0.0186403611697,264.1203125,37.9440972209,0.666416361701,0.362771973014,-0.0543617456933,233.0109375,40.4848880768,0.666674160187,0.331475573592,-0.0270243344785,256.173958333,35.6970166564,0.556818573324,0.289506222587,0.00108788609532
714,0.0575999999986,-175.3640625,36.9221094847,0.599613765364,0.496307439171,-0.125344887725,-57.2401041667,33.4688414931,0.494183156889,0.507003751118,-0.151484532456,-61.0041666667,39.544585824,0.624688587686,0.3335476676,-0.0418595830852,-68.5151041667,34.9689247608,0.480732783688,0.494806522969,-0.128428364709,-101.9390625,36.8025320172,0.470239394344,0.435556409531,-0.0971384993882,-43.3869791667,34.391359508,0.466914663951,0.381481237244,-0.0355624712274
715,0.0234588688747,-9.85769230769,40.5055543459,0.849209453745,0.31190927384,0.0318816674542,-91.5538461538,36.0266990662,0.71745804133,0.341743818269,-0.0128983240127,-86.9282051282,42.996831307,0.85468094172,0.254123855669,0.0341279982285,-24.9192307692,34.9754604926,0.481140685444,0.51942812938,-0.130449564769,55.6487179487,37.0664348602,0.484317254369,0.485037174936,-0.147310264113,201.85,32.9702007587,0.369057636504,0.357924308914,-0.148244539016
716,0.0575999999986,74.6625,36.5312002897,0.572385985006,0.301499216584,-0.090744808429,50.1473958333,33.6962459683,0.514033248802,0.328929332551,-0.0794645685769,111.586979167,37.8901562095,0.514468684871,0.270798668731,-0.0601357121977,132.905208333,35.7055081129,0.52670370946,0.373075087089,-0.0924202840761,149.1875,38.0333664417,0.535898083525,0.339988856809,-0.0649448883996,165.080208333,34.4169947505,0.468679835243,0.305727950064,-0.0341861827856
717,0.0576000000002,-170.901041667,37.3517392278,0.629538526489,0.448958484456,-0.121996062357,-11.584375,35.1938728094,0.644760801188,0.421887258533,-0.117266642337,17.1932291667,39.2909564972,0.607791525697,0.308264849475,-0.0474616099418,165.61875,36.555660665,0.579762605996,0.464751731604,-0.122677718056,60.9984375,40.8102408051,0.684030055701,0.424281931482,-0.0913080221871,50.634375,35.4289152622,0.538357859135,0.388671578839,-0.0459424731671
718,0.0240901288873,-105.77654321,40.114787349,0.821991577825,0.255690441639,0.044451626423,-81.4135802469,34.3034566243,0.567036547532,0.363882710536,-0.0564262487503,-148.975308642,41.5768783004,0.760082125901,0.318424539985,-0.00994363072958,8.84074074074,34.8931292781,0.476002309534,0.532075710871,-0.144392028325,-149.77654321,40.1441567032,0.648497893011,0.445727574605,-0.0801380068598,-74.7592592593,33.24304835,0.387845160589,0.507725924253,-0.119254929876
719,0.0576000000001,118.038020833,41.852229476,0.943008666268,0.191073909868,0.0806324183141,173.496354167,36.2292124033,0.735135390696,0.32901475695,-0.00742344142691,242.985416667,42.5539916754,0.825178483147,0.295392964035,-0.00719052732893,-172.826041667,36.4278587103,0.571786354349,0.497961627785,-0.0653861748033,108.063541667,40.3310508132,0.658467733008,0.41036810074,-0.0255439797947,142.5703125,35.3568704128,0.53339705176,0.460128442384,-0.062813375007
720,0.0576000000001,-157.036458333,36.1070452929,0.54284255333,0.483803143259,-0.101810755446,-85.4046875,33.5571758151,0.50189384248,0.413307027658,-0.0841474255915,-47.6494791667,38.7274112701,0.570247528896,0.359087856486,-0.0428840063032,43.5989583333,34.7780498862,0.468820086141,0.549669763073,-0.145179834741,-67.8848958333,36.5842062235,0.458592835598,0.572340850718,-0.164780860505,-133.197395833,33.501232326,0.405622989026,0.483262685593,-0.098063958827
722,0.0576000000002,29.2989583333,37.2548593283,0.622790604826,0.383271424333,-0.076368999682,9.246875,34.1458224654,0.553276692804,0.363005330786,-0.0882078148788,35.3203125,38.1367348433,0.530896022011,0.308836673852,-0.0713159404277,180.972916667,35.631059289,0.522057281668,0.433814124903,-0.135578387457,67.203125,36.9786673784,0.479635310403,0.426981073339,-0.11864143686,82.4197916667,33.6454836726,0.415555734392,0.364472790156,-0.0711270577307
723,0.0576000000007,272.066666667,38.8059993982,0.730831299891,0.288995741401,-0.0239764918315,226.519791667,36.5295983553,0.761356021363,0.304949966259,-0.0362070356405,224.388541667,40.4222151041,0.683157206181,0.255918973591,-0.0287032137257,202.577604167,37.4810893536,0.637519563748,0.35544739617,-0.0577841447903,218.4703125,39.3853271008,0.608018234643,0.324904257199,-0.0370595074746,257.239583333,36.025093019,0.579408996552,0.283419179032,-0.0134717137244
724,0.0575999999997,-163.000520833,38.1881656051,0.687797666926,0.38605037448,-0.0474670524234,-67.7703125,34.6676043272,0.598822928889,0.444579138421,-0.112959384569,-137.219270833,39.80697155,0.642169010524,0.311666877009,-0.0211057052256,-52.18125,35.4134811759,0.508478007499,0.504603199661,-0.114343264897,27.7578125,36.7417023778,0.466994445788,0.496168710757,-0.101126572452,105.869270833,33.3937251568,0.398220345221,0.42073886795,-0.0707630641446
725,0.0575999999996,-119.183854167,37.1647623777,0.616515132129,0.347913838457,-0.0403222709813,-92.4,34.6333711743,0.595834723709,0.407438691705,-0.0995594051119,-92.4,39.6990368962,0.634978286335,0.34810384782,-0.0484609060259,-102.701041667,33.3127603531,0.377369856957,0.551422754303,-0.184500173054,14.6723958333,36.3848933578,0.447960518821,0.478882546537,-0.152156416487,-6.00416666667,33.4055010676,0.399031201595,0.45374347968,-0.101579082322
726,0.0575999999986,-168.173958333,32.7697762847,0.310393614487,0.214661367041,-0.149693494019,22.8479166667,35.6635308266,0.685757157128,0.352118584793,-0.0496972322131,-155.776041667,44.9632685781,0.985687134426,0.173278705217,0.0969170621247,-168.3,27.5415672958,0.0171837532397,-0.147786280839,-0.318351821508,-185.183854167,44.4875231981,0.880194167514,0.117924078484,0.106046349858,-123.154166667,33.9521172345,0.43666966617,0.156019685543,-0.00800057165179
727,0.0575999999991,-170.797916667,36.5393711925,0.572955108342,0.349266390083,-0.0546916956173,24.853125,35.3438388109,0.657851303963,0.364619688597,-0.0893148692667,3.53489583333,37.89640522,0.514885000761,0.297858426813,-0.0630679447713,149.1875,35.0148810148,0.483600960841,0.438978541642,-0.135477383683,164.014583333,36.6611117721,0.462695351265,0.391741446219,-0.102285258268,219.6390625,33.9671778679,0.437706699378,0.326993483584,-0.0305559436201
728,0.03616728338,-196.6525,39.3579938889,0.769279064599,0.348049589992,-0.011020134436,21.1933333333,34.6565067291,0.597854221736,0.395753959566,-0.103148144856,38.72,41.2801166534,0.740311541767,0.288695925847,0.000590478065715,-49.555,36.2191831589,0.558762698225,0.471871570498,-0.106478117639,-101.896666667,38.5386514664,0.562852442065,0.445448531955,-0.0642520795314,-131.275833333,35.7926570892,0.56340410676,0.299395042285,0.00946932712686
729,0.0576000000001,235.715104167,38.3849151731,0.701501754965,0.195812819293,0.0407700776741,272.066666667,37.0147157907,0.803701826885,0.224947087467,-0.00708600211146,257.526041667,40.7146704793,0.702640901799,0.166210195515,0.0134446196807,272.066666667,38.2731087804,0.68695031205,0.239699343918,0.00480499078913,243.764583333,38.9139610529,0.582873279147,0.242744699586,0.00411056607118,236.2078125,35.3795676827,0.534959922457,0.205254662316,0.0277506433004
730,0.0576000000002,-117.3046875,37.0564272404,0.608969325166,0.48902187543,-0.104667718297,-86.9229166667,34.7408261299,0.605214445646,0.447900910396,-0.102328241614,59.3427083333,38.9997845888,0.588393336036,0.360878577223,-0.0486206782225,22.1260416667,35.5229642987,0.515310961975,0.450363534736,-0.100501811092,19.0151041667,37.5493697524,0.510079348238,0.416212965734,-0.0831424272983,46.7614583333,34.4717364907,0.472449198784,0.40186010953,-0.0223461128253
731,0.0576000000006,-96.1755208333,37.2721896768,0.623997705934,0.397775217891,-0.0700774532661,-30.9088541667,35.6102846861,0.681109311999,0.394978162833,-0.0931750417367,-8.20416666667,40.4080107212,0.682210894722,0.299361007521,-0.0281848150016,153.598958333,35.6703664064,0.524510479359,0.438031699043,-0.0975897836834,235.0390625,37.8895693421,0.528227247481,0.364653274184,-0.0583574613083,256.173958333,35.0842828751,0.514627434237,0.307254282059,-0.000894659333426
732,0.0575999999996,-152.046354167,38.820178926,0.731818938638,0.358726160834,-0.0552670657673,-44.4182291667,35.9708849788,0.71258604062,0.363160663284,-0.0700508863083,-114.0046875,41.451734364,0.751744900561,0.244144071825,-0.0105231163689,17.496875,35.4625883102,0.51154283434,0.444123416906,-0.100158091846,-179.047916667,37.8923200965,0.528373986085,0.465948587283,-0.109802098037,-59.7838541667,33.6046276093,0.412742499828,0.435116692213,-0.0995042460654
733,0.0576000000001,-159.184895833,37.395185113,0.632564638523,0.450805255212,-0.0804250246288,-5.0359375,34.7748988867,0.608188649882,0.416503240354,-0.0687091743275,44.3265625,40.7544579506,0.70529158647,0.286495422712,0.0196253711847,-1.15729166667,35.7413441539,0.528940273693,0.442125641741,-0.0864062168257,77.4640625,37.0642779469,0.484202194134,0.444208341651,-0.0925800254317,145.549479167,33.569485724,0.410322727629,0.369668182917,-0.0467955005533
734,0.0575999999986,37.9385416667,35.482322216,0.499329064929,0.383697095094,-0.0708509824735,-0.578645833333,34.6682989597,0.598883563226,0.384994309163,-0.088108940683,-103.354166667,38.3342320323,0.544053499846,0.355060236761,-0.0719628368424,-0.3265625,35.168184638,0.493168797886,0.481606872752,-0.139128955532,44.6989583333,36.2412291765,0.440296773289,0.399398970185,-0.0937757155552,78.3463541667,33.9351340532,0.435500251681,0.373406313593,-0.0528083451718
735,0.0576000000006,106.917708333,37.7638503909,0.658243075725,0.287054362707,-0.0315426909874,119.533333333,35.7181119323,0.69052153111,0.355546713341,-0.0836796665772,191.909895833,40.1416707039,0.664467032688,0.232742290245,-0.0247646479038,149.743229167,38.1778848171,0.681007286411,0.326147468993,-0.0363763459272,163.7109375,40.4271557927,0.663594439617,0.285650435602,-0.0162324974945,243.478125,36.9134045243,0.640575649045,0.277573833708,-0.0147661792638
736,0.0575999999986,-85.73125,31.7007102966,0.235930556858,-4.67975041829e-06,-0.183256980836,-93.4484375,35.2539556026,0.650005416392,0.158335350046,0.000268717667495,-97.8369791667,41.0068571568,0.722106696481,0.121947161737,0.0545262484811,-80.4088541667,29.8306260109,0.16004626565,-0.0342977687396,-0.18288075523,-81.1880208333,33.1298699677,0.274321754101,-0.0175134657329,-0.155788630669,-65.8682291667,30.1864739954,0.177377976221,0.0826097751478,-0.140398087535
737,0.0576000000002,202.680729167,37.1409161091,0.614854181265,0.343877351144,-0.0715264789151,134.360416667,33.9541471004,0.536545387897,0.358130582608,-0.0923998050202,156.744270833,38.2586625814,0.539018980725,0.285853071837,-0.0501365764521,218.132291667,35.2018307447,0.495268686066,0.38324642228,-0.0872259564561,225.454166667,38.8956423402,0.581896069995,0.362248933641,-0.0722437399563,234.466145833,34.2545585632,0.45749493247,0.316142536467,-0.0318478211195
738,0.0576000000001,177.386458333,37.1686608791,0.616786672275,0.323448294774,-0.0391822329639,74.4734375,34.9798731804,0.626080815663,0.367506813956,-0.099647552297,43.2666666667,38.8972443342,0.581561992595,0.30846698815,-0.0723045350896,212.23125,35.970297873,0.543229511154,0.41275087744,-0.102824872652,84.1442708333,37.6275033355,0.514247373232,0.36989084864,-0.0839345879031,155.678645833,34.4131495357,0.468415064474,0.311414620606,-0.0301872462842
739,0.037980713917,28.9579365079,41.2788314819,0.903070095262,0.265542269463,0.024321259842,-168.3,28.131702741,0.0283053649848,0.0389767975014,-0.151832167591,-85.0142857143,35.777528672,0.373723137392,0.0997166186571,-0.0901877933689,-161.577777778,34.1060757864,0.426881490359,0.0639686102229,-0.101593104834,-132.296825397,37.4797832852,0.506367267938,0.132596492396,-0.0462772292016,-137.84047619,40.6459283375,0.897586827707,0.108095772564,0.110365656515
740,0.0576000000006,240.28125,37.8814515471,0.666434283538,0.286049022572,-0.009001358962,224.388541667,35.2878692746,0.652965734148,0.292219761759,-0.0374298561599,242.4125,39.5877913237,0.627566985129,0.221077796537,-0.0019835172352,272.066666667,36.7369760871,0.591078688263,0.307239503833,-0.0304133917416,250.255729167,38.1980457902,0.544682880197,0.294415591052,-0.0169506531947,240.28125,34.6355342865,0.483727858121,0.245449012145,0.0126002150278
741,0.0323716041549,-107.708333333,36.0483722687,0.538755833867,0.382210738129,-0.0646103919587,-17.9564814815,33.2255150477,0.472943239329,0.460766652392,-0.141562096568,-236.5,39.3060777452,0.60879891971,0.301695221414,-0.0346947129648,33.112037037,34.5169093874,0.452522038603,0.448759061595,-0.109672435301,116.671296296,36.1721331278,0.436610854295,0.454186485045,-0.105711205591,187.305555556,33.8042522007,0.426488092381,0.354200081693,-0.0427070690461
742,0.0576000000006,186.3984375,37.8427055478,0.663735530033,0.32442671014,-0.0346948404695,201.615104167,35.7958718538,0.697309179368,0.311772490386,-0.0541615811726,229.716666667,39.7152730227,0.636059954761,0.246945557185,-0.0311643313726,257.239583333,36.8493164182,0.598089964049,0.339119757991,-0.0577822234027,264.1203125,38.3017077446,0.550212712568,0.314499716042,-0.0468616091357,272.066666667,34.9086024165,0.502530567886,0.272063476499,-0.0124475740276
744,0.0576000000002,-127.216145833,39.3266064525,0.76709285298,0.410102558322,-0.0513239500569,-9.8140625,34.7943920493,0.609890204214,0.43822979182,-0.0976690922398,-146.907291667,40.1709910035,0.666420382983,0.330313483719,-0.0406407567389,-85.4677083333,34.9072938561,0.47688633544,0.523340855725,-0.129349844006,63.765625,39.1512995362,0.595534067144,0.3870678409,-0.0128926428661,175.9828125,34.8177844286,0.496277094556,0.361528121866,-0.014889727835
745,0.0576000000002,34.7416666667,37.4167077541,0.634063743058,0.360841185553,-0.0532394952961,62.7057291667,35.2498432994,0.64964645425,0.380447655916,-0.0793750143239,17.8348958333,39.1632091403,0.599280857647,0.311892137164,-0.0478261933386,119.327083333,35.7360300422,0.528608614507,0.440180263016,-0.100138809663,146.277083333,37.5488888621,0.510053695214,0.430316281039,-0.0833987161632,200.549479167,34.3814793229,0.466234341962,0.377315802732,-0.0539432806595
746,0.0303878370459,-207.977777778,36.7537579392,0.587887668965,0.271404458266,0.00428396970506,56.3111111111,35.2140446287,0.646521595328,0.427302399368,-0.0964061867897,87.1333333333,39.758145997,0.638916199007,0.316029529228,-0.034199261798,164.188888889,35.0337164908,0.484776502298,0.479439952157,-0.140388970856,40.9,39.2182533958,0.59910571136,0.458718802893,-0.116395791573,117.955555556,34.1726345871,0.451853875987,0.421116539926,-0.100061561348
747,0.0576000000002,0.148958333333,36.5126951337,0.571097055683,0.381358803017,-0.0837369076407,-100.833333333,33.854383409,0.527837034895,0.362895970466,-0.0891003925499,0.4296875,38.1362016201,0.530860498104,0.331535487203,-0.0805140315197,16.1333333333,33.7819907665,0.406655010422,0.461434337543,-0.162205098153,-40.2703125,35.4352176189,0.397300200166,0.395605672267,-0.145416634135,103.88125,33.3089420795,0.392382419007,0.367235079175,-0.0789409124768
748,0.0400074571336,-173.840740741,29.1618690915,0.0590940649271,-0.0239654386933,-0.231121538579,-113.316296296,32.1047083961,0.37510824716,0.283032078213,-0.0529698788602,-33.937037037,34.3862744649,0.281036266857,0.561545762751,-0.266822470197,-165.35037037,35.7507863363,0.529529570022,0.0400867290381,0.0178623590204,-168.3,30.554522366,0.136940198672,-0.0623653667875,-0.127919819359,-168.3,28.1578066084,0.0376895985013,-0.0429064657798,-0.193264295492
749,0.0576000000002,-37.8411458333,37.2548857331,0.622792443989,0.359712953214,-0.0146479475807,-72.771875,34.256375432,0.562926839513,0.437252998352,-0.101951736957,-176.613020833,39.5600739121,0.625720420986,0.357868799707,-0.0605896419656,143.859375,35.5359156132,0.516119266851,0.471056237817,-0.122581373696,170.8953125,37.120034337,0.487176510918,0.417794522364,-0.0887967145245,136.978645833,33.9354810715,0.435524146389,0.393608719576,-0.0661821457893
750,0.0576000000002,58.78125,37.0351981521,0.607490667306,0.2383272406,-0.0343962108163,-15.8010416667,36.2828868628,0.739820623705,0.333409522893,-0.041884583404,-100.180208333,42.0071616769,0.788748073077,0.209564379416,0.047316172464,-13.2802083333,36.151052624,0.55451060136,0.292351292592,-0.0195832923373,-128.4765625,40.842952013,0.685775030481,0.176587882968,0.0363137954064,30.7942708333,35.7476992309,0.560308434037,0.252610542666,0.0152127575902
751,0.0223160581087,-213.369444444,38.1753300031,0.686903635894,0.290942041824,0.0542485777211,-74.2347222222,36.1957271894,0.73221247296,0.381208049754,-0.0565264872275,-186.495833333,40.303331693,0.675237063854,0.283181440085,0.00925015974402,-53.1361111111,34.5997252464,0.457690661676,0.502038229257,-0.138387427355,-76.8013888889,35.892947038,0.421717711618,0.529701201866,-0.152633830051,-2.76527777778,32.1335527897,0.311448391015,0.513174301634,-0.158336684729
752,0.0575999999997,182.11875,38.93970263,0.740144056603,0.305619702209,-0.00683882891781,33.7619791667,32.7970403433,0.435541766657,0.352581409257,-0.0975594942211,16.29375,37.0971771479,0.461639556128,0.26525189809,-0.0531901832401,3.28854166667,37.2027614117,0.620148830184,0.402928579599,-0.0703922202811,32.759375,37.1914926171,0.490988442814,0.376514114942,-0.0844255422671,113.64375,36.5542721152,0.615846793081,0.329899054486,-0.0212645227821
753,0.0538622664994,-106.074863388,36.7163658767,0.585283220473,0.370749909858,-0.0319518613578,-148.235519126,34.9437582923,0.622928354183,0.408121274632,-0.0865408729182,-149.209289617,39.3877439655,0.614239612252,0.344846653157,-0.0426926431876,38.1273224044,34.5732110446,0.456035883025,0.529006446483,-0.15033806665,-126.998907104,36.2911865359,0.442961741598,0.52332182253,-0.1413692068,-58.9732240437,33.605322916,0.412790376712,0.484466661195,-0.108942363991
754,0.0576000000002,168.7640625,38.0646628141,0.67919539584,0.349369828822,-0.0530187994082,129.032291667,34.5662916303,0.589979363501,0.368925040821,-0.0878798778995,227.585416667,40.0325072408,0.657194443882,0.253418967593,-0.0278153830786,230.203645833,36.2186385393,0.558728707957,0.40154994349,-0.0994712903557,149.1875,37.6179438233,0.513737422402,0.386889274232,-0.0791943925524,192.603125,34.9992061853,0.508769290687,0.328524696175,-0.0397590029661
755,0.0576000000002,140.461979167,39.105743885,0.751709235626,0.31986776297,-0.044372080758,139.109895833,35.1925378442,0.644644272336,0.33156249905,-0.070850019697,132.028645833,39.5006856918,0.621763913067,0.270490741124,-0.0449547612025,219.925520833,36.5961960554,0.582292461466,0.39845412923,-0.093867237023,102.471875,38.7568922639,0.574494466699,0.370316744084,-0.0718787038547,193.279166667,35.565289259,0.547748192163,0.297023247695,-0.00773896213286
758,0.0576000000002,-222.0109375,37.1819857359,0.617714781099,0.366602046881,-0.0274335334525,-65.9140625,34.4863967299,0.583005353367,0.395490839146,-0.0528189335309,-113.569270833,40.7412121296,0.704409135449,0.308706041193,0.0149660748066,-6.0328125,34.9856141806,0.481774387567,0.488082472235,-0.0824658351557,-75.7510416667,37.9491710663,0.531406693069,0.46964390995,-0.0644544286479,-52.8057291667,34.0580224395,0.443962003186,0.478930789977,-0.0714791140053
759,0.0575999999991,143.951041667,37.0591510534,0.609159045399,0.308987679658,-0.0754116807002,72.3307291667,35.1222548485,0.638509283466,0.335037674522,-0.075767309514,141.3328125,39.2321038842,0.603870700523,0.24963114853,-0.0337103986803,183.677083333,36.4557099938,0.573524581646,0.372947287746,-0.0775902677674,163.138020833,39.5269344449,0.615572258491,0.335032511503,-0.0499230890819,184.169791667,34.2881247997,0.459806209889,0.316730758408,-0.0419941158107
761,0.0576000000001,118.1640625,36.0629046559,0.53976805014,0.359273750568,-0.0575325603114,-36.5348958333,34.2864426374,0.565551399961,0.412022763863,-0.122728986577,-33.0,37.9624159336,0.519282706394,0.354184904136,-0.085085113933,27.7119791667,35.0097543001,0.483280997295,0.486481073312,-0.159385350824,-4.41145833333,38.9490756989,0.584746464995,0.47538980376,-0.136053582391,170.01875,33.8345158696,0.428571964211,0.333294016076,-0.0579710476522
762,0.0576000000002,-115.809375,39.414460659,0.773212113081,0.354629745707,-0.00864004993127,-75.8026041667,35.5387731194,0.674867081413,0.426220326219,-0.0895772679564,-57.5265625,41.7213830352,0.769709188716,0.301617697347,-0.00287336355359,35.3947916667,35.4378878474,0.510001253011,0.51020093495,-0.110539361704,-23.8104166667,37.704515934,0.518355599463,0.487808655016,-0.103053068977,89.3005208333,34.5995115638,0.481247433912,0.442896194756,-0.0797023231571
763,0.0552451604416,-100.262295082,36.5945496481,0.576798422569,0.364554597218,-0.0648617473904,-177.67704918,34.4253398708,0.577675712138,0.333566488545,-0.0427806467566,-65.2306010929,40.07499132,0.660024779511,0.281616122263,-0.0316489015145,-60.6923497268,34.2327536911,0.434787588886,0.429876208794,-0.15082228328,-90.8972677596,35.7312475736,0.413091876442,0.419160036645,-0.162091144158,-76.7054644809,31.365399345,0.258555487422,0.445493944356,-0.198400023496
764,0.0575999999996,4.59479166667,37.189676702,0.618250475677,0.426354350755,-0.0683986400823,-129.461979167,34.0451519489,0.544489183221,0.444197262172,-0.106931715898,83.771875,38.7765994072,0.573524496159,0.340394651983,-0.0616406913323,85.3072916667,35.3174827695,0.502486648065,0.497942630667,-0.14226178317,47.7067708333,38.3112410307,0.550721264373,0.469414864201,-0.12406025171,177.386458333,34.5749979615,0.479559495636,0.367324342951,-0.0159654018189
765,0.0200087684481,-45.1833333333,40.3585257097,0.838968550061,0.127691190859,0.0744359629567,-54.4,30.8586047779,0.266336107432,0.135148048147,-0.114355111749,-93.9,35.0646346699,0.326229362538,0.063886153681,-0.0712544106381,-53.8666666667,32.394383864,0.320053034234,0.155528042127,-0.158205318857,11.85,35.1552115354,0.382363315038,0.165242431262,-0.182154360651,8.45,33.9943279787,0.439576180276,0.153095614038,-0.051569120641
766,0.0576000000001,-156.583854167,38.8273351789,0.732317389131,0.388014351483,-0.0104043325346,55.6359375,35.2356905937,0.648411067356,0.461436478421,-0.0977303237596,-32.0260416667,40.7433490753,0.704551501101,0.31499807979,-0.0176388158725,62.0755208333,35.9524868131,0.542117904554,0.485846937168,-0.104180796421,0.0286458333333,37.3132059574,0.497481223825,0.483582518529,-0.115508120303,144.925,34.2937322855,0.460192325718,0.411837963853,-0.0623486292752
767,0.0576000000002,-145.051041667,37.1983551979,0.618854954116,0.332278691698,-0.0715116142128,-182.714583333,34.3183261752,0.568334507702,0.365571493516,-0.0928176238522,-112.263020833,39.19915241,0.601675437424,0.290074246819,-0.0664947054029,-74.7140625,34.4120278358,0.445976272931,0.46226112498,-0.142042501195,-125.296875,36.5371019244,0.456080063392,0.425263405545,-0.121870347004,-78.8333333333,32.4082404673,0.330362618311,0.391887283185,-0.139075006122
768,0.0576000000001,-177.2890625,37.3752379417,0.631175269321,0.399320787983,-0.104392235019,-137.9125,34.861684382,0.615764138695,0.391886195634,-0.103203842875,-74.8114583333,38.5482321382,0.558310419973,0.364124466665,-0.0937030496134,-5.42552083333,34.9138091803,0.47729296353,0.50114258728,-0.173840374977,-65.175,36.3905008435,0.448259649361,0.493165111169,-0.150319352295,-13.4234375,33.4496147931,0.402068749682,0.423253560206,-0.0925540908363
769,0.0575999999997,157.809895833,36.8363388181,0.593639628911,0.342298367061,-0.0523746040399,73.9979166667,35.2906461954,0.653208131018,0.377412581816,-0.0783295154979,110.991145833,39.1190418005,0.596338381366,0.299143688753,-0.0365137170338,111.226041667,36.1306776404,0.553238977648,0.404370330973,-0.0778933744077,194.63125,39.1043019295,0.593026986425,0.38934878353,-0.0723083410812,217.118229167,34.3916533589,0.466934897705,0.339346052147,-0.0400436696873
770,0.0576000000002,219.6390625,36.6225523949,0.578748882288,0.355810506037,-0.100496994324,142.306770833,34.3785152435,0.573588399637,0.349290038226,-0.089904207678,138.622916667,38.287555337,0.540943847565,0.293980711838,-0.0830268983882,190.6609375,35.1993473768,0.495113696516,0.39612066187,-0.124495619864,130.4359375,38.4383217692,0.557500368489,0.376631188439,-0.094301954342,265.1859375,34.2395781279,0.456463421475,0.308722714428,-0.0453971671159
771,0.0576000000002,37.8354166667,38.052138865,0.678323072188,0.327849557856,-0.0397251727345,219.6390625,35.1339515448,0.639530285783,0.339932355098,-0.0522356967676,211.303125,39.8996318579,0.648342141154,0.28316614707,-0.0462313469161,182.743229167,36.7470697165,0.591708642069,0.366551256506,-0.0667479008443,220.888020833,39.0213612914,0.588602529758,0.338202847634,-0.0461439054452,264.796354167,35.2084534168,0.523177471394,0.284787344281,-0.00279168810454
772,0.0575999999996,-30.86875,36.4585672021,0.567326913021,0.410121662309,-0.130547325985,-29.9921875,34.0860083103,0.54805552697,0.402734431671,-0.117732054536,37.640625,38.451888144,0.551891878152,0.333163890755,-0.0781414000521,54.4901041667,34.9318606257,0.478419572838,0.476459480124,-0.160533421563,30.7541666667,38.2238946557,0.54606178429,0.442458325764,-0.127904600769,-4.3140625,33.6461777687,0.415603527913,0.420823480468,-0.0755128037204
773,0.0576000000002,-189.297395833,38.916978538,0.738561268083,0.350709627615,-0.0105046194494,-12.9364583333,35.1979327798,0.645115195204,0.420213866513,-0.106255925493,-85.5192708333,39.3181952238,0.609606199331,0.342006469611,-0.0480765929897,-32.2494791667,34.8775194883,0.475028086474,0.540110531729,-0.170496805396,-165.458333333,37.4230097532,0.503338691862,0.532379460055,-0.152824554934,-132.406770833,33.9394865036,0.435799949273,0.442357861437,-0.105833992027
774,0.0512789804794,-35.0005847953,38.3213828237,0.697076571636,0.339426269134,0.00479057689173,21.7105263158,35.131530494,0.63931895274,0.451347487015,-0.128881075256,-23.434502924,39.6406183745,0.63108638079,0.320130031883,-0.0533602512493,82.4742690058,35.5394145229,0.516337637414,0.447355180979,-0.101162861196,96.2403508772,38.1731491089,0.543354770235,0.399748021312,-0.057346328148,232.691812865,34.9214729175,0.503416794686,0.335187725069,-0.0264917790373
775,0.0576000000002,168.7640625,36.9006405473,0.598118401429,0.358009610325,-0.0525271598453,135.099479167,34.1998173594,0.557989896483,0.394488616148,-0.108319145307,108.390104167,38.3845952749,0.547408753922,0.329332391964,-0.0819272590597,184.656770833,36.2385056615,0.559968635517,0.447242716793,-0.127083170333,140.358854167,39.5516885519,0.616892762845,0.394220798742,-0.0889066965665,238.877604167,34.1616846323,0.451099892639,0.33376121195,-0.0357765956614
776,0.0576000000006,265.1859375,37.8749630451,0.665982343521,0.250816119835,-0.0075540875232,256.173958333,35.2563058138,0.650210565861,0.259341077879,-0.0210300870122,265.1859375,39.4880813956,0.620924201126,0.196871628752,-0.0056568067539,272.066666667,36.6737155914,0.587130535563,0.288825409254,-0.022869840745,272.066666667,38.3478510976,0.55267422324,0.303253235528,-0.0229395503211,272.066666667,35.0497556329,0.512249984647,0.247491576709,0.00625239423971
777,0.0576000000006,-81.7838541667,36.7437049747,0.587187455427,0.47293731058,-0.109800815368,-94.8692708333,33.6919746995,0.513660410585,0.458602913655,-0.14643450834,-92.4,37.7055846453,0.502172326242,0.397449906915,-0.102943161033,50.9208333333,34.7348436117,0.466123538042,0.54664936522,-0.187926651124,-77.5729166667,36.0852288008,0.431974955196,0.551293778699,-0.182053828205,-83.7776041667,33.0470364094,0.374348325091,0.456432504114,-0.130065059671
778,0.0575999999996,82.0302083333,38.7476528287,0.726767318791,0.298438044963,0.00701730427318,-13.75,35.6917823553,0.688223227515,0.419560301583,-0.079962181534,45.5583333333,42.7524505258,0.838400027908,0.31592048239,0.00628514757591,-5.26510416667,34.8264361024,0.471839919736,0.550375074614,-0.150918613595,-94.496875,36.4963256121,0.453904856748,0.525327497162,-0.173246533945,-35.6182291667,34.4104523063,0.468229340782,0.420769794378,-0.0833443631564
779,0.0528712126681,-70.8350282486,37.7704421868,0.658702210409,0.398486691006,-0.0543310739913,51.5259887006,35.4621488927,0.668178567729,0.385172923743,-0.0727079404376,118.066666667,39.9147282617,0.649347880016,0.287213763696,-0.0270606168956,230.434463277,36.1008551,0.551377722176,0.374417124411,-0.0711602720825,211.728248588,37.9352310957,0.530663067298,0.345465193613,-0.0568036724245,263.446892655,34.7139500763,0.489127350685,0.274367343319,-0.0116906129189
780,0.0575999999996,157.133854167,37.3562515974,0.629852824057,0.389495658223,-0.0978431378171,-136.153645833,34.3965134621,0.575159460593,0.420052803122,-0.127779348055,137.557291667,38.2649645805,0.539438826768,0.355851404369,-0.0914351933097,90.0796875,36.0774848461,0.54991916056,0.490077695809,-0.15905853454,25.2427083333,36.8939645886,0.475116852,0.498633225914,-0.148677355173,-90.6067708333,33.7592398524,0.423388667634,0.421246961574,-0.103252646673
781,0.0575999999986,213.228125,37.6045116782,0.647144745146,0.325373056345,-0.0118193650524,58.3916666667,34.9153048992,0.6204446631,0.359202434774,-0.0639562327851,98.5989583333,39.4639954567,0.619319569642,0.313018871238,-0.046521727767,135.50625,35.9449829459,0.541649580476,0.437502285,-0.109043687253,180.869791667,37.6103600264,0.51333286582,0.421327356715,-0.0996617367491,185.722395833,34.4604141712,0.471669575444,0.356759109534,-0.0491878901921
782,0.0576000000006,256.173958333,36.7663226128,0.588762829173,0.306212265743,-0.0278609983088,130.097916667,34.2816898227,0.565136527695,0.356386557221,-0.0861123468276,95.6942708333,38.335300386,0.54412467473,0.298405952752,-0.0601739486701,232.334895833,35.7042262554,0.526623707414,0.404552711872,-0.106991489367,201.225520833,37.2512010336,0.494173579889,0.382518319413,-0.0778091923999,192.603125,33.9921454787,0.439425899419,0.313036957523,-0.0398286011364
783,0.0576000000008,-149.090104167,36.0895281434,0.541622441079,0.421909152064,-0.0855701812561,-126.803645833,32.9372858405,0.447783768525,0.433150079101,-0.121040157159,-197.7421875,37.8274040222,0.510288065811,0.359111506958,-0.0942096684885,82.0817708333,34.0044289231,0.420537604913,0.483463740908,-0.14544311777,34.9307291667,36.01155442,0.42804480572,0.443107013591,-0.117417577683,171.571354167,33.7478638887,0.422605350506,0.384524168679,-0.071470672694
784,0.0576000000001,-109.868229167,38.3257408142,0.697380116317,0.37737833336,-0.0221338717092,-17.2734375,34.8779736161,0.617186022741,0.396431860048,-0.0577246117664,-1.15729166667,41.4123200178,0.749119073888,0.265195674263,0.030035481188,-30.9661458333,36.2364495397,0.559840310836,0.443822034635,-0.0946063135634,158.2796875,37.2081021667,0.491874476896,0.427358682267,-0.0890959943063,236.0703125,33.4401886463,0.401419691509,0.362483563134,-0.0586830407192
785,0.0576000000007,-177.615625,38.5446006656,0.712624239605,0.434597894549,-0.0758420605925,-144.4265625,34.5025246739,0.584413158425,0.447615064215,-0.116300072754,-148.4140625,39.0489720106,0.591670255648,0.37377712084,-0.0682335721722,122.9421875,34.8480657935,0.47318985104,0.53902465431,-0.158809655724,-54.4614583333,36.8994121552,0.475407451669,0.504743429832,-0.130181263688,-52.8057291667,33.7522164583,0.422905056306,0.477133552078,-0.110087623572
786,0.0576000000002,-101.434895833,37.9254053235,0.669495771433,0.340301617514,-0.0105100757646,-64.4875,33.6146409512,0.506909962903,0.453281693161,-0.127695131913,-104.557291667,40.7320799828,0.703800741881,0.298150001792,-0.0125345217675,29.9177083333,34.0607196689,0.424050768341,0.560869127512,-0.163492796186,-127.382291667,36.8563128114,0.47310832324,0.527779002208,-0.126553334354,-164.593229167,32.7710311413,0.35534337219,0.513769274577,-0.137848066992
787,0.0575999999996,-196.0921875,39.0703617334,0.749244782334,0.406496039359,-0.0506654728379,-104.219270833,34.1513239145,0.553756913215,0.435420844238,-0.0971819387159,-157.036458333,40.7169665694,0.702793869824,0.303136531496,-0.0304344262368,186.988541667,35.4033605456,0.507846368539,0.472758159973,-0.122095871367,81.3541666667,37.4679247141,0.505734674129,0.436290497892,-0.0912920541305,176.710416667,34.2415812016,0.456601347543,0.397028771229,-0.0661501497743
788,0.0575999999985,-110.784895833,39.3827370405,0.771002485556,0.369398098905,-0.0208142939682,5.58020833333,34.8248869181,0.61255209531,0.420468074735,-0.110044399443,-77.1203125,38.8226347566,0.576591421272,0.344966353383,-0.044187931846,-26.2338541667,34.793484211,0.469783358248,0.541903378442,-0.146918366721,-104.694791667,36.78031528,0.469054245621,0.548938534223,-0.160205161044,-97.6765625,33.2077368498,0.385413709177,0.5493433089,-0.178461151867
789,0.0576000000002,71.0072916667,40.0003305078,0.814019379233,0.345676609548,0.00234899745919,-125.273958333,35.3005256653,0.654070508,0.419196231291,-0.090257554195,-103.291145833,41.9766122699,0.78671283831,0.271299267886,0.00898452880807,-32.9770833333,34.8523113728,0.473454822014,0.562520310283,-0.166899226606,-212.6609375,35.2410313487,0.386941360904,0.611946679652,-0.207582533418,-129.461979167,33.2144656777,0.385877037501,0.537740270607,-0.152181179743
791,0.0575999999996,-208.925520833,37.7528752685,0.657478631635,0.380220758263,-0.0461129953837,17.7833333333,35.3523844481,0.658597250948,0.41378535796,-0.10941645829,-14.4890625,39.1653456688,0.599423195502,0.311295337277,-0.0476667966286,175.306770833,35.0551229715,0.486112502813,0.469674581196,-0.145885453443,99.6645833333,38.5690879822,0.564476073718,0.41015622695,-0.0944783155137,184.656770833,33.8292822838,0.428211594088,0.377107491251,-0.0610410410545
792,0.0576000000008,110.332291667,38.0027649999,0.674884061869,0.38148252829,-0.0657848670471,110.332291667,35.749515295,0.693262724468,0.345756043447,-0.0685926456681,176.710416667,39.2132514715,0.602614732256,0.261540517444,-0.0337790029607,257.526041667,35.5750358105,0.518560798663,0.336472012568,-0.0610599820684,257.526041667,38.5359493494,0.562708298015,0.304274316644,-0.0287919085231,272.066666667,34.6589266062,0.485338588006,0.270468862727,-0.0044465546689
793,0.0575999999986,-204.714583333,35.317402482,0.487842002583,0.396982985549,-0.060729092058,-177.140104167,32.2101554573,0.384312700391,0.47735344572,-0.157048264926,-93.465625,38.2721739411,0.539919122223,0.406437618192,-0.104893109172,-10.2666666667,33.9499275088,0.417136115504,0.560867554042,-0.187215128681,-116.628645833,35.9483478665,0.42467306102,0.554234181996,-0.186137568147,-51.940625,32.5059744716,0.337092309235,0.497422598768,-0.145719607943
795,0.0242583824833,72.6407407407,42.6704539546,1.0,0.148825044433,0.119720823357,-168.3,28.4507939374,0.0561587727572,0.0280739424871,-0.186451984776,-72.287654321,35.3394970364,0.344540992755,-0.0199899234016,-0.124951009535,-163.071604938,32.1916273612,0.307398792031,0.0259998984704,-0.180840960807,-125.834567901,38.0087178548,0.534583208125,0.109432725322,-0.00970584680154,-176.0,41.1598157529,0.932971681754,0.105904415526,0.11265044687
796,0.0575999999996,-218.7796875,34.4366751909,0.426497195279,0.492125748191,-0.183441380635,-200.979166667,32.7564505935,0.431998695379,0.569721690379,-0.216785201512,-155.919270833,38.016890347,0.522911851144,0.438534984132,-0.131873611943,-147.686458333,33.4051004648,0.383132898451,0.590988295618,-0.212995249691,-196.395833333,35.9848243594,0.4266188944,0.570980559802,-0.196212365113,-88.1375,32.9319984019,0.36642712877,0.448875935283,-0.108911135063
797,0.0576000000001,-197.954166667,37.5024520755,0.6400360445,0.523963757325,-0.109338840171,-129.736979167,33.2937745452,0.478901597438,0.519108850975,-0.134468310978,-106.757291667,39.6773538589,0.633533738776,0.335032995325,-0.0216480070931,-38.2364583333,35.2720605135,0.499651798279,0.503394771833,-0.110248284434,-54.0776041667,39.284522295,0.602640816464,0.443145056488,-0.0576178786832,45.6786458333,34.6081902981,0.481845027349,0.389100846602,-0.0145509887388
798,0.0225968379088,-78.2069444444,37.1986311277,0.618874173298,0.329356406505,-0.0118677432765,-215.309722222,35.7472545306,0.693065382785,0.336033158004,-0.0125211290069,-37.0944444444,43.8048087756,0.908509280669,0.236935015147,0.0499457961026,105.416666667,35.9996892611,0.545063857961,0.451206212242,-0.0648222410819,-83.8902777778,40.3917028109,0.661703205292,0.410396998127,-0.0156973900545,-54.5416666667,32.9966739019,0.370880503301,0.467051465064,-0.185462239043
799,0.0576000000001,-166.438020833,38.8830919266,0.736200982815,0.370290423278,-0.0417445720377,-45.3979166667,34.8345006108,0.61339127266,0.406163153239,-0.104798115673,100.730208333,39.680344522,0.633732980005,0.334366816329,-0.0603963540789,161.390625,35.9842903614,0.544102796767,0.471935761161,-0.108588948049,-31.0979166667,36.9993355274,0.480737849902,0.488261740655,-0.124325156794,108.453125,34.0906539559,0.44620891839,0.434697778895,-0.0828475612943
800,0.0576000000007,-117.3046875,37.2355527878,0.621445857118,0.416691266932,-0.0635240308329,-108.481770833,34.2731978893,0.564395268503,0.467976996675,-0.11403545519,-124.185416667,39.0882263184,0.594285420383,0.360632648692,-0.0705033360427,37.7322916667,35.1443921924,0.491683886843,0.475558280479,-0.128751140783,-21.2723958333,37.0593109131,0.483937228411,0.473146028351,-0.124698396052,90.3661458333,33.7811360955,0.424896381859,0.423911890946,-0.0976579605631
801,0.0576000000006,-68.5609375,37.0265195966,0.606886184716,0.329030533321,-0.0475357288251,139.8375,35.6291906834,0.682759612783,0.334561369848,-0.0728013509779,93.5630208333,39.4672524929,0.619536556941,0.280653342372,-0.0492078539983,224.388541667,37.0554658175,0.610955960417,0.379432737129,-0.068939371984,184.656770833,39.2631329298,0.601499803788,0.319688405143,-0.0220906120785,248.227604167,35.6622220278,0.55442271225,0.283446065383,0.00588631078426
802,0.0575999999986,257.526041667,37.4391651154,0.635627953127,0.270670271362,-0.0170085674945,150.402083333,35.4949797988,0.671044371067,0.281070449855,-0.0345521515701,169.8296875,39.8153030276,0.642724062638,0.21349298826,-0.0040348766197,189.778645833,36.8958069086,0.600991483448,0.291199964238,-0.0233659012238,211.589583333,38.6793990731,0.570360603342,0.299843179295,-0.0248446170826,227.585416667,34.7539100647,0.491878884022,0.230200669728,0.00154218874826
803,0.0576000000008,164.301041667,38.6053779721,0.716857527476,0.276997105218,0.00137629114147,164.690625,36.6463715434,0.771549129985,0.300035429886,-0.029963934614,218.183854167,40.6503155828,0.6983535085,0.254956687801,-0.0169197130163,272.066666667,36.4585674405,0.573702917836,0.345272518462,-0.060859695918,213.228125,39.1484155655,0.595380222131,0.274331295863,-0.00738328558509,248.227604167,35.4628553391,0.540694878157,0.260117465863,-0.0043523142765
804,0.0576000000001,-31.1953125,37.5022653341,0.640023037509,0.42950851866,-0.106437922716,-37.3484375,34.6901430488,0.600790329461,0.409711649874,-0.11121300736,13.6125,40.3768734932,0.680136498679,0.289868140593,-0.0337179589478,45.546875,35.4961810112,0.513639389411,0.473186118063,-0.141016555557,-3.39739583333,38.3352204561,0.552000443448,0.451747001382,-0.108097795302,57.6182291667,33.8263447285,0.428009322223,0.406858971575,-0.102698232971
805,0.0515084727657,-130.533333333,37.9134733924,0.668664683281,0.365450041561,-0.0269582350909,-58.2051724138,35.9049155137,0.706827578987,0.337270932465,-0.0354372080815,73.4913793103,39.2993624457,0.608351539142,0.309083275754,-0.0335340911476,58.691954023,36.0169143019,0.546138890501,0.438860022302,-0.0859087064605,186.620689655,37.6792803797,0.517009412372,0.404521440638,-0.0729257738928,254.529885057,34.7910532458,0.49443645987,0.324243113912,-0.0284107686683
806,0.0576000000002,99.378125,36.9969053864,0.604823482637,0.334333585808,-0.0463235220395,133.294791667,35.4908671379,0.670685377707,0.342452792916,-0.0825176944681,174.0921875,38.2153490782,0.536133387963,0.265699408483,-0.0489048698146,229.716666667,35.9028188586,0.539018076354,0.411682636477,-0.109228803298,165.080208333,36.9712440372,0.479239313307,0.38383134664,-0.0883146833839,256.173958333,34.1303084493,0.448939416193,0.345387252513,-0.0606245747358
807,0.0264562375954,-156.330952381,32.4890677588,0.290841579934,0.552967200322,-0.222479807213,-224.321428571,33.8523688998,0.527661188777,0.25798740238,0.00345441071217,-83.6785714286,33.7971920286,0.241790953359,0.540566114975,-0.278104701745,-129.197619048,31.9608001709,0.292992629307,0.482752139015,-0.200798694843,-65.9607142857,33.9868929727,0.320039525708,0.547932099551,-0.280977149627,42.0880952381,32.1548336574,0.312913732207,0.292399559436,-0.247744033379
808,0.0576000000002,272.066666667,38.1985530257,0.68852117615,0.278430351056,-0.0307997062082,222.8359375,35.0084459186,0.628574924358,0.273745959625,-0.0433751890887,203.259375,38.8695804477,0.579718994344,0.235250913538,-0.0325876292191,191.050520833,37.0527153611,0.610784301604,0.327941305004,-0.0572503544536,221.7703125,38.5806503296,0.565092865513,0.306426290656,-0.0350387932558,209.561458333,35.2462118268,0.525777410186,0.276801740751,-0.0107868056361
810,0.0575999999991,-118.186979167,38.6376084089,0.719102456133,0.375963203842,-0.0355839953172,-11.825,34.4658880234,0.581215152404,0.403956155758,-0.0792391862778,72.6802083333,39.2041715384,0.602009817219,0.323335428722,-0.0519202947944,84.6828125,35.3067480922,0.501816685796,0.451677788515,-0.117145828975,47.0307291667,37.716745913,0.519008005974,0.432649930008,-0.103347085567,73.4078125,33.9876860976,0.439118838874,0.372406315291,-0.0582149847842
811,0.0576000000002,208.495833333,37.713675499,0.654748271931,0.357408488635,-0.0418037036088,200.549479167,34.6129701138,0.594053919143,0.375916325022,-0.0744917054427,98.3125,38.9527338743,0.585258766192,0.30992368632,-0.0603504645842,224.388541667,35.9323524833,0.540861300291,0.405074049719,-0.082914112314,241.633333333,38.332790494,0.551870817459,0.339550147066,-0.0420382692027,256.85,34.9914893508,0.508237930984,0.290254897205,-0.00637861418818
812,0.0576000000001,-114.2109375,34.4987333417,0.430819697078,0.408132322365,-0.0959146000259,-149.869270833,34.0060045123,0.541072011178,0.460999619216,-0.144898931307,-151.811458333,38.3059809804,0.542171383999,0.398191435728,-0.107633781945,-143.005729167,34.7960211039,0.469941688346,0.531410557684,-0.175736651465,-158.7953125,35.3275499344,0.391556682683,0.553584545385,-0.189935899725,-27.0875,33.4798431396,0.404150189312,0.411639965605,-0.067548488774
813,0.0246058044719,-117.248717949,32.9047328509,0.319793669,0.576715342127,-0.245431485658,-172.079487179,33.2135378031,0.471897748,0.38084386633,-0.0783466519295,-36.3282051282,39.9119363932,0.649161882696,0.324415595486,-0.0284931310005,-59.3435897436,32.9703979492,0.356002666658,0.564289309658,-0.104618465456,38.9512820513,35.0601885869,0.377294329222,0.592316820071,-0.192068468654,124.723076923,31.002932842,0.233597055047,0.599003344774,-0.258831852044
814,0.0573404691472,-157.7640625,37.3079722524,0.626490049736,0.407435112633,-0.0709443974229,10.7135416667,35.3689933419,0.660047038027,0.389014229644,-0.0854448821865,82.0817708333,39.3606001139,0.612431259291,0.27732350817,-0.0219118353234,185.28125,35.7476725578,0.529335235902,0.416818465572,-0.0929697793399,201.225520833,37.5322263241,0.509164834466,0.374489309499,-0.0620963786623,256.85,34.8101471066,0.495751209869,0.296451190254,-0.0190002230524
815,0.0575999999996,256.173958333,35.8297852278,0.523530712495,0.321995438542,-0.0421634578815,82.4197916667,34.2468147874,0.562092292724,0.389720653649,-0.0894593629782,15.1651041667,39.0774915218,0.593570256547,0.309496764326,-0.054751430187,234.466145833,35.8122678399,0.533366693997,0.389696945902,-0.0685783677509,227.482291667,38.2117714286,0.545415072445,0.321756803198,-0.025687217043,207.0234375,35.3655221462,0.53399278599,0.264080508612,0.00965984967979
817,0.0576000000006,-236.5,36.554539144,0.574011593222,0.451247547753,-0.0840635352361,-117.3046875,35.1264744997,0.638877615991,0.446115485393,-0.105030802086,-69.6265625,39.2647355795,0.606044659602,0.298456271412,-0.015024420908,150.0640625,34.4624435306,0.449122768372,0.510215999093,-0.146464819947,11.1890625,39.3647920489,0.606922795193,0.4036550452,-0.0670479519831,81.3541666667,33.6502634287,0.415884855063,0.384554854129,-0.0707232534578
819,0.0576000000002,-148.4140625,36.5399054289,0.572992319214,0.47108557215,-0.12012139312,-65.2151041667,34.2962161899,0.566404531429,0.462716678157,-0.138456299785,-140.467708333,39.0270758271,0.590211508056,0.363724814728,-0.0649229025894,130.636458333,35.6036619544,0.520347385794,0.509369651321,-0.150785586215,164.197916667,37.2958487868,0.496555308003,0.416700210422,-0.0842190054391,224.388541667,33.7692264915,0.424076319742,0.372887982288,-0.0728318245765
821,0.0576000000001,-212.6609375,33.9244258404,0.390817776668,0.557359911501,-0.174647038892,-203.786458333,31.8213016987,0.350369732289,0.59839875577,-0.229902372987,-101.411979167,37.297450304,0.474981971916,0.454202832188,-0.11495212029,-25.5348958333,33.4793357849,0.387766001249,0.607480206992,-0.229195615393,-85.8630208333,35.2645834684,0.388197745417,0.552296368871,-0.191176565175,-59.3484375,32.3921382725,0.329253866092,0.49906882667,-0.157131291762
822,0.0575999999997,242.309375,37.6676651239,0.651543536915,0.279523516307,7.09593587089e-06,242.561458333,35.8934460282,0.705826409859,0.302489142632,-0.0449838699742,216.4421875,38.8339577913,0.57734577418,0.260108153801,-0.0312601736969,198.6875,36.3572019935,0.567376595867,0.35404089978,-0.0615251106392,219.822395833,38.0647965074,0.537574715953,0.310066154692,-0.0358031123978,249.5796875,34.5548903942,0.478174944637,0.275101704756,-0.0127117615957
823,0.0576000000002,-61.0041666667,36.8854729533,0.597061941458,0.36569261644,-0.0422152962032,-64.8255208333,34.1523925662,0.553850195609,0.444801399484,-0.108488517988,-140.416145833,39.917737484,0.649548357685,0.321525006322,-0.0451925865073,168.036458333,35.4846451283,0.512919423073,0.457557421178,-0.114129737083,19.1354166667,37.5369791985,0.509418375881,0.459413751028,-0.11265272212,89.3005208333,34.5040206313,0.474672194655,0.38651671377,-0.0709227491934
824,0.0576000000001,16.809375,39.3500521183,0.768725900879,0.281028302386,0.0479571849137,-24.6067708333,35.0057222843,0.628337178861,0.418143964838,-0.0904920271496,-79.3145833333,40.5412585139,0.691088007797,0.301273691235,0.00398151127774,-59.8755208333,35.6095634699,0.520715705455,0.483813519124,-0.0950063223863,-71.0302083333,36.9321500659,0.477153850911,0.504005671013,-0.105172136507,-38.1791666667,33.2742010355,0.389990247617,0.460181632079,-0.099575019558
825,0.0570254353212,26.2739583333,37.1224373579,0.613567091104,0.333420840325,-0.0260764510695,-108.653645833,33.6916000843,0.513627710498,0.412568284664,-0.112466868362,-151.983333333,39.8139137626,0.642631508287,0.332408258691,-0.0402506485634,9.33854166667,34.6053865552,0.458043989788,0.503754070029,-0.133783962152,-144.764583333,36.7854421139,0.469327735854,0.510044046445,-0.130147348147,77.0916666667,33.9489130378,0.436449034123,0.432122611208,-0.0731872759497
826,0.0484468673026,-126.275925926,39.6143009045,0.787131474353,0.398593913074,-0.0341487193709,-50.3962962963,36.1164639084,0.725293596757,0.370903567583,-0.0482777030147,-158.956790123,41.1911474157,0.734384314251,0.301448941507,-0.0128201717798,-114.189506173,34.9495898353,0.479526071068,0.526021147768,-0.149785911147,-57.1592592593,37.0842063339,0.48526527113,0.485756550122,-0.111731821861,55.4549382716,35.151442775,0.519251877619,0.394229709826,-0.0559906289477
828,0.0472990269504,105.261006289,37.2145952189,0.619986111248,0.192342351068,0.0163492112561,31.0006289308,31.8698115079,0.354604143994,0.242029620295,-0.104279754614,-18.0635220126,36.1521069149,0.398677947899,0.220075222519,-0.0869004403434,19.5025157233,33.6186769234,0.396462425237,0.279418845679,-0.121897357824,63.5232704403,35.7598728684,0.414618888764,0.216711210584,-0.0841906684789,101.781132075,34.8122106588,0.495893300316,0.205844793161,-0.0397018310241
829,0.0575999999996,-157.9875,39.9201939106,0.80843766948,0.361229014117,-0.0115385746094,-65.3010416667,35.789249897,0.696731150059,0.443450194318,-0.109349930601,-13.5494791667,40.7931770086,0.707871092287,0.289217181969,-0.00267508890283,-35.8875,34.9869229198,0.481856067327,0.553656276315,-0.178533822531,-148.6375,39.4976142645,0.614008177592,0.5204757764,-0.142849431584,-123.394791667,33.4880679846,0.404716529193,0.504743554629,-0.144682810871
830,0.0575999999996,-27.8151041667,37.3166239858,0.627092664102,0.416059963871,-0.108503172167,-34.4036458333,35.2928356528,0.653399248325,0.371870781528,-0.11396806081,56.1515625,39.3457527161,0.611442109479,0.306008346844,-0.0592435816689,125.4859375,35.438795805,0.510057919577,0.393969692988,-0.115734559817,76.7536458333,39.1777893305,0.596947161491,0.335900983773,-0.0487387811581,180.972916667,35.8140572309,0.564877660827,0.306990369572,-0.0307330116993
831,0.0576000000001,-183.247395833,38.0048207641,0.675027250868,0.452039638069,-0.0487189227315,59.3255208333,34.6764709949,0.599596898573,0.494764472358,-0.090289369633,-80.8557291667,40.8059419394,0.708721505875,0.323386949953,0.00664416622021,-149.141666667,33.6812394261,0.400367015483,0.541879237164,-0.146489910665,-163.630729167,36.0307008624,0.429066169996,0.462990400149,-0.0457953675868,-172.929166667,33.6371253729,0.414980205186,0.394168168306,-0.0166002220503
832,0.0576000000001,-132.521354167,35.514980346,0.501603783457,0.46338942647,-0.113460688073,-80.8557291667,32.9280996621,0.446981908815,0.47741793422,-0.136493722122,-45.7875,37.698106885,0.501674149705,0.419252142776,-0.102649307733,21.6677083333,34.1022433043,0.4266423012,0.562259983271,-0.16705241222,-92.7895833333,35.8457538486,0.419200197567,0.593826809432,-0.183054949288,-154.905208333,32.5664574206,0.3412569964,0.517437588889,-0.134061947818
833,0.0576000000002,-48.3255208333,37.4665629268,0.637536277621,0.375233362429,-0.0495868335579,-55.8651041667,34.7748981714,0.608188587447,0.408770476002,-0.103277611342,-57.13125,38.5947492123,0.561409438113,0.33540894324,-0.0591108870576,102.655208333,35.5651290417,0.517942507017,0.437607406406,-0.113933653818,27.0817708333,37.535163641,0.509321525222,0.446167788235,-0.0960617504097,57.5151041667,33.7682652473,0.424010131154,0.399242092622,-0.0680355506065
834,0.0551469962298,-178.472043011,36.3434874012,0.559311323765,0.381896957274,-0.0707910635955,-64.0720430108,33.8591663607,0.528254537803,0.46113007011,-0.14116846067,-73.4930107527,38.2775083357,0.540274505401,0.366264408875,-0.0858622618684,36.7376344086,34.7047945453,0.464248144854,0.491343636186,-0.147959311373,46.9215053763,39.5235415428,0.615391264605,0.270770653722,0.00269353738704,249.954301075,35.2539659931,0.526311340447,0.268722223899,0.019190755117
836,0.0576000000002,-24.3260416667,39.1084406972,0.75189707518,0.363638245966,-0.0114270756658,-42.075,35.3125960231,0.655124127158,0.431852181442,-0.100558050552,-62.63125,41.7917194366,0.774395076387,0.306719732936,-0.0149619564454,-6.38229166667,35.4568205476,0.51118286233,0.532996859867,-0.156518930958,-179.185416667,36.6665058732,0.462983098832,0.542985314736,-0.171568935257,-148.161979167,33.7208402157,0.420744575756,0.486804943997,-0.118241258759
837,0.0576000000001,172.826041667,37.2604932785,0.623183023223,0.246780084446,0.00207702453554,150.4421875,35.3804220557,0.661044648206,0.263079894939,-0.0259954367357,174.670833333,38.9322784543,0.583896003832,0.218615619931,-0.0132640797729,188.042708333,35.5675055981,0.51809083035,0.28503767238,-0.0311242802791,158.388541667,39.8033134341,0.630315656781,0.260476464638,-0.0266296651334,194.247395833,34.4341384172,0.469860300316,0.234223279636,0.0101246981922
838,0.0576000000002,-190.701041667,34.9181084037,0.460030194613,0.449173893314,-0.108293346872,-174.670833333,33.9354544282,0.534913708213,0.484333851375,-0.137453481031,-131.066145833,38.1135030985,0.529348297872,0.407392095076,-0.0907693059344,-24.7557291667,33.9019150138,0.41413960623,0.537974489387,-0.150960755855,-0.309375,36.4721056819,0.452612847981,0.465351666324,-0.109032944441,107.324479167,34.2223010659,0.455273771181,0.399053741246,-0.0530007725392
839,0.0576000000001,42.2984375,38.289077282,0.694826411732,0.356326485053,-0.0495509205011,43.7536458333,34.7936971784,0.609829549066,0.347618789179,-0.0560927629995,50.634375,39.7864099741,0.640799175943,0.271747183288,-0.0321512153478,175.306770833,35.7706909776,0.53077183919,0.401437686756,-0.0797097704417,89.3005208333,37.863240242,0.52682272534,0.369743528776,-0.0408830094525,49.56875,34.5439151525,0.47741922011,0.33706132276,-0.0314805931484
840,0.0160384028831,-185.359649123,39.0796143381,0.749889248853,0.0520835734512,0.0822920086549,-168.3,27.8074338813,0.0,0.0299006038787,-0.222157083844,-168.3,30.1678464789,0.0,-0.0565623246918,-0.183544356572,-168.3,30.550574654,0.204979002101,0.00739328047348,-0.241606280992,-168.3,34.1957130432,0.331179002987,-0.0806885462156,-0.171209474535,-168.3,27.6104478334,0.0,-0.00709312904234,-0.191125074892
841,0.0576000000001,43.415625,38.7207093835,0.724890642014,0.320176177425,-0.0506658264767,117.980729167,35.8767299056,0.704367262803,0.319405984832,-0.072153654894,136.0046875,40.2729976773,0.673216178691,0.260018892121,-0.0506469617349,206.805729167,37.7347705364,0.653352067692,0.386261422653,-0.0854169467457,166.7703125,40.0242298841,0.642100413721,0.336951256264,-0.0354232178611,217.169791667,36.111584723,0.585364574038,0.332461711951,-0.0223327948333
843,0.0422933774965,7.95972222222,37.5945522785,0.646451048628,0.333478301764,-0.0639296079074,68.0395833333,35.5360492865,0.674629318573,0.304585221534,-0.0609399080555,101.245833333,39.3426551024,0.611235743084,0.243644970159,-0.0274061940606,152.28125,35.3764703274,0.506168122317,0.361956882601,-0.124151117716,142.205555556,37.5598019759,0.510635853731,0.315496066275,-0.107987929834,160.554166667,34.3397066593,0.463357992863,0.25771773203,-0.0535551528962
844,0.0575999999997,115.84375,38.8598869443,0.734584699113,0.317230750341,-0.0406244132791,145.601041667,36.1098490357,0.72471618582,0.331851487048,-0.0615241975984,165.080208333,39.1605391502,0.599102980001,0.28408742696,-0.041906400309,210.913541667,36.8757526278,0.599739875128,0.384870567825,-0.0719244639222,172.8203125,38.4046758413,0.555705531199,0.343230911065,-0.0582206553136,248.227604167,34.9707939625,0.50681290427,0.304011784261,-0.0299203141694
846,0.0576000000007,152.871354167,38.4915147424,0.708926675374,0.318153404165,-0.0410304593679,217.5078125,36.1319067478,0.726641599169,0.293693365995,-0.0514374872187,225.454166667,39.656525135,0.632146106504,0.239924957044,-0.0199359852722,243.088541667,35.9625808001,0.54274788068,0.322368991561,-0.049543726318,257.239583333,39.7293186784,0.626368416947,0.265924557345,-0.00765074206527,264.1203125,35.1918973327,0.522037465619,0.263074121671,-0.00257998171628
847,0.0576000000002,136.434375,37.7780565023,0.659232566089,0.327686247882,0.00454931694549,38.29375,34.9535970688,0.62378717905,0.389201955171,-0.0889887635494,0.441145833333,40.4702811837,0.686359420755,0.312142238021,-0.00937248049559,70.4,34.6181506515,0.458840610184,0.49494616501,-0.114917136176,-36.2598958333,36.71601367,0.465624085284,0.534403095953,-0.128607783452,22.8994791667,33.7343518734,0.421674950818,0.50295766443,-0.111472121716
848,0.0576000000006,-133.248958333,33.8931297362,0.38863792656,0.0735822258339,-0.138138790673,-44.6072916667,35.2474934459,0.649441335999,0.290984944091,-0.0423081316439,-157.6609375,43.1660314798,0.865953241513,0.142787189849,0.06016394365,-168.3,27.3602521718,0.00586768957263,-0.142913984018,-0.327097632457,-164.799479167,41.3962445259,0.715290341727,0.0968716939096,0.0507518018039,-80.1567708333,36.3555729091,0.602164919979,0.0838698210318,0.0306222197833
849,0.0576000000001,27.6604166667,37.0779233575,0.610466582234,0.337523018825,-0.117723664567,-28.5885416667,33.9263222814,0.534116564911,0.359601910226,-0.11766035053,53.3442708333,38.3494539857,0.54506760296,0.267939552548,-0.0750501527382,123.692708333,34.8562902808,0.473703149765,0.378417735919,-0.132617045412,76.79375,36.4309296608,0.450416318929,0.358567946823,-0.129419701174,125.5890625,33.6645228267,0.416866717434,0.320058326586,-0.102413450582
850,0.0576000000008,-224.342708333,38.5810779333,0.715164970411,0.430361301173,-0.0510009829341,44.5729166667,35.3144121766,0.655282658842,0.443759450456,-0.0860017536033,-49.2364583333,40.8838610649,0.713912562884,0.268281164346,0.00294724752348,-34.7989583333,35.3696077466,0.505739821582,0.432847973192,-0.0785634544336,156.927604167,37.9986792803,0.534047701779,0.403008235153,-0.0433740446751,177.638541667,34.2303653359,0.455829054321,0.389503941406,-0.0502102900118
851,0.0575999999997,-147.927083333,38.407533288,0.703077161923,0.301784698735,-0.00761827552196,-64.453125,34.5985504985,0.592795233763,0.356961169513,-0.0695558438655,-48.7953125,38.7049277425,0.568749651795,0.324074837845,-0.0521820047888,64.3442708333,35.208506763,0.495685343241,0.472866371507,-0.124310990269,-83.7260416667,36.8472338915,0.472624009536,0.452121137176,-0.112829552381,45.7473958333,34.3894367814,0.466782270359,0.414688883815,-0.0642578605402
852,0.0575999999996,9.83697916667,37.8443875909,0.663852688443,0.366861033021,-0.0160466495645,-104.694791667,35.6025938392,0.680437979484,0.409196392167,-0.0749197332061,22.61875,39.206469059,0.602162880546,0.342409015982,-0.0553421695049,119.527604167,36.0004994869,0.545114424988,0.479976930656,-0.111789259343,-31.0807291667,40.4769837856,0.666252506888,0.447117153788,-0.0881978861507,212.552083333,35.3218086958,0.530982799723,0.316869843518,0.0165239028211
853,0.0576000000006,-189.297395833,38.7340071797,0.725816866007,0.41595891444,-0.0563518054751,-197.495833333,34.2393914461,0.561444310725,0.446741797496,-0.1322337116,-158.778125,40.5930092335,0.694535697097,0.317990292329,-0.0202332658282,40.21875,35.4299836159,0.509507941778,0.506018245593,-0.148232430627,91.3286458333,37.3732348084,0.500683454436,0.423393880483,-0.0786512905111,189.795833333,34.5244218111,0.47607696299,0.35207067756,-0.0386059584898
854,0.0576000000001,-218.476041667,35.3715569377,0.491613992711,0.383265427547,-0.0638560569623,-161.195833333,33.4320440888,0.490971118707,0.481286337133,-0.138517041865,-147.296875,38.6867696047,0.567539936878,0.347679422703,-0.0678105420411,88.1833333333,34.2560005784,0.436238451068,0.518359633163,-0.152013923973,-80.2942708333,36.364331305,0.446863639012,0.471478897613,-0.129516729448,36.8729166667,33.2324908376,0.38711819973,0.417402696796,-0.0856270600234
855,0.0576000000001,-228.553645833,34.6902763247,0.444161133757,0.482260842109,-0.176334240299,-190.701041667,31.9273678064,0.359628221973,0.528899851488,-0.20705562213,-216.344791667,36.4620651603,0.419327703793,0.451627726899,-0.159589694173,-189.159895833,32.9842301309,0.356865947366,0.606296402635,-0.258115899633,-235.434375,34.5576410294,0.35048600048,0.630576299969,-0.271626469563,-206.45625,31.8531859815,0.29214311463,0.578551454004,-0.219027020561
856,0.0576000000002,-144.1,34.3714391589,0.421953346288,0.482024485013,-0.200830745671,-224.629166667,31.2483569086,0.300357494253,0.553632483352,-0.245514050825,-197.255208333,35.6706334352,0.366601660298,0.462329280796,-0.180669316003,-96.834375,33.2032240331,0.370533582392,0.547246078495,-0.191073045295,-116.2390625,37.8773928285,0.527577693073,0.517380511388,-0.171658160631,-187.166145833,32.9381136298,0.366848206309,0.502936800476,-0.161813515297
857,0.0576000000008,239.502083333,38.1542793512,0.685437406568,0.252848535427,-0.0144584634036,207.2296875,35.2156103849,0.646658269881,0.2485868613,-0.024775629634,221.953645833,40.1460498571,0.664758776647,0.220645840745,-0.0159169233993,227.76875,37.0697253942,0.611845915294,0.2941545957,-0.0284738847258,176.303645833,38.5795288682,0.565033041313,0.303424534621,-0.0369680482527,265.1859375,35.583741188,0.549018740533,0.272591239773,-0.0104553582478
858,0.0576000000008,-229.28125,37.0464400649,0.608273693998,0.44175015064,-0.0710988014489,-169.19375,34.439666152,0.578926250409,0.459229276981,-0.118567996848,-117.3046875,38.6699996591,0.566422704836,0.311470681801,-0.028052796577,25.678125,34.5528608561,0.454765806797,0.527328283526,-0.163478300965,-82.8151041667,38.3546336889,0.553036039621,0.463888007216,-0.125017079292,65.1234375,33.3842988014,0.397571272683,0.401400650851,-0.0883376964848
859,0.0310050037098,-73.5847619048,40.8572102138,0.873703143981,0.123398580189,0.120732107439,-51.04,33.1388818468,0.465381044265,0.18068164116,-0.0268183788019,-8.34952380952,38.5545879909,0.558733853805,0.157405223378,0.0609865203433,21.6123809524,35.5937527793,0.519728943967,0.159601384614,-0.0144270158672,125.82952381,37.4740053449,0.506059044526,0.418729098354,-0.0876355991067,125.82952381,36.0102139064,0.578384462362,0.269801038929,0.0119200468063
860,0.0576000000002,-99.5385416667,37.5816807151,0.645554512791,0.249939264206,0.0387269875973,-129.903125,35.846688211,0.701744929187,0.39315336803,-0.0711167172522,-43.3182291667,40.6230785251,0.696538946052,0.29339153762,-0.0150026872316,50.8692708333,35.3350535631,0.503583259396,0.46682228148,-0.127631259333,-34.6442708333,37.2904545665,0.496267554077,0.478549037827,-0.115877896842,9.83697916667,34.2331693172,0.456022128652,0.405775750289,-0.0742714144644
861,0.0576000000006,-11.9739583333,38.0799105167,0.680257435574,0.357757681748,-0.0220543874111,-24.7557291667,32.7262768149,0.429364832186,0.517209656537,-0.159918172867,-4.3140625,40.1830607653,0.667224483657,0.361247902969,-0.0489077845086,-28.2791666667,34.9738115072,0.481037770565,0.583323738538,-0.161032270058,-220.607291667,37.9438836575,0.531124636989,0.591494204011,-0.151717224217,-118.708333333,33.8030058742,0.426402273814,0.495088163763,-0.116320266374
862,0.0404334328858,-174.071014493,40.2109159387,0.828687168923,0.363595987468,-0.00921877105366,-78.1956521739,35.7197870172,0.69066774894,0.377418754541,-0.0549941922528,-36.0130434783,41.3227374865,0.743150988082,0.286494188659,-0.0078875754312,142.641304348,35.5735170945,0.518466014034,0.486414064856,-0.130517391549,190.204347826,38.2041665782,0.545009392772,0.354535256391,-0.0488812554547,251.836231884,35.5371081311,0.545807718303,0.311138996611,-0.0119277254638
863,0.0228001341614,-231.253846154,36.9410092163,0.600930177842,0.324461245537,-0.020418709591,-25.158974359,35.8693232727,0.703720739274,0.37202734828,-0.0653036375344,-64.2794871795,39.5155986023,0.622757427404,0.272753149271,-0.0288642500155,145.637179487,35.1045755005,0.489198886087,0.411183241606,-0.0906448744237,70.0192307692,37.4308799744,0.503758527701,0.385838370323,-0.0705137544125,96.0243589744,34.1957923889,0.453448457623,0.34283803761,-0.0346908418462
864,0.0576000000002,-59.0104166667,37.6088379622,0.64744608139,0.396442566533,-0.0763435726876,50.8864583333,35.7466316223,0.693011009244,0.374212074559,-0.0794932645658,52.3760416667,39.8053699732,0.642062311732,0.304178927792,-0.0328487815304,240.957291667,35.9894709587,0.544426123182,0.414244863903,-0.0765712832581,217.794270833,39.5657612681,0.617643469913,0.330537165748,-0.0272936912527,248.227604167,35.0420652628,0.511720447214,0.288620589767,0.00130502576394
865,0.0576000000006,-152.7109375,36.0766835809,0.540727785922,0.372378635919,-0.0616827776171,-125.9671875,35.3879525661,0.66170198498,0.35596299544,-0.0628038328869,-68.9046875,41.4214528799,0.749727515107,0.276716688182,0.000535737237442,64.796875,36.1789308786,0.556250511951,0.381339402637,-0.0406481565151,164.873958333,38.0225517154,0.535321173469,0.355819945224,-0.0366953027897,200.549479167,35.6928242445,0.556529895535,0.299462331226,-0.000589746265177
866,0.0576000000006,228.261458333,38.9752444625,0.742619632056,0.31918434659,-0.0153624357433,196.476041667,35.3065617681,0.654597398224,0.303759587463,-0.0451740428816,237.663020833,39.6895845532,0.63434856095,0.228724979097,-0.0169009528054,244.54375,36.7212476134,0.590097058019,0.338698121253,-0.052659288107,229.716666667,38.2507047057,0.547491962635,0.338122155052,-0.0457181932397,218.5734375,34.8856371045,0.500949240558,0.254912681645,0.00674336531779
867,0.0575999999996,-123.119791667,37.6331644058,0.649140477618,0.390514923725,-0.0726867335779,79.8015625,34.1554365754,0.554115906574,0.351352205267,-0.0689008827776,37.3484375,39.2073226571,0.602219748183,0.279547676211,-0.0387235734634,180.634895833,35.9936364889,0.544686098213,0.417012046091,-0.103164845219,125.921354167,38.0278923512,0.535606068933,0.367050086847,-0.0494098099557,193.66875,35.0232394934,0.510424157242,0.346511847572,-0.0399179496983
868,0.0576000000001,164.490104167,37.165590167,0.616572789677,0.268337143469,-0.0761757330474,113.517708333,35.155153513,0.641381001417,0.285419361549,-0.0724941255758,141.430208333,39.8609127402,0.645762631367,0.230163559667,-0.0319732368253,136.291145833,35.7628133893,0.530280190791,0.332852331689,-0.0818513415652,142.289583333,38.7264501452,0.572870536164,0.278373532929,-0.0353973115405,212.36875,35.4382885695,0.539003278926,0.247508217377,-0.0106243587215
869,0.0576000000008,-187.89375,38.0681609511,0.679439049627,0.307297259569,0.0293841916064,-92.5375,33.8532081842,0.527734449755,0.47112787189,-0.111367138074,-151.897395833,39.6087803841,0.628965299193,0.331551634474,-0.0367580818438,-94.66875,34.3002747893,0.439001650179,0.548307610676,-0.154641048874,-196.0921875,35.347684145,0.392630739314,0.596187768038,-0.188631946919,-187.75625,32.3185440898,0.324186375945,0.543715045322,-0.162488361879
870,0.057599999999,-216.344791667,36.1629619598,0.546737285781,0.425250862027,-0.0979709902749,-71.1791666667,34.3417179585,0.57037637186,0.439738669433,-0.126253869152,-104.030208333,37.4805288315,0.487178862811,0.304321200354,-0.0387396450988,72.1416666667,34.0675822496,0.424479069076,0.483381580096,-0.158073885133,-41.525,37.6387190223,0.514845672466,0.407194889616,-0.09857351553,22.0458333333,33.4533532858,0.402326171863,0.362310810713,-0.0693566183763
871,0.0575999999985,-198.847916667,38.9100887179,0.738081375282,0.429142596666,-0.0744532716635,-94.4796875,35.4858471751,0.670247186142,0.442603984382,-0.113746400049,-188.197395833,38.948781848,0.584995477891,0.359715834493,-0.0687885977241,46.0338541667,35.161241591,0.492735475168,0.509823200759,-0.141177426427,58.1911458333,37.205377996,0.491729156394,0.455389844021,-0.113758080406,120.747916667,33.6479403973,0.415724897599,0.445768078789,-0.0993004159664
872,0.0238840470235,-164.483950617,39.2111008256,0.759047603903,0.236709600797,0.0629654959258,-13.7975308642,34.6039907667,0.593270113708,0.416608207756,-0.106175671711,98.4160493827,40.941885489,0.717778213213,0.287619362275,-0.00402530506512,-83.7358024691,35.3682968705,0.505658008453,0.463419515778,-0.101436992917,-89.1407407407,37.146617183,0.488594569094,0.459738595618,-0.0983867081469,-93.5950617284,32.746106395,0.353627123685,0.478676859979,-0.115157671342
873,0.0576000000002,-117.665625,35.5965053439,0.507282198717,0.382816113066,-0.0790350918596,-121.6015625,33.7219885588,0.516280314457,0.376768855378,-0.0998818568478,-59.7838541667,38.2348428965,0.537432087369,0.342138934648,-0.0643470748983,-45.6213541667,34.6473639607,0.46066384291,0.522089466453,-0.148677308753,-102.78125,36.1786903739,0.436960649663,0.491352661978,-0.143030600797,-72.8578125,33.5654805899,0.410046945266,0.49352183938,-0.12836206457
874,0.0575999999996,-236.5,38.6497318745,0.719946885124,0.419273500331,-0.0568658950833,-109.833854167,35.3691535592,0.660061023362,0.416635864414,-0.0917605080249,-124.185416667,40.0508795977,0.658418430308,0.320804355899,-0.0471212224875,129.032291667,34.9059052467,0.476799670897,0.496464749333,-0.138464071671,-32.0260416667,36.8207441568,0.471210918369,0.481389703695,-0.127440231132,95.8432291667,33.6187801957,0.413717007456,0.418668875471,-0.072957278273
875,0.0576000000008,142.490104167,38.2998920679,0.695579687993,0.281063233037,0.000231674145653,180.972916667,36.6234595776,0.769549148993,0.30638592015,-0.0501142468568,222.8359375,40.1437543035,0.664605844361,0.218315259321,-0.0112224398981,221.380729167,37.3864263296,0.631611546909,0.3084065984,-0.0428990104128,164.180729167,38.5413969159,0.562998897684,0.258122552186,0.00154807939452,264.1203125,35.5636065602,0.547632326222,0.257771678502,0.00355812748967
876,0.0575999999996,-123.509375,36.2152737975,0.550380933065,0.384013536852,-0.0434882995687,-130.189583333,33.6669271588,0.511474015687,0.467361785006,-0.122067340417,7.115625,39.201448679,0.601828417361,0.336894829525,-0.0624194021802,123.452083333,34.9789919257,0.48136108582,0.473988984246,-0.127583347494,44.3265625,37.44506675,0.504515319254,0.465076743159,-0.111557671516,121.0859375,34.0120393038,0.440795732722,0.3972561392,-0.0714517971755
877,0.0575999999996,-44.0515625,35.4625614285,0.497952677808,0.346420377493,-0.11284302251,-9.88854166667,34.7036005855,0.601965035192,0.379754814086,-0.106560268759,87.2609375,37.8507961035,0.511846471742,0.313366772141,-0.0672827875442,115.935416667,35.3601545095,0.505149835319,0.40508313803,-0.117705571844,125.5375,36.9021888971,0.475555576579,0.364896697924,-0.0785784350774,205.877604167,34.3092202544,0.461258784058,0.31357596512,-0.0277871069065
878,0.0473298194552,-139.869230769,40.1579024975,0.824994653243,0.249232313667,0.0762107642367,-116.268589744,34.8279603078,0.612820370893,0.422035756019,-0.077562959811,12.6006410256,41.8949137468,0.781269993719,0.275258950029,0.0179211755122,-16.0346153846,36.1583586473,0.554966577799,0.49685203284,-0.110814461664,-106.488461538,38.6819752913,0.570498031339,0.430394017926,-0.0668430678802,17.1980769231,33.6929801794,0.418826211369,0.477920709321,-0.0985546764882
879,0.0575941445666,-196.768229167,37.9348581433,0.670154183426,0.359885914251,-0.0281100450666,-133.672916667,34.8489729762,0.614654562587,0.465694261715,-0.135131967516,-207.859895833,38.7856246233,0.574125765885,0.366273453459,-0.0693453747526,73.2703125,34.2518615723,0.435980131431,0.530925716273,-0.147715346378,-85.9604166667,36.2997094989,0.443416397856,0.476873522159,-0.138006200083,185.1953125,34.2786716819,0.459155294562,0.380614097696,-0.052840540397
880,0.057599999998,-194.436458333,38.9242416024,0.73906715826,0.427514493,-0.0544490628599,-47.9416666667,35.3619437218,0.65943167807,0.429036403075,-0.0860472609384,-91.1338541667,39.4890426993,0.620988244226,0.336379215587,-0.0431418569306,97.6479166667,35.6507931948,0.523288895056,0.473880338483,-0.108359419442,99.9510416667,37.812450707,0.524113364739,0.456656428985,-0.0954092180764,176.710416667,34.2562142611,0.457608939204,0.388316673227,-0.0521706157419
881,0.0300179330667,129.891666667,36.1992516518,0.549264951474,0.364812959917,-0.0409938423327,25.2083333333,34.6241852045,0.595032882209,0.417848280631,-0.0855579128256,-28.9895833333,39.9352542162,0.650715341463,0.379541235976,-0.0668760936824,0.389583333333,33.9895015955,0.419605975019,0.613722164184,-0.201966155553,-197.24375,36.0491794348,0.430051906839,0.601785263047,-0.186882075388,25.2083333333,32.8615016937,0.361572922083,0.655892042443,-0.251877247822
882,0.0576000000002,195.696875,38.8660284877,0.735012472613,0.282444027485,-0.0262012088788,188.919270833,35.7981680036,0.697509609826,0.292409658898,-0.0501756429512,206.943229167,39.5035152435,0.621952420883,0.252848998643,-0.0403245624057,247.889583333,38.1515285969,0.679362367555,0.312872873619,-0.0373018743339,244.54375,39.6625604033,0.62280720616,0.307427689666,-0.0231494552545,264.1203125,35.8480769992,0.567220167177,0.284957706928,0.00238560596836
883,0.0575999999986,44.5614583333,35.681635201,0.513211701221,0.390210860875,-0.0477981650438,-47.1625,33.6757392287,0.512243219535,0.459305054508,-0.124978713866,-147.886979167,37.9763547182,0.520211323405,0.378219888546,-0.0766602484337,-4.09635416667,35.0568320751,0.486219169729,0.500313131604,-0.155339504534,-106.15,36.5003046393,0.454117117398,0.528089938452,-0.175723074179,139.310416667,33.6119711399,0.413248154866,0.41836864152,-0.0789487928487
884,0.0576000000006,-169.079166667,31.0181477666,0.188388409248,-0.0552442508488,-0.236841461621,-132.888020833,35.0760053992,0.634472178137,0.182772368542,-0.022648352287,-118.6109375,39.2778732777,0.606919907363,0.108423678277,0.0136244109945,-162.1984375,27.8270255923,0.0349994995824,-0.135193020105,-0.319994813297,-149.605729167,33.6753645539,0.303421086046,-0.0317656575025,-0.180906182504,-154.538541667,28.6715701222,0.0730659210256,0.0106084411818,-0.190632694685
885,0.0235187810886,-159.232051282,35.3373763745,0.489233232984,0.44984901066,-0.113960042596,-236.5,33.9886388045,0.53955616196,0.317796079012,-0.0107686822359,89.7769230769,41.5165645893,0.756063960775,0.245747018319,0.00930766514144,94.1769230769,35.2250420497,0.496717327519,0.518424020364,-0.103395192812,175.929487179,35.3154882284,0.390913252676,0.676270129589,-0.299438870297,6.21923076923,31.0853597201,0.239272739962,0.579958720849,-0.285838828064
886,0.0576000000002,-176.4125,34.60023278,0.437889380902,0.499481949024,-0.164612801465,-187.653125,33.6216905117,0.507525317657,0.382207287475,-0.0707290916616,92.0390625,37.7221928835,0.50327878516,0.420878719538,-0.114586737373,78.4208333333,33.646391511,0.398192121199,0.559663656168,-0.207546007005,-105.141666667,35.3454411626,0.392511087734,0.53304048127,-0.180838916624,-30.2385416667,32.3216949403,0.324403334724,0.518433575926,-0.211946276162
887,0.0576000000002,50.1932291667,39.3998001814,0.772190975,0.359270795016,-0.0263286612089,-30.5078125,36.2644614577,0.738212273725,0.3613655027,-0.0435262576029,-26.9958333333,44.184227705,0.933786582984,0.205500902608,0.0717027249739,-100.271875,36.5981988311,0.582417456758,0.396699551959,-0.0208309374648,69.7182291667,38.072273314,0.537973565152,0.408107551513,-0.0407947549252,174.355729167,33.9421835542,0.435985660652,0.358563317452,-0.0276705496235
888,0.0575999999996,-200.4921875,37.3757717013,0.63121244698,0.498545006849,-0.0733598027728,-46.7614583333,33.5384302735,0.500257547843,0.548461438622,-0.146597397274,-44.6588541667,39.4218044281,0.616508757365,0.394807695644,-0.0268555454422,-144.5640625,34.5735827088,0.456059078975,0.588882100768,-0.137908153472,-150.327604167,37.027587533,0.482244949165,0.563671117648,-0.121798920771,-54.9197916667,33.9007668495,0.433133821893,0.471988611855,-0.0647697521417
889,0.0576000000002,85.5765625,38.0591621995,0.678812264593,0.260407953341,0.00307041593146,119.424479167,36.1872888803,0.731475894624,0.359301046468,-0.0345448157805,-0.933854166667,40.9431426525,0.717861966815,0.27942213323,-0.000446419857326,119.390104167,35.2963873744,0.501170062727,0.30024629354,-0.0373175740751,-148.832291667,42.6216581464,0.780659858879,0.218277561362,0.0225087762155,53.9572916667,38.2612525821,0.733384706756,0.234076175024,0.0498786364278
890,0.0576000000002,-190.701041667,36.8027459979,0.591299806925,0.338211561786,-0.0286730044572,-77.5729166667,33.8138477206,0.524298682627,0.449210624211,-0.120719486382,-177.140104167,39.5172419548,0.622866909338,0.344790447038,-0.067099043481,-108.00625,34.1100669503,0.42713058301,0.54708498111,-0.170741206734,-170.952604167,36.8347898126,0.471960181897,0.477719128598,-0.114068898751,-14.0020833333,33.5382696986,0.408173279194,0.44871072052,-0.0990661609867
891,0.0576000000008,-173.605208333,38.1166008115,0.682813004231,0.313773381407,-0.0123229987357,-134.9390625,34.8694288135,0.616440148597,0.422936997842,-0.0948584291436,-170.797916667,39.2358953357,0.604123291148,0.345338684041,-0.0768433434823,-106.109895833,33.5324220061,0.391079167001,0.537727814633,-0.180809651327,-209.4640625,35.2471730113,0.387268987031,0.55898947973,-0.201054021658,-193.181770833,32.4533423185,0.333468205984,0.488293736242,-0.15639861254
892,0.022938409601,-236.5,37.3368164063,0.628499115516,0.421825908422,-0.062827066537,-195.814666667,33.091499176,0.461245020249,0.529633506536,-0.184250465333,-128.817333333,38.5567753601,0.558879578724,0.353561892509,-0.0389574937196,-23.5106666667,33.3831237793,0.381761310869,0.60487803936,-0.206146284938,-158.722666667,36.0609375,0.430679139174,0.563364486694,-0.162689933255,-58.2266666667,32.4906787109,0.336039085823,0.532726701498,-0.14441190064
893,0.0575999999996,-220.607291667,36.4606233239,0.567470126929,0.334201651858,-0.0196434553578,-94.8692708333,34.3645763993,0.572371680668,0.406071087345,-0.0899006682739,-179.809895833,38.6319206357,0.563885838827,0.341240263078,-0.0670502528756,36.8729166667,34.4603074789,0.448989455188,0.47732561687,-0.132464205104,-116.628645833,36.4324249625,0.450496085589,0.484576549847,-0.130113438612,-50.5369791667,33.3810409009,0.397346942744,0.425193199422,-0.0841927303827
894,0.0575999999996,257.915625,40.2474958301,0.831235047717,0.266360097332,-0.0218474207431,251.034895833,37.1691153646,0.817179335313,0.271898629609,-0.0348079453724,250.6453125,40.4966640472,0.688117075857,0.215904527693,-0.0219795812864,257.526041667,38.6113325357,0.708059205032,0.322202313459,-0.0325578074899,265.1859375,40.8339803219,0.68529643688,0.283660737099,0.00632290841077,272.066666667,36.5804677606,0.617650552151,0.281814309536,0.00618772637858
895,0.0575999999997,-166.724479167,36.5765423179,0.57554416803,0.36914542946,-0.0547901107857,-181.5515625,33.8110175729,0.524051639588,0.417503822595,-0.124770933153,-162.8515625,38.7221249342,0.569895347437,0.359403255396,-0.0701225486118,-22.7619791667,33.5545055866,0.392457426008,0.516838505398,-0.156461121866,-75.4416666667,36.0363616943,0.429368146279,0.46092536347,-0.112786271307,-82.3223958333,33.2025563717,0.385056995905,0.431997809792,-0.0990893854396
896,0.0575999999996,-158.5890625,37.2448989749,0.622096841882,0.434135886841,-0.0779296567962,-194.396354167,33.8788440228,0.529972197056,0.462606849149,-0.119802504639,-130.688020833,39.619407773,0.62967330742,0.354900738806,-0.033619154121,-10.8052083333,34.6748683453,0.46238041988,0.508478387725,-0.140035904671,-79.9505208333,36.7311276197,0.466430336808,0.514397492167,-0.126321103518,-50.7375,33.5449991822,0.408636652664,0.414354173467,-0.0704667350656
897,0.0576000000002,-145.016666667,37.6004262567,0.646860185554,0.428638570942,-0.0947432768007,-38.9927083333,34.6390860677,0.596333575624,0.449281838955,-0.120084390306,-78.2489583333,39.6428538561,0.63123531101,0.340401410824,-0.0543125864569,4.22239583333,35.445391655,0.510469573369,0.543645330239,-0.18513574078,26.1192708333,38.8637853265,0.580196662082,0.488482879708,-0.13748869214,167.830208333,36.3348778486,0.600739915838,0.321028623031,0.00666502293973
898,0.0576000000001,226.130208333,39.0116145015,0.745152894117,0.408784477506,-0.0847300750138,84.5510416667,35.2320589423,0.648094061219,0.380347405793,-0.0950735756414,170.01875,39.3262592554,0.610143433899,0.344326310325,-0.0830315676449,163.6765625,36.8539363146,0.598378296543,0.489151139744,-0.151656915461,76.6046875,37.8261758089,0.524845528371,0.532808850985,-0.171150913884,44.8192708333,34.3665522337,0.465206504235,0.431857081829,-0.10283211965
899,0.0576000000002,172.144270833,37.8014751077,0.660863729158,0.36242648866,-0.0432909302554,80.6265625,34.3330663145,0.569621171557,0.363437289139,-0.0618269787262,66.8135416667,39.1430746317,0.597939474755,0.277674595593,-0.0332344411618,115.167708333,36.1281142831,0.553078995875,0.425298772752,-0.101277031848,109.249479167,37.8662844896,0.526985120301,0.377091047587,-0.0702524459612,231.996875,35.4624816179,0.540669144763,0.299091340508,-0.0205035591644
900,0.0576000000001,-204.714583333,37.9554999471,0.671591935481,0.470960573759,-0.0647068844228,-7.0296875,34.6673377156,0.598799656417,0.482483699918,-0.0911080418591,100.982291667,41.0345217586,0.723949742384,0.30949229165,0.00479285320216,-26.60625,35.9158234,0.539829703178,0.474451560527,-0.0870563158678,94.0328125,38.1671233177,0.543033325253,0.443230163772,-0.0660727475552,97.246875,34.8113221526,0.495832120257,0.38349774573,-0.0286787852165
901,0.0576000000006,114.205208333,36.8124924302,0.591978669744,0.323001350276,-0.0369959986856,-57.9447916667,34.7455784678,0.605629276289,0.402857183013,-0.104720713425,-31.4473958333,37.811329186,0.509217142712,0.358698162017,-0.0932729142296,44.8192708333,35.0071374774,0.483117678694,0.479428251041,-0.158986184862,60.9984375,36.193644166,0.437758357598,0.457786514467,-0.150609007076,13.0338541667,33.5043029487,0.405834423539,0.395186187234,-0.0960712548695
902,0.0576000000001,-42.4072916667,38.0161967278,0.675819614528,0.398167878855,-0.0730934535786,-36.575,35.2435942292,0.649100974144,0.392549252836,-0.0805218823425,35.028125,39.656899929,0.632171075688,0.329706854885,-0.0389541865097,136.772395833,36.0086970925,0.545626045999,0.477536809631,-0.108652572817,61.5713541667,38.6116797328,0.566748124661,0.447726971935,-0.0828238522517,137.6546875,34.9366938472,0.504464865446,0.372276082402,-0.0353262745314
903,0.0205567793195,-71.8507246377,38.8691202247,0.735227819646,0.134236087294,0.10875215681,-8.99130434783,33.1194160296,0.463681876903,0.190475307891,-0.0131929600409,30.3855072464,37.5054039333,0.488836069188,0.188621846878,0.0143500147792,-32.1869565217,35.6576675747,0.523717932188,0.213531220899,0.0045245586611,-32.1869565217,37.1092111339,0.486599148668,0.402575154667,-0.124401474453,231.605797101,35.8088780279,0.56452103535,0.332825884871,-0.0295482206199
904,0.0575999999985,-163.716666667,40.2005247474,0.827963397065,0.248567026574,0.060405007127,28.634375,37.1083384156,0.811874127396,0.396613401361,-0.0540999441828,-33.653125,40.4672900438,0.686160147758,0.301317734644,-0.00960700028554,-59.0677083333,36.2350607514,0.559753635133,0.387611606391,-0.0620817889358,-113.288541667,37.964071691,0.5322015648,0.432390092639,-0.0673570456997,77.1432291667,34.9057984352,0.502337493555,0.392833711579,-0.0386435984892
905,0.0572496273826,-196.327083333,37.3826076388,0.631688586726,0.39013963379,-0.0435271382066,-182.955208333,33.9294732809,0.534391615042,0.390065101907,-0.0711914974418,-144.4265625,40.4740731716,0.686612047119,0.303631102201,-0.0165699727322,2.79583333333,34.6491264105,0.460773839214,0.524390071165,-0.118981565451,-168.666666667,35.4132139087,0.396126415338,0.513776570559,-0.12807613115,-10.8052083333,33.5544787049,0.409289386157,0.425855795387,-0.0697534404026
906,0.0576000000002,-192.305208333,37.9198775887,0.669110751204,0.374974636827,-0.0476181819013,-45.7359375,35.7204082608,0.690721977177,0.405673241243,-0.0979024174594,-77.5213541667,39.0990681648,0.595007716003,0.300857352093,-0.0423866581077,136.302604167,34.8090789914,0.47075664456,0.482867519371,-0.146908459545,-93.8036458333,38.1082693934,0.539893770945,0.447906203335,-0.12275728098,75.5390625,33.6080456376,0.412977855727,0.389501922764,-0.0700635689536
907,0.0575999999996,-175.547395833,36.5843396187,0.576087269079,0.341610840522,-0.0823711001813,-56.4494791667,33.7414821386,0.517981905209,0.347857845481,-0.109483808385,-142.117708333,37.8887688518,0.51437625759,0.262629523175,-0.0782563967659,-17.2046875,33.7297056317,0.4033918413,0.403521326371,-0.170545642216,-97.0578125,35.6472949982,0.408613438119,0.399467700394,-0.157749599399,22.5270833333,32.1991803646,0.315967322769,0.377735845046,-0.164233166583
908,0.0576000000001,256.85,37.5540156364,0.643627572483,0.276709426893,-0.00923905520494,256.173958333,35.5884940624,0.679207212745,0.29522990901,-0.0532569397037,256.173958333,39.0075284243,0.588909238788,0.235946251545,-0.0269407136993,264.796354167,36.166834116,0.555495540532,0.338852404617,-0.0628651429297,264.1203125,37.6153535247,0.513599243285,0.330233245622,-0.0475151341088,272.066666667,34.0962081552,0.446591365056,0.267012837343,-0.00795639851731
909,0.0302925615353,150.559803922,33.3706581452,0.352246503934,0.239357886357,-0.0901513838154,-46.437254902,32.0183282179,0.367568138398,0.284613166443,-0.0905736869009,-89.3049019608,36.6062151965,0.428931136205,0.258948685273,-0.0874350174905,104.41372549,34.2122453802,0.433507644073,0.326614166007,-0.136681685505,-32.7519607843,36.3529811186,0.446258164914,0.58816612468,-0.25054355897,177.250980392,33.9243269528,0.434756104887,0.52493419542,-0.196506999779
910,0.0576000000006,-53.3041666667,38.5194999576,0.710875913975,0.344768385403,0.00780066838706,71.70625,36.2955971956,0.740930106161,0.399788752664,-0.0903292677031,-30.3932291667,39.590141356,0.627723546843,0.341984612402,-0.0321183348906,9.4875,35.2273325324,0.496860278904,0.519128437154,-0.140780223883,-108.705208333,37.2881579995,0.496145044035,0.50438026269,-0.115344457728,28.9666666667,33.5774968266,0.410874349814,0.479445869569,-0.122163197488
911,0.0576000000001,-131.140625,37.1239598393,0.613673135656,0.395913145971,-0.0655315351578,-97.4760416667,34.8175173402,0.611908806306,0.434977701865,-0.103271884778,-124.322916667,39.3323478699,0.610549064026,0.365755912615,-0.0696417896979,-31.7739583333,34.2109253407,0.433425259047,0.594423245639,-0.199501308147,-180.199479167,35.7533602715,0.414271475197,0.60444028303,-0.198376821412,-112.165625,32.5305947661,0.338787594046,0.547245472204,-0.166455429158
912,0.0575999999991,-184.8171875,36.682741344,0.582941189626,0.404420793988,-0.0698675168205,-104.545833333,34.547921598,0.588375846994,0.492958867457,-0.142902974316,-148.717708333,38.7623935938,0.572578089397,0.375814129133,-0.0713190140323,15.7666666667,35.4849922657,0.512941088279,0.428193251137,-0.0830925994742,-89.753125,39.0881193876,0.592163731007,0.42943682801,-0.0407935334379,29.7859375,35.2160369754,0.523699654084,0.391268228646,-0.0192919108686
913,0.0575999999996,-46.3145833333,39.8481216431,0.803417659985,0.291662527248,0.0553937113327,-93.0130208333,35.4256039262,0.664988564792,0.406936230836,-0.0650597522126,-134.601041667,40.0664733052,0.659457300089,0.308089188766,-0.00391218685581,-7.93489583333,35.1177954674,0.490023957839,0.481430120301,-0.104186104523,29.7859375,36.767444253,0.468367642497,0.450669367332,-0.080703004438,152.871354167,33.3974099159,0.398474067457,0.384860964492,-0.0505719361136
914,0.0571273120163,-119.997395833,38.3924990892,0.702029993253,0.370914478553,-0.0223494411075,-220.607291667,32.8475635052,0.439951923521,0.515990433749,-0.156879010552,-124.208333333,39.1218727827,0.596526984484,0.353635817068,-0.0490305737585,-49.3453125,33.0447931886,0.360645750181,0.602618205361,-0.198634541826,-162.398958333,35.3691535592,0.393776022195,0.606261948589,-0.201894905447,-96.834375,32.2265514433,0.317852018905,0.528297131415,-0.147641561285
915,0.0576000000001,202.480208333,36.398778677,0.563162496194,0.220399160404,-0.025518024609,154.515625,34.8860383034,0.617889987705,0.277052168269,-0.0642742349701,203.259375,38.9942309856,0.588023348944,0.195951277041,-0.0296726986144,179.706770833,36.6901917458,0.588158829327,0.296147924557,-0.0620004705961,163.138020833,37.5623475909,0.510771649207,0.276077411836,-0.0544678592123,215.955208333,34.1258221865,0.44863050465,0.247109568532,-0.0346779080564
916,0.0576000000001,-121.20625,33.5402725339,0.364060560445,0.477821614128,-0.154693578603,-225.84375,33.2650955319,0.476398212012,0.293140981114,0.00019519007401,-103.027604167,32.7684141099,0.173252647943,0.643450777046,-0.328129806556,-127.594270833,31.6306140423,0.27238537289,0.556385331787,-0.207901252899,26.4229166667,33.7409479618,0.306919623711,0.722388235852,-0.314247402712,225.769270833,30.4617047012,0.196329594918,0.664181291126,-0.286991291679
917,0.0575999999996,-79.1770833333,35.8688255548,0.526249966644,0.336051387247,-0.0668566110426,-105.5828125,34.4967581034,0.583909795615,0.39657663391,-0.130280138197,-129.421875,37.996863544,0.521577643716,0.351425764384,-0.103416433092,154.515625,34.7820286155,0.469068402732,0.441716503352,-0.161710225453,-38.7177083333,36.8479276299,0.472661016917,0.462154798326,-0.142702825076,22.6244791667,33.3601856828,0.395910910592,0.406957830302,-0.121332217306
919,0.0576000000002,-100.346354167,35.5568773746,0.504522013853,0.396632784279,-0.0793641828109,-181.838020833,33.5495915413,0.50123181271,0.498666065745,-0.165366523201,-166.535416667,38.4449439645,0.551429249348,0.395875715185,-0.110303368892,-113.380208333,33.9636528492,0.417992728135,0.546766027343,-0.190307578305,-162.072395833,35.9009228945,0.422143182559,0.540416123578,-0.183626699538,-48.1536458333,32.9897310436,0.370402437444,0.48511090572,-0.150688842652
920,0.0576000000008,-40.21875,39.0017613173,0.744466595767,0.291793653509,0.0372514982582,42.3041666667,35.0267108083,0.630169262989,0.399324765429,-0.109379985399,123.348958333,38.8484840393,0.578313528642,0.361064743949,-0.0466237639321,-2.61822916667,35.7486608624,0.529396917011,0.521896493156,-0.143580915756,32.4270833333,38.7658909559,0.574974500659,0.458401018754,-0.083076381746,89.7072916667,33.9154535532,0.434145107343,0.491945906077,-0.128319803058
921,0.0576000000008,179.414583333,38.6026807427,0.71666965886,0.312748847995,-0.0350559953536,130.097916667,35.4743111134,0.66924020558,0.321175481426,-0.0525688318521,117.0125,39.5291504264,0.623660264685,0.259449732723,-0.0283418614436,209.171875,36.2921257615,0.563315121195,0.396815324901,-0.0841502684685,194.344791667,37.9011055827,0.528842646612,0.3571688456,-0.0521122348709,256.173958333,35.3492595553,0.532872989343,0.280427071033,-0.00524680958733
922,0.0576000000001,171.571354167,36.6003350019,0.577201386598,0.289953009458,-0.0398402581673,115.9984375,35.0341343284,0.630817260597,0.334829675499,-0.0780490348952,187.366666667,38.9409309626,0.584472443356,0.25535863312,-0.0362770066386,250.358854167,35.739661634,0.528835265892,0.358365140157,-0.0885066813789,221.380729167,37.562507689,0.510780189616,0.344921567012,-0.0619339139048,256.173958333,34.125875473,0.448634173813,0.283258411102,-0.024927284433
924,0.0576000000002,111.7359375,36.8156434894,0.592198148711,0.405905978056,-0.0907504857532,98.175,34.0142289996,0.541789925057,0.397979731206,-0.104101852095,78.7359375,38.9063237906,0.582166875865,0.312295188196,-0.0631248066138,133.294791667,34.8824061751,0.475333069632,0.452862470644,-0.129128389235,160.4796875,38.3757292032,0.554161376862,0.408041691175,-0.105126070921,208.495833333,33.8410318494,0.429020636403,0.360359211219,-0.0641256110133
925,0.0576000000006,-107.330208333,36.9658492208,0.602660344831,0.486226079985,-0.119444085811,-116.628645833,33.9898221493,0.539659455892,0.498561738059,-0.134341274039,-52.3817708333,38.9118249416,0.582533368541,0.366840487113,-0.057950201739,-20.1265625,34.9648659229,0.480479467434,0.528812003322,-0.142006069524,-93.9755208333,37.3195345402,0.497818821182,0.493885125965,-0.0945435441554,-69.6265625,33.8678950667,0.43087036262,0.443089687731,-0.074444167708
926,0.0576000000001,-172.929166667,36.6530204415,0.580871056167,0.462004897185,-0.112673184747,-106.161458333,33.7997484803,0.523067962715,0.42594011873,-0.120306775148,-188.243229167,38.3401616812,0.544448539512,0.349133713171,-0.0702930601183,17.4453125,34.1886818409,0.432037019314,0.496238043997,-0.154996499623,-18.8546875,36.1856865883,0.437333861735,0.436031884281,-0.113728633453,161.883333333,33.8697910905,0.431000917527,0.363367068581,-0.0518746963289
927,0.0190697066141,-236.5,36.1985469818,0.54921586949,0.458231528103,-0.108590858406,-169.198333333,34.3394853592,0.57018148871,0.453047907352,-0.132277645729,-236.5,38.6200428009,0.563094524536,0.387201318145,-0.071270848834,13.9333333333,34.1516653061,0.429726779245,0.586172863841,-0.165721675381,45.375,35.4875988007,0.400094466934,0.47732437104,-0.126716072921,221.21,33.8669446945,0.43080492264,0.390270368755,-0.0651073858942
928,0.0311343456402,110.45047619,37.0607177734,0.609268171275,0.337261449013,-0.0188278825688,-101.095238095,36.1802845546,0.730864488409,0.406911318643,-0.0710577956002,-44.2095238095,40.1420151847,0.664489982373,0.387681440796,-0.0629981306648,-17.3485714286,34.5753292629,0.456168083211,0.549138052974,-0.150444806021,-236.5,36.6503604344,0.46212182267,0.566284831933,-0.163457822108,65.1619047619,33.4204289028,0.400059090684,0.574323610749,-0.184512569995
929,0.0359925099193,-180.354166667,41.3345491409,0.90695096632,0.064721506834,0.0987062137807,-157.290833333,28.8519399643,0.0911747305428,0.0281689121068,-0.204684442282,-140.259166667,34.0984295845,0.261859727422,0.0297894971183,-0.0984493274125,-157.914166667,30.5068172932,0.202248060134,0.0426761311945,-0.244117936492,-146.281666667,32.385745573,0.234626542976,-0.134432438505,-0.213071380835,-146.281666667,30.0270554543,0.166400860139,-0.00408260389231,-0.10981621536
930,0.0576000000006,251.424479167,36.9836075306,0.603897254493,0.223186636111,-0.0010388149044,223.9015625,36.1979701519,0.732408260717,0.244631395442,-0.0306160327491,244.54375,39.8542896509,0.645321393943,0.199182682903,-0.0165189708496,243.478125,37.3478668928,0.629205012738,0.283527392196,-0.0267527720989,251.424479167,38.6863952279,0.570733812235,0.275821983581,-0.0103590991325,249.293229167,35.4838441014,0.54214010579,0.259468814591,-0.00129923815257
931,0.0474875375678,-77.2006289308,36.4581809134,0.567300007069,0.362823892877,-0.0495265626551,-210.224528302,33.0562194248,0.458165457708,0.385271265259,-0.116147750756,-134.033962264,39.3110665375,0.609131278487,0.339553489438,-0.051022775871,-31.4641509434,34.2584270981,0.436389892662,0.519115762891,-0.145795800341,-138.378616352,36.2470377076,0.440606628564,0.513175236167,-0.114908630081,-88.4012578616,33.4632217839,0.403005689118,0.475991201851,-0.103949620555
933,0.0576000000007,-190.173958333,36.3123672605,0.557143729943,0.388963618781,-0.0971733564511,-167.9390625,32.8811019063,0.442879483958,0.426652412396,-0.14125540679,-162.272916667,37.3670931458,0.479621653888,0.343208425213,-0.0965089454767,-75.7796875,34.1789616346,0.431430371228,0.51340237679,-0.173726376495,-140.565104167,35.7132521868,0.412131915064,0.474591478473,-0.132587577078,-86.1953125,33.0040174723,0.371386161074,0.44483843958,-0.0943119356816
934,0.0331974059795,-236.5,36.0900610874,0.541659561927,0.44571735906,-0.0885788161295,-169.583333333,34.2691106294,0.564038492391,0.466954248516,-0.120589615777,-35.75,37.7007132078,0.501847785775,0.313331327548,-0.0343087734532,44.55,34.2535496762,0.436085487736,0.515926746946,-0.157626572506,17.7833333333,38.0951342332,0.539193077668,0.430108898564,-0.0962896540173,231.916666667,33.8344822934,0.428569652245,0.374885795148,-0.0568804544715
935,0.0497504551166,246.686666667,37.7907847318,0.660119118362,0.18786246526,0.0412169813221,194.806666667,34.7143810966,0.602906063887,0.227612719075,-0.0143294022842,196.38,41.0700637817,0.726317590678,0.206250907887,0.00908421309115,229.766666667,37.293835796,0.625832876328,0.256015769562,-0.00632564131679,179.46,38.5535316467,0.563646223192,0.308285928043,-0.0484851057684,272.066666667,35.474796642,0.541517122967,0.268338904056,-0.0126247478289
936,0.0575999999996,99.7677083333,36.5597992539,0.574377972727,0.353555925656,-0.0975299934464,34.2546875,34.5478676558,0.58837113839,0.366364292102,-0.112042999122,104.219270833,38.5813990831,0.560520037971,0.299390678061,-0.0749379285662,194.396354167,36.6717928052,0.587010532493,0.399378650589,-0.113260954597,140.8515625,37.7811008096,0.522441008875,0.400867848424,-0.0935326211402,199.145833333,34.4497062564,0.470932258297,0.360648234142,-0.0633664950676
937,0.0575999999991,-223.414583333,35.758033514,0.518533030353,0.522828347515,-0.15968848925,-175.146354167,32.9674082398,0.450413146838,0.54528309172,-0.182526859571,-62.0182291667,38.4471353889,0.551575244426,0.425034422893,-0.0803961624188,-125.3484375,33.393484652,0.38240794361,0.596077834256,-0.208073899266,-152.590625,35.7807311416,0.415731570412,0.590886679478,-0.210915349307,-2.61822916667,32.2631081641,0.320369212727,0.416649598395,-0.145523072533
938,0.0575999999986,-107.330208333,36.6564655304,0.581111015022,0.500871269498,-0.137487279466,-214.064583333,33.1854117811,0.469442633072,0.484548793174,-0.14575609778,-89.9822916667,38.740121603,0.571094305115,0.3720351886,-0.0702934942165,44.7791666667,34.610994041,0.458393958751,0.531752939336,-0.154657469626,-26.5145833333,36.2701222897,0.441838072343,0.51867794292,-0.155047736509,-5.3796875,33.7255666852,0.421070027263,0.417544824071,-0.0980552092224
939,0.0540173257594,72.2577777778,40.9685358047,0.881457243342,0.218110177914,0.064328163936,-117.345555556,29.8649557432,0.179600678628,0.106368083443,-0.118664052128,-104.243333333,37.1699478785,0.466487621461,0.113799724511,-0.0354353972245,-147.063888889,33.2995532036,0.376545585151,0.140093318164,-0.118289985978,-98.9816666667,37.8148145676,0.524239464551,0.185402984517,-0.0435523729037,-100.173333333,38.8724352519,0.775469040629,0.15226582773,0.0817503139842
940,0.0576000000002,188.5296875,37.9228951931,0.669320934719,0.319617117289,-0.0275430141783,150.253125,35.0584343076,0.632938401003,0.341061346466,-0.0618633824597,134.360416667,38.7662917376,0.572837787981,0.273033615667,-0.0402221149488,213.434375,36.2382921576,0.559955310523,0.376448370051,-0.0827875628438,194.344791667,37.3434873223,0.499096578975,0.372494954616,-0.079621410332,210.2375,33.9498739839,0.43651520219,0.295791852288,-0.0303323713833
941,0.0576000000006,-193.370833333,35.7998241186,0.521443848051,0.451970584225,-0.124829683722,-166.386458333,33.7339517474,0.517324578841,0.450571562862,-0.117582203195,-130.338541667,38.7967870831,0.574869421118,0.3592374078,-0.059884115828,-101.75,34.332452178,0.441009874153,0.575654956512,-0.186626991956,-201.517708333,35.7387269735,0.413490863979,0.58521094732,-0.188467349552,-122.054166667,32.8960556984,0.363952214463,0.522709645797,-0.140726990052
943,0.0576000000002,151.1125,37.6504147649,0.650342007266,0.289266323438,-0.0232596378273,151.31875,35.3669103384,0.659865213059,0.319085873663,-0.0597718001773,201.128125,39.8624087572,0.645862297647,0.25023147068,-0.0329179269011,235.531770833,36.3644385338,0.567828235803,0.325188081944,-0.0498974392576,230.003125,38.8813827634,0.581135394877,0.282191563165,-0.0222626425748,265.1859375,35.5198134184,0.544616852627,0.246783404611,0.00773934148856
944,0.0153035454053,-220.452941176,35.8221825992,0.523001170845,0.337486878037,-0.0764345670228,-171.190196078,34.4354710298,0.578560059021,0.332420947797,-0.0929504147292,-130.705882353,36.9487208198,0.451749233864,0.357680182247,-0.128412302474,-130.705882353,33.8373179716,0.410108038286,0.449214223553,-0.201806060532,-190.537254902,34.9355080548,0.370643263784,0.485255398295,-0.19262442431,-135.990196078,32.0468792635,0.305480293759,0.442103143124,-0.198272872497
945,0.0576000000002,-89.203125,37.0408326983,0.607883127219,0.427339996677,-0.115594152754,-73.1958333333,34.0001293421,0.540559168724,0.426309200237,-0.135762616585,-164.404166667,38.2715330124,0.539876422852,0.376496607438,-0.118802178484,34.4036458333,35.8579573035,0.536218220487,0.499452341115,-0.173624189607,-143.0859375,37.6387190819,0.514845675646,0.531971857185,-0.196176447382,-66.7677083333,33.4084919691,0.399237146728,0.425230351044,-0.110231592397
946,0.0576000000002,-209.951041667,35.9263710976,0.530258154269,0.460096626775,-0.1472482151,-225.84375,32.0776004493,0.372741999821,0.480874611065,-0.175533043337,-205.688541667,36.3531160355,0.412069394438,0.372866163729,-0.114080553292,27.3739583333,33.3991990089,0.382764582511,0.516332459403,-0.189627304382,-143.183333333,35.0736551881,0.378012703168,0.492957200389,-0.150930084928,-189.646875,32.0996036232,0.309110746101,0.465549888322,-0.140647400578
947,0.0575999999996,-236.5,37.2734982967,0.624088854512,0.508048221935,-0.106839376531,-229.957291667,32.9600369334,0.44976970695,0.515730302781,-0.133035927714,-132.131770833,38.1076278687,0.528956883662,0.424666114617,-0.0846123934543,-25.5005208333,34.7340425849,0.466073545133,0.492005924461,-0.125800990183,-75.4416666667,35.7943231463,0.416456633994,0.521637148224,-0.151438168174,-163.9171875,32.9821473062,0.369880242442,0.484041208867,-0.0986751117816
948,0.0576000000008,-176.211979167,39.8938107491,0.806600017828,0.282649039291,0.042627434239,19.3645833333,36.434240818,0.75303228069,0.356531550642,-0.0505032384317,92.0390625,39.5482704639,0.624934062411,0.355566173559,-0.0372822686622,-38.190625,35.6847599745,0.525408796768,0.486818027217,-0.112739178636,-122.518229167,38.2697976828,0.548510474809,0.451690158341,-0.0975716020112,35.509375,33.2864578962,0.390834220859,0.482338237111,-0.120280272695
